"","ensembl","tissue_r5_TMM","nCPM_5_TMM","nCPM_brain_TMM","nCPM_ratio_TMM","tissue_r5_DESq","nCPM_5_DESq","nCPM_brain_DESq","nCPM_ratio_DESq"
"1","ENSG00000028137.18","female_heart",12.7869584753613,3.51336899713021,3.63951480354211,"female_heart",13.8142402215667,4.0937383819515,3.37448047058186
"2","ENSG00000173369.15","female_heart",13.2137189150728,2.24233216321928,5.89284635515466,"female_heart",13.0492768226138,2.53508035568963,5.14748054961119
"3","ENSG00000169442.8","female_heart",1.11058614638805,0.132458312002107,8.38442019682679,"female_heart",1.01198618614421,0.168856657303087,5.99316723608806
"4","ENSG00000142694.6","female_heart",8.31801450031066,1.78868380298688,4.65035490701074,"female_liver",7.86990991326367,2.10938250631527,3.73090697855983
"5","ENSG00000163874.10","female_heart",1.57557173463433,0.313768444232324,5.02144738770393,"female_muscle",1.62330800314356,0.374080601938307,4.3394605192901
"6","ENSG00000132854.18","female_heart",5.87410986500851,1.6934329661758,3.46875842288209,"female_heart",6.36848696057095,1.99875277613894,3.18623045160852
"7","ENSG00000117228.9","female_heart",7.96918787454027,1.03354012308797,7.71057426462579,"female_heart",8.15563507222147,1.37557045573713,5.92891119332095
"8","ENSG00000162645.12","female_heart",2.3369487806512,0.2037934450661,11.4672421377106,"female_heart",2.3348607903051,0.259385461560296,9.00150986204115
"9","ENSG00000184371.13","female_heart",8.61662178772841,2.75236725806232,3.13062210811015,"female_heart",9.70239510685984,3.22007589526576,3.01309516372721
"10","ENSG00000183508.4","female_heart",20.2842101260241,2.89658984851172,7.00278989669394,"female_heart",22.5964687873866,3.5101449471244,6.4374745566841
"11","ENSG00000183598.3","female_heart",3.48647977019803,0.0717651643211854,48.5817848140676,"female_heart",3.75280851283924,0.0805810294578822,46.5718611202497
"12","ENSG00000143382.14","female_heart",23.0594358039533,1.28042070476101,18.0092650159522,"female_heart",26.4993869809715,1.64876360332028,16.0722779952244
"13","ENSG00000160789.19","female_heart",127.409676492164,34.7255921849209,3.66904258431883,"female_heart",133.816790028752,39.4563396784684,3.39151556173815
"14","ENSG00000158869.10","female_heart",10.6322396018503,1.96041234012266,5.42347106486029,"female_heart",8.64498627841218,2.25366382521848,3.83596975807787
"15","ENSG00000235750.9","female_heart",11.4669235736236,1.46211545342208,7.84269364418882,"female_heart",11.7784506687637,1.7929653556489,6.56925725399803
"16","ENSG00000153029.14","female_heart",5.44378076207948,0.413552473054273,13.1634583681115,"female_heart",6.22236180855965,0.498988613825816,12.4699474820716
"17","ENSG00000116701.14","female_heart",2.26505173353806,0.559062042592662,4.05152122836642,"female_heart",2.37612556546933,0.656851633794122,3.61744638091908
"18","ENSG00000081237.19","female_heart",9.84974861703539,1.26549918869232,7.78329113526611,"female_heart",10.0709515715297,1.46428502253917,6.87772627358162
"19","ENSG00000203710.11","female_heart",2.29731598449034,0.182638605971653,12.578479627943,"female_heart",2.23708248069253,0.20336667827144,11.000241040996
"20","ENSG00000115956.9","female_heart",6.92296131774035,1.94093849080743,3.56681128769846,"female_heart",7.0742611904757,2.26590034719281,3.12205309436485
"21","ENSG00000163219.11","female_heart",5.08517660486725,1.25251057021198,4.05998697799941,"female_muscle",5.05986438150224,1.43741332733063,3.52011789879445
"22","ENSG00000115919.14","female_heart",1.69213074282681,0.201857511914105,8.38279797854068,"female_heart",1.67055708100362,0.223557944150026,7.47259099807492
"23","ENSG00000071967.11","female_heart",56.9820545782135,12.0443270774557,4.7310284926479,"female_heart",62.5996595922258,14.6039471127839,4.28648906413991
"24","ENSG00000115232.13","female_heart",8.45472164886031,2.35212673076154,3.5945008992449,"female_heart",9.20559025220548,2.69356271482758,3.41762610594896
"25","ENSG00000204262.12","female_heart",324.316606676634,36.3945671024259,8.91112692078199,"female_liver",261.330078279137,43.976851685926,5.94244627026748
"26","ENSG00000138449.10","female_heart",83.2140131274777,21.105279281799,3.94280558984314,"female_heart",86.6446387320721,24.3805895713018,3.55383689466069
"27","ENSG00000173559.12","female_heart",14.0383350461226,4.46392881090753,3.14483846870949,"female_heart",16.6334945578222,5.14219525711063,3.23470691526569
"28","ENSG00000064012.21","female_heart",5.05373641050992,1.35401510080077,3.73240771651743,"female_heart",5.48885522925797,1.59185003417691,3.44809819481272
"29","ENSG00000178562.17","female_heart",2.38902023515654,0.178620387370104,13.3748463449833,"female_liver",1.7945462879733,0.217023436065469,8.26890551779829
"30","ENSG00000021826.15","female_heart",3.93678217633367,0.981519478094469,4.01090580899788,"female_heart",4.5273350866805,1.1824884431622,3.82865059938644
"31","ENSG00000115414.18","female_heart",1158.12948144969,187.669189821948,6.17112208215142,"female_muscle",1091.19294980649,223.582094175584,4.8805024115641
"32","ENSG00000135926.14","female_heart",49.21320826816,6.0039135763635,8.19685487511095,"female_heart",51.6722606776132,7.1205597450019,7.2567694855567
"33","ENSG00000144579.7","female_heart",61.4170495964864,18.9901778972442,3.23414819644207,"female_heart",68.8030053675631,22.4180858636541,3.06908474639718
"34","ENSG00000185404.16","female_heart",4.42913113073173,0.840161772390425,5.27175988753926,"female_heart",4.43279522297269,1.01939382267416,4.34846192352256
"35","ENSG00000132170.20","female_heart",3.76408017351853,0.939280032577613,4.00740997675526,"female_heart",3.93082424000805,1.08056810826852,3.6377385283994
"36","ENSG00000010327.10","female_heart",49.4612395368771,13.2556011181876,3.73134640186275,"female_heart",56.2561417949057,15.5037053272751,3.62856108313258
"37","ENSG00000163687.13","female_heart",1.28289418166969,0.164332210863035,7.80671162964476,"female_heart",1.10501526565069,0.195156665174894,5.66219588073206
"38","ENSG00000172340.14","female_heart",37.4021447407882,10.2369745324962,3.65363268435015,"female_muscle",37.1490410619278,11.7805989357463,3.15340852061478
"39","ENSG00000163606.10","female_heart",1.06937219661205,0.15846475524435,6.74832832678217,"female_heart",1.03037311240446,0.186050300125994,5.53814270499261
"40","ENSG00000163840.9","female_heart",21.7954206529446,5.1702685265745,4.21552972363408,"female_heart",23.7306397663184,6.05443555080766,3.91954618513575
"41","ENSG00000065485.19","female_heart",19.0549533159917,3.32021357692251,5.7390745729236,"female_muscle",17.7548191370823,3.88017223185598,4.57578119633874
"42","ENSG00000181804.14","female_heart",11.6874043188081,3.37807346991053,3.45978393392304,"female_heart",11.9834442141517,3.89938004335758,3.07316652414144
"43","ENSG00000121858.10","female_heart",9.27584343229877,2.32757767768402,3.98519178166737,"female_heart",9.6145662570249,2.71536742932313,3.54079751903836
"44","ENSG00000174004.5","female_heart",2.92119139363595,0.724263266083205,4.03332811483546,"female_heart",3.31216148281954,0.830120235248355,3.98997800822023
"45","ENSG00000125089.16","female_heart",13.3418883969755,2.24446579068439,5.94434918649718,"female_muscle",14.8852954122744,2.76899263470489,5.37570783891263
"46","ENSG00000128052.9","female_heart",88.5452962254196,20.5385821833388,4.31116887402524,"female_liver",82.829370961478,23.6490772668987,3.50243563529699
"47","ENSG00000163106.10","female_heart",6.71365810435103,1.5798111307528,4.24965869252477,"female_liver",5.32359021147395,1.73194741296551,3.07375972943583
"48","ENSG00000070190.12","female_heart",1.98388928010395,0.18296694736432,10.8428834206523,"female_heart",1.88502527642185,0.207985518853447,9.06325251302759
"49","ENSG00000164023.14","female_heart",8.16232097662736,0.829801362049891,9.83647575181566,"female_heart",9.24798962774176,1.01944315573758,9.07160892266791
"50","ENSG00000153071.14","female_heart",56.8661532468637,9.49135776507177,5.99136126299351,"female_liver",45.8505745360984,11.2920681463524,4.06042311663778
"51","ENSG00000134352.19","female_heart",231.336224966156,50.670553388346,4.56549631880204,"female_heart",253.097684296159,58.004267062175,4.36343215965237
"52","ENSG00000120708.16","female_heart",120.295733094787,6.10260402395237,19.7121970592608,"female_heart",129.911221324501,7.7507228996765,16.7611747969887
"53","ENSG00000120725.12","female_heart",30.9831266032574,7.17809832502337,4.31634190566156,"female_heart",34.6932741152157,8.24882774844868,4.20584296013943
"54","ENSG00000120306.10","female_heart",38.0628827968477,8.49965103040345,4.47817006377037,"female_heart",32.0038701906487,9.50219583283863,3.36804994904931
"55","ENSG00000170458.13","female_heart",15.9795792140966,1.89414426432647,8.43630525670583,"female_heart",16.9262178722465,2.17816872296097,7.77084791174361
"56","ENSG00000019582.14","female_heart",55.8868928944103,4.44611525722791,12.5698254905913,"female_heart",54.0580487493022,5.46287247643068,9.89553554151836
"57","ENSG00000256235.2","female_heart",11.1745886218402,2.3463682329812,4.76250422451476,"female_liver",8.30175401886734,2.67323109949255,3.10551303269038
"58","ENSG00000134516.16","female_heart",5.78157517234549,1.33360201574932,4.33530776353615,"female_heart",6.27757577743625,1.51672351005002,4.13890582946738
"59","ENSG00000043462.11","female_heart",6.48590015651081,1.59628675390149,4.06311719411227,"female_heart",6.19055074762436,1.82513286713179,3.39183566254705
"60","ENSG00000187837.3","female_heart",196.853667015718,4.10339729747252,47.9733383693969,"female_heart",183.294378422874,4.69742685858475,39.0201665594634
"61","ENSG00000180573.9","female_heart",60.3787476818141,7.64640918337805,7.89635320760324,"female_heart",59.8305414116908,8.54842601735863,6.99901260070539
"62","ENSG00000197903.7","female_heart",59.8209761972322,2.69599785812945,22.188807018837,"female_heart",58.2471377294738,3.08422217351881,18.8855194121827
"63","ENSG00000274641.1","female_heart",15.3118246491851,0.229892897922265,66.6041656248232,"female_heart",16.3497217484918,0.266060362902244,61.4511743506079
"64","ENSG00000204287.13","female_heart",3.74872168254355,0.437090955662593,8.57652539815381,"female_heart",3.81325764286948,0.533220691827654,7.15136846959043
"65","ENSG00000198502.5","female_heart",1.97770735682185,0.313580038661942,6.30686623185839,"female_liver",2.03218403272352,0.386302251933701,5.26060622880421
"66","ENSG00000179344.16","female_heart",2.69255079386741,0.372660602536048,7.22520914618807,"female_heart",2.87877653615594,0.434620489394953,6.62365582479455
"67","ENSG00000231389.7","female_heart",4.49202864151906,0.395167730687443,11.367397418065,"female_heart",4.74886461171268,0.464903927570589,10.2147225052033
"68","ENSG00000135318.11","female_heart",15.1139036605739,4.36582836868676,3.46186390857141,"female_heart",16.3981846376209,4.8269920048684,3.39718495930427
"69","ENSG00000112297.14","female_heart",5.43081360390789,1.74247621193631,3.11672180469709,"female_heart",6.33699501683307,2.08592345362595,3.03798061516471
"70","ENSG00000135535.16","female_heart",203.040928428414,56.4067197481761,3.59958759053666,"female_heart",204.862684704045,65.6406799814573,3.12097139703483
"71","ENSG00000111885.6","female_heart",55.7188564422111,15.0062436231152,3.71304490594724,"female_heart",62.8031866354451,17.4022805780366,3.60890553130771
"72","ENSG00000118503.14","female_heart",9.81602147975976,2.41906035630958,4.05778278915483,"female_liver",9.19506749053733,2.79587532434334,3.28879739753666
"73","ENSG00000146477.5","female_heart",10.191456655543,2.94636072364836,3.45899827327434,"female_heart",10.8024437244137,3.58175097030272,3.01596727801004
"74","ENSG00000127951.6","female_heart",11.1020621701946,0.68498049506873,16.2078515375546,"female_heart",12.1066999298154,0.820060316991704,14.7631822671623
"75","ENSG00000019991.16","female_heart",16.8796651260034,4.50403443523556,3.74767674819533,"female_heart",17.819540694079,5.42044615963033,3.28746752007113
"76","ENSG00000127954.12","female_heart",9.29107560184728,0.152317946646581,60.9979047538311,"female_heart",9.61931907637708,0.199307057339773,48.2638156659869
"77","ENSG00000205413.7","female_heart",8.38353369866807,1.72521753403125,4.85940673178679,"female_heart",9.09996781113367,2.02513022362742,4.49352229548665
"78","ENSG00000196411.9","female_heart",53.2000284195197,11.6432765558861,4.56916299841947,"female_heart",61.0158228208385,13.9110769267398,4.38613222701358
"79","ENSG00000106366.8","female_heart",6.44383322148065,1.11992819918641,5.75379138248495,"female_heart",7.07862832013785,1.25409518105416,5.64441074894151
"80","ENSG00000105967.15","female_heart",2.29362880577254,0.613721389840086,3.73724762366548,"female_heart",2.46322838040097,0.688942850783776,3.57537403515934
"81","ENSG00000146859.6","female_heart",2.23222412404488,0.592677657678633,3.76633756161474,"female_muscle",2.11083888670892,0.687015020264596,3.07247851130817
"82","ENSG00000038945.14","female_heart",6.91650475831609,0.225935180086301,30.6127835234609,"female_heart",6.5265295328879,0.268720280472591,24.2874468626256
"83","ENSG00000003989.17","female_heart",30.1491711706564,4.18369549390904,7.2063493183359,"female_heart",34.5665687540282,5.04115802755481,6.85687069619489
"84","ENSG00000147443.12","female_heart",1.06404856620313,0.117888277159725,9.02590649247904,"female_heart",1.10384402198878,0.151095245118424,7.30561720273606
"85","ENSG00000221869.4","female_heart",13.8358412190697,2.14631674941543,6.44631843032396,"female_muscle",14.419112550567,2.70701119820861,5.32658031119671
"86","ENSG00000154589.6","female_heart",2.89485371514028,0.357671010309809,8.09362132154016,"female_heart",2.38719174015928,0.393694369307775,6.06356586800221
"87","ENSG00000188921.13","female_heart",6.2487600051799,1.58374946807151,3.94554828977392,"female_liver",6.0178508304181,1.91706742139689,3.1390919084281
"88","ENSG00000137076.20","female_heart",263.629897933928,44.7416923104675,5.89226478302545,"female_muscle",261.799617776157,52.0060679788043,5.03402060472744
"89","ENSG00000175287.18","female_heart",7.75589677474431,2.07512607980993,3.73755447931853,"female_heart",8.34983503681705,2.53054551963318,3.29961858897026
"90","ENSG00000085265.10","female_heart",2.7001306746877,0.215317673913328,12.5402184856157,"female_heart",2.51082396840154,0.273654478624143,9.1751612508783
"91","ENSG00000134470.20","female_heart",1.11758395505988,0.221863129419552,5.03726760721239,"female_heart",1.11096018700011,0.270824204361809,4.10214511519774
"92","ENSG00000260314.2","female_heart",11.788754162248,1.56443744358516,7.5354589667914,"female_heart",12.6055685534566,1.83772790767622,6.85932259112077
"93","ENSG00000128815.19","female_heart",4.92639447793845,0.975417731497907,5.0505484151628,"female_heart",5.61542065831377,1.1135055234152,5.04301104954637
"94","ENSG00000198682.12","female_heart",15.5999162969559,4.81032525348178,3.24300654839597,"female_heart",16.8971418378181,5.60804483944959,3.01301831949626
"95","ENSG00000148908.14","female_heart",15.3526085986025,3.05846095282504,5.01971705227153,"female_heart",13.284992882113,3.37551628410293,3.93569213239438
"96","ENSG00000130592.15","female_heart",4.84537543076477,0.178079306721169,27.2090874564753,"female_liver",4.9970603485362,0.21836115123014,22.8843836020519
"97","ENSG00000148926.9","female_heart",12.4712788826474,3.29771754433347,3.78179110702705,"female_heart",13.6165425251758,3.81970735129678,3.5648130269857
"98","ENSG00000133800.8","female_heart",32.2247019862759,3.61365251385088,8.91748773927788,"female_heart",35.3458980090911,4.63306444677412,7.62905381851563
"99","ENSG00000197629.5","female_heart",8.29880556994766,2.13117096457496,3.89401212192414,"female_heart",9.41167619492556,2.49616044431494,3.77046123632031
"100","ENSG00000110079.17","female_heart",7.3846211722394,0.315557020326137,23.4018598749829,"female_liver",5.71621222469107,0.38430127411521,14.874299435649
"101","ENSG00000149781.12","female_heart",5.14069158568693,1.32676242681641,3.8746134814973,"female_heart",5.71767596271648,1.54573755282067,3.69899531280898
"102","ENSG00000110719.9","female_heart",12.234260086291,3.76193769556383,3.25211661551916,"female_heart",14.1164332288025,4.66268984167303,3.02752996835349
"103","ENSG00000172935.8","female_heart",2.82283975552936,0.342273053737426,8.24733272077823,"female_heart",2.96578623199523,0.410765277396337,7.2201483309253
"104","ENSG00000110092.3","female_heart",78.1446768589003,20.8952027332695,3.73983817512705,"female_heart",82.4132719590249,25.3370348129005,3.25268021959159
"105","ENSG00000165457.13","female_heart",7.72495968124262,2.25281611691998,3.42902362213392,"female_heart",7.70094430327132,2.54841563479609,3.02185569658362
"106","ENSG00000204397.7","female_heart",3.1408154230512,0.572969415172419,5.48164586081102,"female_heart",2.83576359021417,0.757910145685844,3.74155644485805
"107","ENSG00000110324.10","female_heart",7.92193058755942,2.27444385942141,3.48301874093066,"female_muscle",8.50373584619515,2.53172001450911,3.35887688901649
"108","ENSG00000184232.8","female_heart",15.4171530493747,4.28540016516148,3.5975993968334,"female_heart",16.5181463755824,5.23516682384364,3.15522827283178
"109","ENSG00000067182.7","female_heart",36.2058594546731,9.03123536753052,4.00895979135279,"female_muscle",38.9293745214081,10.5943960658131,3.67452512437483
"110","ENSG00000111321.10","female_heart",19.2026643326731,4.89488815685305,3.92300369637426,"female_heart",21.6970327279939,6.0784548507717,3.56949804854425
"111","ENSG00000159403.16","female_heart",27.8383006911267,4.12254949753264,6.75269046685504,"female_heart",31.3639615304517,5.14912150719872,6.09112864914983
"112","ENSG00000177675.8","female_heart",7.08613867856528,1.08679482795679,6.52021752062204,"female_heart",7.31220279843544,1.23154494692224,5.93742259810282
"113","ENSG00000171860.4","female_heart",2.52966345960626,0.654471420693707,3.86520080116706,"female_heart",2.53944147766626,0.747762803171911,3.39605215302805
"114","ENSG00000139209.15","female_heart",2.35193304406689,0.502943722504263,4.67633442635713,"female_heart",2.96561734465727,0.598293741134413,4.95679152356537
"115","ENSG00000123405.13","female_heart",4.89138549492723,0.508241392928778,9.62413837790792,"female_heart",4.57161520562588,0.617770218789443,7.40018710287496
"116","ENSG00000161638.10","female_heart",87.8900052954349,7.17029357988546,12.2575183730258,"female_liver",81.6828142571061,8.44716420572645,9.66985040988456
"117","ENSG00000123329.17","female_heart",2.35348826900184,0.546706022268153,4.30485155301158,"female_heart",2.60523302286698,0.63859352111072,4.07964211465165
"118","ENSG00000090382.6","female_heart",16.3742155120646,0.959981416051465,17.0568046821302,"female_heart",14.0142368259324,1.19569893716557,11.7205396695873
"119","ENSG00000120690.15","female_heart",43.3538310711866,6.38100762170627,6.79419828989232,"female_muscle",42.7562898568874,7.3840613383376,5.79034868452397
"120","ENSG00000133106.14","female_heart",8.63808635396805,1.26369204332764,6.83559447855797,"female_muscle",8.76299104570955,1.48030343899411,5.91972619591031
"121","ENSG00000136167.13","female_heart",12.9816461313353,3.68504769373057,3.52278917676457,"female_heart",12.6669001950651,4.18143587554738,3.0293182944978
"122","ENSG00000169413.2","female_heart",2.92342981088658,0.59140128191987,4.94322535351332,"female_liver",2.77337551434782,0.677724170864778,4.09218917308052
"123","ENSG00000140030.5","female_heart",1.67189479469883,0.111374749438327,15.0114348461419,"female_muscle",1.55262785260987,0.133355759223532,11.6427506517161
"124","ENSG00000100599.15","female_heart",7.09573467376246,1.31433194870615,5.39873863733406,"female_heart",8.03453023930434,1.60090397124296,5.01874589833533
"125","ENSG00000197249.13","female_heart",4.11804222331647,0.515751028134125,7.98455455961891,"female_muscle",3.32621653579056,0.579484387015599,5.73995885017869
"126","ENSG00000176438.12","female_heart",18.284756538341,3.5605582640274,5.13536226132664,"female_heart",21.2514512972644,4.10853598451313,5.17251190627767
"127","ENSG00000104043.14","female_heart",6.0400650364642,1.48205450715238,4.07546754003642,"female_heart",6.18703336635696,1.61941030760404,3.82054710736703
"128","ENSG00000069869.16","female_heart",35.7966048198999,7.33546886838953,4.87993412038826,"female_liver",31.5775026748921,8.43043703509937,3.74565429329725
"129","ENSG00000140368.12","female_heart",1.49863979168432,0.328672227443793,4.55967881235297,"female_heart",1.36791684470254,0.384193765767448,3.56048683395487
"130","ENSG00000182511.11","female_heart",10.855473808313,3.05962455288096,3.54797577960715,"female_heart",11.4874618884647,3.66784371547991,3.13193875736378
"131","ENSG00000103490.13","female_heart",4.72396464376242,0.702423931533673,6.7252330561234,"female_heart",4.06756308178868,0.850688298257924,4.78149645424583
"132","ENSG00000169896.17","female_heart",3.44648971500625,0.886218478764867,3.88898426019018,"female_heart",3.98054893193783,1.01139903350466,3.93568591631395
"133","ENSG00000168404.12","female_heart",4.54540158782181,0.710085645432505,6.40120190720552,"female_muscle",4.41064385521367,0.860317942858086,5.12676027720746
"134","ENSG00000103335.22","female_heart",41.8172075739651,9.21263831685252,4.53911313303916,"female_heart",48.6355695128932,11.481385211616,4.23603673393759
"135","ENSG00000132386.10","female_heart",26.508096097979,3.93536461084571,6.73586788500454,"female_heart",28.4616465599318,4.79562737638631,5.93491619054413
"136","ENSG00000168792.4","female_heart",3.95491480861627,1.13777962466605,3.47599370113266,"female_heart",4.5974894340522,1.31118983219639,3.50634921135019
"137","ENSG00000172716.16","female_heart",9.95037206918514,2.57547937818185,3.86350290880976,"female_heart",10.8314417985703,3.10468557878914,3.48874033253785
"138","ENSG00000126561.16","female_heart",6.06121409138929,1.73804537878483,3.48737390022983,"female_heart",6.88160077306241,2.03357325613776,3.38399452898599
"139","ENSG00000030582.17","female_heart",78.5401211098067,17.6388965497582,4.45266634952192,"female_liver",79.1510313036509,20.2782850380068,3.90324088823592
"140","ENSG00000173868.11","female_heart",9.58202866561774,0.656372670067975,14.5984577094372,"female_heart",10.761167572301,0.768672524852679,13.9996776577431
"141","ENSG00000141179.13","female_heart",20.6638890160565,4.94471747327453,4.17898274830499,"female_muscle",19.3034954958249,5.65527972218356,3.413358214644
"142","ENSG00000271605.5","female_heart",1.54729691042973,0.475953291841175,3.25094276466536,"female_heart",1.71849828964988,0.542450006811227,3.16803072738815
"143","ENSG00000171223.5","female_heart",31.0045184419516,7.24181351865579,4.28131963935279,"female_heart",34.0836378706947,8.11951576821166,4.1977426787117
"144","ENSG00000104903.4","female_heart",5.79253591086631,1.61641933083954,3.58356015691656,"female_muscle",5.64572734146667,1.85033203439231,3.05119688603394
"145","ENSG00000130303.12","female_heart",13.1656890175013,1.49390699858953,8.81292411772063,"female_muscle",10.3602357442457,1.73787671157234,5.96143309548829
"146","ENSG00000126264.9","female_heart",4.59988117063958,0.406113562156983,11.3265884207568,"female_heart",3.49674675814794,0.473429336868247,7.385995091219
"147","ENSG00000011600.11","female_heart",14.1013026912153,1.95306358388342,7.22009401413171,"female_heart",11.4819601904161,2.17639589944827,5.27567626520839
"148","ENSG00000104870.12","female_heart",65.3459492983338,17.6422457005407,3.70394735497483,"female_heart",68.8676935017925,21.4189210414889,3.21527369975333
"149","ENSG00000125844.15","female_heart",104.850546405046,22.6109286742667,4.6371623171929,"female_heart",113.792393087693,27.1988095307103,4.18372697375631
"150","ENSG00000159216.18","female_heart",9.90637470355646,1.8726338280208,5.29007569730094,"female_muscle",11.3431827865134,2.18891635447172,5.18209970122454
"151","ENSG00000221963.5","female_heart",8.69266755506274,1.38522910309882,6.27525622701462,"female_heart",9.50955372396486,1.7291128107123,5.49967223945755
"152","ENSG00000100342.20","female_heart",1.96942434852529,0.545942913319363,3.60738146878962,"female_heart",2.1114534668755,0.671218601129438,3.14570165862898
"153","ENSG00000100368.13","female_heart",4.60044465416868,0.543702407478622,8.46132845999871,"female_heart",4.60366551226629,0.64327313296929,7.15662644111404
"154","ENSG00000128340.14","female_heart",2.31674517028892,0.538968985263294,4.2984758560034,"female_heart",2.34005141757398,0.645961793275775,3.62258486791797
"155","ENSG00000100055.20","female_heart",5.97952440208626,1.22037382047978,4.89974817694422,"female_heart",6.43431334297756,1.38159293557293,4.65717012392607
"156","ENSG00000165168.7","female_heart",21.2494797493478,4.28058352965456,4.96415491068869,"female_heart",23.4875719660439,4.84768731341225,4.84510869772068
"157","ENSG00000130052.13","female_heart",21.3639885334648,4.55199202528835,4.69332732016627,"female_liver",20.854986506228,5.2196963976663,3.99544052323659
"158","ENSG00000102034.16","female_heart",7.74306096660225,0.923375328310612,8.38560521296231,"female_liver",6.82645826715422,1.12710853478582,6.05661128140727
"159","ENSG00000076770.14","female_heart",26.8497970610756,5.43305722222023,4.94193157974938,"female_heart",30.6695331288628,6.4081662207783,4.78600773953361
"160","ENSG00000147257.13","female_heart",129.981444088364,9.00494804414588,14.4344468675602,"female_heart",118.364615903674,11.7157526447706,10.1030313196743
"161","ENSG00000142910.15","female_liver",20.7061834452976,1.65739110824922,12.4932391287959,"female_liver",15.5088234885954,2.14535717235237,7.22901700866438
"162","ENSG00000097096.8","female_liver",5.74331326288516,1.26218768441965,4.55028466350939,"female_liver",4.58408597303864,1.475006125765,3.10784198991793
"163","ENSG00000117226.11","female_liver",4.1004908566065,0.573121369593717,7.15466404526727,"female_liver",3.05419446813856,0.700003363257212,4.36311399123423
"164","ENSG00000069702.10","female_liver",39.7173112483938,3.58350808409146,11.0833603040311,"female_liver",30.0890886197242,4.54049833639957,6.62682516113058
"165","ENSG00000163191.5","female_liver",86.7787406439979,13.0258099817777,6.66206099777258,"female_liver",53.0822854092315,16.4255926539919,3.23168159149076
"166","ENSG00000169291.9","female_liver",13.3225433535,2.75703960378997,4.83219150540534,"female_liver",10.4201715457299,3.24427416573373,3.21186527815329
"167","ENSG00000122176.11","female_liver",15.0892548388292,2.09781238752828,7.19285238686569,"female_liver",11.044049993446,2.77039577875291,3.98645207235244
"168","ENSG00000162772.16","female_liver",10.1116180224438,1.41168761795301,7.16278721570566,"female_liver",7.5108247745752,1.64201257381507,4.57415789278913
"169","ENSG00000116962.14","female_liver",296.78954098509,29.3380253458856,10.1162071232143,"female_liver",221.202386826795,34.6467462725122,6.38450678995768
"170","ENSG00000135636.13","female_liver",28.2365117364401,1.9693285845603,14.338141414194,"female_liver",22.1748512115157,2.37307576652407,9.34435028342816
"171","ENSG00000115602.16","female_liver",1.91953398753505,0.00996146131242904,192.696023939783,"female_liver",1.40698976921376,0.0124070330994795,113.40259657023
"172","ENSG00000168542.14","female_liver",545.684599016475,75.5428166307355,7.22351407260683,"female_liver",417.101693752591,98.444359067232,4.23692832890236
"173","ENSG00000163520.13","female_liver",20.5133807850712,3.87579949957888,5.29268368688836,"female_liver",15.8878311320055,4.59231997544977,3.45965246693191
"174","ENSG00000163513.17","female_liver",80.5361633633371,10.2724552958937,7.840011082407,"female_liver",61.532047304669,12.0658267333701,5.09969591511634
"175","ENSG00000144668.11","female_liver",47.923586312002,10.8533075230149,4.41557435006591,"female_liver",38.1468289232971,12.6710550120069,3.01054875755411
"176","ENSG00000163820.14","female_liver",30.0605106570836,5.06810338723449,5.93131362173863,"female_liver",22.6791350089148,6.01755476165929,3.76882901895873
"177","ENSG00000114854.7","female_liver",3.32387848974912,0.403809574229294,8.23130183600286,"female_liver",2.39616458913366,0.516061201769451,4.64317910534212
"178","ENSG00000144824.20","female_liver",53.2585656306725,7.18234038642668,7.41521046974069,"female_liver",40.2497659416293,8.41137474546833,4.78515904469885
"179","ENSG00000177694.15","female_liver",15.7969754350093,2.66777841408203,5.92139712639701,"female_liver",11.5473286538964,3.1733385566229,3.63885808206521
"180","ENSG00000145012.13","female_liver",94.9700987897432,21.04107749624,4.51355681792979,"female_liver",74.6075473464363,24.7248915926142,3.01750756184197
"181","ENSG00000109610.5","female_liver",4.69868452015465,0.174885837542978,26.8671528018954,"female_liver",3.46275440655451,0.221931072748619,15.6028372398162
"182","ENSG00000138792.9","female_liver",12.3258165388168,1.55447831907642,7.92923026815844,"female_liver",9.31286264694945,1.91765822135746,4.85637249809672
"183","ENSG00000180801.13","female_liver",2.20175294525912,0.426366571829349,5.16399054412821,"female_liver",1.6339407647232,0.530152202179465,3.08202202689349
"184","ENSG00000181381.13","female_liver",21.7659963951515,4.75388425683302,4.5785709578154,"female_liver",17.1209815319195,5.61824828543013,3.04738784441399
"185","ENSG00000145623.12","female_liver",11.7053276874858,2.20058368184322,5.31919225979235,"female_liver",9.71796280125492,2.54855965751267,3.81311960762159
"186","ENSG00000132357.13","female_liver",4.98981255235347,0.83847310558019,5.95107048651336,"female_liver",3.62215139409149,0.955552712481212,3.79063483027129
"187","ENSG00000168938.5","female_liver",23.5273291855336,3.01094854947308,7.81392601001133,"female_liver",16.527861768907,3.65622468515128,4.52047212416409
"188","ENSG00000113580.14","female_liver",76.6995291142393,16.1938564669634,4.73633499659032,"female_liver",58.5883359256366,18.5814555724292,3.15305416721868
"189","ENSG00000087116.15","female_liver",36.7962288984628,5.85672572327121,6.28273042602218,"female_liver",28.7398411694574,7.0824233444385,4.05791065737767
"190","ENSG00000124491.15","female_liver",29.7964158335964,1.50167714604485,19.8420918318394,"female_liver",21.7861087937446,1.84022177495554,11.8388495833721
"191","ENSG00000273542.1","female_liver",2.13062253824854,0.0863038334610089,24.6874611799386,"female_liver",1.5087583126865,0.102250326426412,14.7555354140833
"192","ENSG00000112208.11","female_liver",27.1120232027334,5.24909100025887,5.16508919380447,"female_liver",19.208447597478,6.00857337133115,3.19683998353548
"193","ENSG00000112773.15","female_liver",21.1414574829018,4.49090534740842,4.70761591426147,"female_liver",16.1588543700402,5.07501778067265,3.18399955790864
"194","ENSG00000152818.18","female_liver",159.696506841708,34.6940018651758,4.60300046856237,"female_liver",125.177893251115,40.5142120315378,3.08972794913725
"195","ENSG00000105825.12","female_liver",9.14811420467431,0.639095084448081,14.3141676837877,"female_liver",6.75390206589056,0.791393364241145,8.53419092333024
"196","ENSG00000105851.10","female_liver",2.25997366837055,0.448063334223841,5.04387102391539,"female_liver",1.89382088144113,0.520765786920129,3.63660772079789
"197","ENSG00000106034.17","female_liver",15.4120514314534,1.90769723940672,8.07887704248418,"female_liver",11.6017136022113,2.29295022124201,5.05973199711552
"198","ENSG00000104375.16","female_liver",26.2362254977053,4.63315711247918,5.66271008316107,"female_liver",18.947053635199,5.46935031525212,3.4642238187527
"199","ENSG00000187955.11","female_liver",56.2110232360895,5.44595637330302,10.3216073326708,"female_liver",41.300173292031,7.13379403157731,5.78937001954616
"200","ENSG00000148120.16","female_liver",31.8940803061518,6.69216623963407,4.76588284930229,"female_liver",24.7705756905339,7.75343764600913,3.19478621244654
"201","ENSG00000165507.8","female_liver",30.2265520751594,5.19694925287925,5.81621074294945,"female_liver",20.2308984894263,5.89901568713909,3.42953800471039
"202","ENSG00000122359.17","female_liver",45.7870726036072,7.89201918222408,5.80169302004963,"female_liver",34.1743320636764,9.72339523354338,3.51465010347241
"203","ENSG00000151929.9","female_liver",19.2971697620825,4.06232248858647,4.75028012086681,"female_liver",14.1687386357859,4.66152945095316,3.03950426246664
"204","ENSG00000149090.11","female_liver",8.46936769280848,0.879668377618487,9.6279096853947,"female_liver",6.27893605169634,1.02121545154299,6.14849299646737
"205","ENSG00000124942.13","female_liver",215.141857759556,43.2127860546066,4.97866204432383,"female_liver",168.657283225603,52.5990253683928,3.20647164171507
"206","ENSG00000171631.14","female_liver",1.51904228173389,0.152436674897898,9.9650709565224,"female_liver",1.10083129448186,0.190555743245371,5.77695154044433
"207","ENSG00000196954.13","female_liver",16.4703723088045,2.20490728788018,7.46987068315207,"female_liver",11.5933336736701,2.76980815192966,4.18560890782031
"208","ENSG00000197837.3","female_liver",6.29001434459514,1.50432628656752,4.18128327661369,"female_liver",5.05361802913316,1.68045165537587,3.00729748039244
"209","ENSG00000111341.9","female_liver",12.3434796182767,1.62124777440784,7.61356765642139,"female_liver",7.42002761124848,2.07532550476252,3.57535605581909
"210","ENSG00000177119.15","female_liver",99.5111783352001,16.8783793213782,5.89577805074916,"female_liver",74.8150195186044,19.5024748062098,3.83618080587303
"211","ENSG00000123342.15","female_liver",5.1398726014155,0.631654476001842,8.13715852050815,"female_liver",3.67357314576665,0.844402805128774,4.35049851025355
"212","ENSG00000087303.17","female_liver",56.4103954938524,11.2386246268618,5.01933264672121,"female_liver",41.9876437553933,13.8649132480094,3.02833800719392
"213","ENSG00000169594.13","female_liver",1.47128472486534,0.0778297719856018,18.9038807043855,"female_liver",1.0829144234302,0.0894362895151665,12.1082217218611
"214","ENSG00000154237.12","female_liver",5.09570850098848,1.04844042141427,4.86027474419075,"female_liver",4.06717635895048,1.21608292810456,3.34448931479513
"215","ENSG00000108821.13","female_liver",372.301161806413,44.2600030964325,8.41168404338457,"female_liver",266.626203555714,58.2653552074836,4.57606758950074
"216","ENSG00000132205.10","female_liver",8.50087989647406,1.54759047274398,5.49297766184968,"female_liver",6.63995477432081,1.84530876068039,3.59828930301754
"217","ENSG00000141655.16","female_liver",2.3348498405954,0.420862087063069,5.54777898120699,"female_liver",1.901540084244,0.483361173813399,3.93399426197622
"218","ENSG00000123146.19","female_liver",12.7600685125398,1.44246136103154,8.84603834616045,"female_liver",9.71178301201293,1.72723244692559,5.62274234096259
"219","ENSG00000173198.5","female_liver",2.44569657184694,0.402170008471083,6.08125051677689,"female_liver",1.76441486508878,0.455501166603072,3.87356826821545
"220","ENSG00000079739.16","female_lung",79.261944024156,16.9555407211937,4.67469279378876,"female_lung",76.8832963951045,19.1771913745801,4.00910096235549
"221","ENSG00000196154.11","female_lung",16.788895765219,0.857801905115781,19.5719963608066,"female_lung",19.0020720357225,1.06054147558365,17.9173304139426
"222","ENSG00000143891.16","female_lung",13.1017065095978,3.31057430700121,3.95753283105299,"female_lung",13.6341130472537,3.93566339116069,3.46424774991562
"223","ENSG00000003400.14","female_lung",10.9764679477839,3.12254123908598,3.51523554289291,"female_heart",13.0011758540061,3.67934793642996,3.53355433588622
"224","ENSG00000144648.15","female_lung",1.10042063527971,0.16571080811383,6.64060870745262,"female_lung",1.05304137969655,0.190767408395394,5.52002770574921
"225","ENSG00000173200.12","female_lung",1.10791219115316,0.145606295354911,7.60895803613887,"female_lung",1.11844902494502,0.176083034296313,6.35182730360547
"226","ENSG00000075651.15","female_lung",29.0931228351221,2.43100093014731,11.9675490347752,"female_liver",27.1309998339145,2.76440397471458,9.814412105494
"227","ENSG00000075420.12","female_lung",138.451111526335,16.4509786845272,8.41598023931268,"female_liver",112.867863414923,18.897964642904,5.97248780742659
"228","ENSG00000172578.11","female_lung",3.70779302435672,1.05218412970917,3.52390130174419,"female_lung",4.07278482687855,1.20453959157764,3.38119631380837
"229","ENSG00000163631.16","female_lung",10.5612999107665,1.38917348398584,7.6025781031062,"female_lung",11.9892818212478,1.49997698230774,7.99297720075817
"230","ENSG00000118804.8","female_lung",2.65216507335855,0.168088590861164,15.778376508309,"female_lung",2.33601480398765,0.186641466111256,12.5160547259909
"231","ENSG00000172493.20","female_lung",78.271636754766,18.0880741136462,4.32725099770105,"female_muscle",97.1146824458931,21.1894320703002,4.58316589721214
"232","ENSG00000138722.9","female_lung",26.6122146868982,2.66712108429764,9.977880210829,"female_muscle",26.9771860830984,3.06631712500507,8.79791129988024
"233","ENSG00000164318.17","female_lung",7.59076521409672,1.95975625924629,3.87332107157861,"female_heart",10.0885977353885,2.29101740190458,4.40354478626029
"234","ENSG00000213949.8","female_lung",84.6852021470619,17.3567258642587,4.87910005662112,"female_heart",96.956200581603,20.2776641392992,4.78142846806979
"235","ENSG00000153113.23","female_lung",153.322287898366,17.6450993844333,8.68922778829053,"female_lung",171.96213281325,20.2502086502926,8.49186967813121
"236","ENSG00000169247.12","female_lung",4.72462758712564,0.41067604206081,11.5045123241595,"female_muscle",8.18830015431413,0.462998019621888,17.6853891535026
"237","ENSG00000198624.12","female_lung",20.8105337533178,0.942120605620325,22.0890336430073,"female_lung",21.4029070362984,1.10684566890335,19.3368485215325
"238","ENSG00000146192.14","female_lung",3.64418987123595,1.02897444262457,3.54157471777515,"female_muscle",4.20229387715243,1.16365847188983,3.61127768900073
"239","ENSG00000197594.12","female_lung",9.23950778824111,1.61472865083254,5.7220188565288,"female_lung",11.8963409301298,1.82578082384047,6.51575521814619
"240","ENSG00000146674.14","female_lung",203.476479945809,10.5279164566155,19.3273266162697,"female_lung",217.64617563481,12.3346959971894,17.6450376794372
"241","ENSG00000135218.18","female_lung",169.633490320727,9.78970771482888,17.3277379940339,"female_lung",204.011889975423,10.5245184117804,19.3844394577776
"242","ENSG00000106565.17","female_lung",14.0015434933644,1.31986792992431,10.6082913115158,"female_muscle",11.263287384729,1.58901467235504,7.08822113519944
"243","ENSG00000164867.10","female_lung",6.94028060396672,2.16187971434864,3.21029914749803,"female_muscle",8.22975014042748,2.46283414266081,3.34157708709373
"244","ENSG00000104324.15","female_lung",23.6683661098751,4.35269914667023,5.43762968961022,"female_lung",22.708499321902,5.11069932622867,4.4433252422735
"245","ENSG00000136869.14","female_lung",13.0624208515489,3.76736344009303,3.46725795354279,"female_liver",13.1062186255004,4.24376460563077,3.08834722079321
"246","ENSG00000148180.19","female_lung",128.450377336207,15.8619346459589,8.09802714506404,"female_lung",139.031000386974,18.3473532856965,7.57771424695691
"247","ENSG00000152779.13","female_lung",3.4384982583019,0.743031276627406,4.627662881042,"female_muscle",3.99408051367154,0.876098498735451,4.55894002721902
"248","ENSG00000173156.6","female_lung",4.29052488925555,0.344779551777314,12.4442556617357,"female_lung",6.38130397044578,0.452571144543421,14.1001123190998
"249","ENSG00000137507.11","female_lung",18.1754870062885,3.26645620495198,5.56428308413696,"female_liver",20.0415807171154,3.95720138859752,5.06458447499393
"250","ENSG00000174600.13","female_lung",6.493396857015,1.63069858965888,3.98197244922701,"female_muscle",7.23315540081509,1.92782146561652,3.75198405548509
"251","ENSG00000279765.3","female_lung",3.25216627420199,0.792786430423898,4.10219719888883,"female_liver",3.0580150405799,0.941163821418538,3.24918464882214
"252","ENSG00000206172.8","female_lung",29.4406918486287,3.88003583846082,7.58773709170367,"female_lung",54.5834196872622,4.54798073031531,12.0016822682267
"253","ENSG00000006327.13","female_lung",9.27961244248643,0.824944061993572,11.2487777899282,"female_lung",11.4448734603218,0.948866157776596,12.061630996662
"254","ENSG00000103485.17","female_lung",25.6223516048915,6.53381563721292,3.92149901796449,"female_lung",26.6718468525209,7.84938088181011,3.39795548899014
"255","ENSG00000124067.16","female_lung",42.6629319758568,12.3965586885112,3.44151413693509,"female_lung",47.1909066059338,14.4303148226269,3.270261750072
"256","ENSG00000197943.9","female_lung",8.20482547915073,1.71405332588721,4.78679709390245,"female_muscle",9.51271569633735,1.99064990337479,4.77869849450184
"257","ENSG00000184060.10","female_lung",6.33496915977987,2.01849590067011,3.13846025532019,"female_heart",8.63095012339922,2.28173193743202,3.78263107151532
"258","ENSG00000204323.5","female_lung",7.58037203024085,0.695775992503519,10.8948456283543,"female_placenta",8.21163671953063,0.830082648859561,9.8925531461385
"259","ENSG00000108639.7","female_lung",25.4261519202944,7.55529007285311,3.36534423895292,"female_lung",26.969155736968,8.62234994788183,3.12781966633044
"260","ENSG00000187244.11","female_lung",59.5190930542954,13.3434582247775,4.46054478918923,"female_lung",76.5851703863117,16.5290843694853,4.6333583079591
"261","ENSG00000105383.14","female_lung",1.48951914695718,0.281651909957134,5.28851072653431,"female_lung",1.35724704198622,0.324208184392151,4.18634416811804
"262","ENSG00000186951.16","female_lung",35.8548187999415,8.77640951221056,4.0853630120674,"female_placenta",37.71354259834,10.0504154432587,3.75243618646991
"263","ENSG00000182492.15","female_lung",84.1532217208112,20.211861364317,4.16355625065682,"female_muscle",80.4633770406229,24.1613568215088,3.33025076509748
"264","ENSG00000160219.11","female_lung",10.9265315182434,1.64156819611529,6.65615448940874,"female_placenta",11.9324622244961,2.02307379280558,5.89818437020445
"265","ENSG00000162496.8","female_muscle",24.9580705022116,5.42713781080371,4.59875377635114,"female_muscle",23.6428869645257,6.46806854559476,3.65532411999998
"266","ENSG00000117151.12","female_muscle",6.19298237018855,1.82116652979158,3.40055797692334,"female_muscle",6.33210973834629,2.10445139063586,3.00891233055901
"267","ENSG00000162654.8","female_muscle",9.76968146191767,1.95134359255583,5.00664337084867,"female_muscle",9.67862108972304,2.27110847817292,4.26162870807007
"268","ENSG00000154451.14","female_muscle",1.26247045288671,0.097067406718739,13.0061211642835,"female_muscle",1.02538317116836,0.121655729616396,8.42856456002188
"269","ENSG00000156869.13","female_muscle",6.66675589651716,0.448005022157202,14.8809847363225,"female_muscle",6.39870285764158,0.513535540479697,12.4600974095474
"270","ENSG00000163220.10","female_muscle",7.5403548226247,0.916059096366267,8.23129736120195,"female_muscle",6.24863761918823,1.07678869101221,5.80303050296186
"271","ENSG00000197956.9","female_muscle",127.453431538394,25.8179024970933,4.93662998195703,"female_muscle",105.423794308584,29.6525162014454,3.55530686139361
"272","ENSG00000143226.13","female_muscle",6.25071539288683,1.13980877447091,5.48400357401035,"female_muscle",5.34150842742487,1.29659885449324,4.11963068524577
"273","ENSG00000174175.16","female_muscle",2.33118517110518,0.221338180246869,10.5322324802034,"female_muscle",2.33178081383045,0.282782846871601,8.24583541620969
"274","ENSG00000188404.8","female_muscle",2.98533185948857,0.275655192213066,10.8299496756117,"female_muscle",2.38606445295737,0.326020588779504,7.31875389186272
"275","ENSG00000150681.9","female_muscle",1.51224741046958,0.375760857414323,4.02449425114585,"female_muscle",1.38830470563959,0.453869135534293,3.05882157861491
"276","ENSG00000143869.6","female_muscle",3.09303668170564,0.157571641724047,19.6293993504392,"female_muscle",3.05650198476796,0.183925925489019,16.6181139316895
"277","ENSG00000091106.18","female_muscle",1.16127139825457,0.24815435948524,4.67963327609258,"female_muscle",1.09226463205751,0.265170560584964,4.11910217200576
"278","ENSG00000196975.15","female_muscle",22.1256704746724,5.59056238163541,3.95768242339154,"female_muscle",20.4867060803358,6.6688103571076,3.0720180936771
"279","ENSG00000081320.10","female_muscle",23.9751464775883,5.51167458184192,4.34988425415641,"female_muscle",23.855395837998,6.28155101296729,3.79769196950757
"280","ENSG00000135899.17","female_muscle",11.8950231826862,2.84516676760524,4.18078241251854,"female_muscle",10.1054384355095,3.35076573389035,3.01585942977182
"281","ENSG00000067066.16","female_muscle",25.5724075085035,3.13898814724222,8.14670406798774,"female_muscle",23.5601486333415,3.79803046472221,6.20325425300787
"282","ENSG00000134107.4","female_muscle",34.6166553549644,8.72070033478473,3.9694811226212,"female_muscle",32.1218540341057,9.80608304296288,3.27570691512318
"283","ENSG00000188167.8","female_muscle",3.21558531486796,0.900506146630518,3.57086437099838,"female_muscle",3.07711204811851,1.01964223186355,3.01783503268065
"284","ENSG00000173193.14","female_muscle",50.5410444263505,10.0598959539449,5.02401263966664,"female_muscle",47.9657877245996,12.0802246894898,3.97060393804856
"285","ENSG00000114698.14","female_muscle",30.1731985776159,7.44817614056988,4.05108552861201,"female_muscle",29.1955516474514,8.80766390744717,3.31478947814591
"286","ENSG00000109743.10","female_muscle",2.90881456564484,0.56170849576264,5.17851267621562,"female_muscle",2.97233304413404,0.638825832563558,4.65280659081412
"287","ENSG00000169245.5","female_muscle",1.35180015393136,0.0297479362796444,45.4418128781712,"female_muscle",1.00204090420466,0.035924480150149,27.8929827242192
"288","ENSG00000145287.10","female_muscle",2.42808161832799,0.386918391113656,6.27543604567184,"female_muscle",1.85815630438724,0.455693747225699,4.07764274954363
"289","ENSG00000171564.11","female_muscle",1.23306887611808,0.0495296036012724,24.8955934726359,"female_muscle",1.07265005231189,0.053936052443465,19.8874408436959
"290","ENSG00000137628.16","female_muscle",19.4846732060869,3.82276028655793,5.09701674850012,"female_liver",16.0674347369681,4.51209699440836,3.56096838274526
"291","ENSG00000164107.8","female_muscle",5.09674135770531,0.0307832034856225,165.568907085508,"female_muscle",3.31046600467836,0.037393552308149,88.5303962939334
"292","ENSG00000145779.7","female_muscle",22.4648879042007,3.11392063582156,7.21434183189248,"female_liver",18.9004649937865,3.68380989692331,5.1306841348062
"293","ENSG00000125347.13","female_muscle",5.89124576973478,1.37507009695823,4.28432396484129,"female_muscle",5.9492486438613,1.63240351086789,3.6444718504056
"294","ENSG00000021355.12","female_muscle",16.6555023912896,2.84223148718515,5.86000910424951,"female_muscle",14.2286886159825,3.30265863785031,4.30825288841959
"295","ENSG00000124782.19","female_muscle",80.1341594259703,6.49932191653855,12.3296184517428,"female_liver",64.5591197759827,7.97005689885015,8.10020814096029
"296","ENSG00000096696.13","female_muscle",21.8239031282712,5.44695720030494,4.00662284018854,"female_muscle",21.1388657306908,6.67070894951327,3.16890841598376
"297","ENSG00000231925.11","female_muscle",10.6302201959968,1.94207155166609,5.47365012729691,"female_muscle",8.53050888489721,2.25437203039317,3.78398452868024
"298","ENSG00000111816.7","female_muscle",6.54307561633183,1.42785764136589,4.58244255363771,"female_muscle",6.5051213949269,1.69981477343342,3.82695897023376
"299","ENSG00000135604.9","female_muscle",2.72608749975128,0.251936399379586,10.8205384631379,"female_muscle",2.53131122640647,0.283603993855649,8.92551332579215
"300","ENSG00000106049.8","female_muscle",36.6674733313057,8.57421627561473,4.27648103950781,"female_muscle",33.0340190043477,9.78896604277541,3.37461779517847
"301","ENSG00000182158.14","female_muscle",75.6878772922017,8.5649739423056,8.83690689569422,"female_muscle",71.1121809246341,10.2494816803608,6.93812459423127
"302","ENSG00000105939.12","female_muscle",46.5480634164332,8.41490382205809,5.53162156107075,"female_muscle",44.7127934484142,9.65418233475011,4.63144281908485
"303","ENSG00000002933.8","female_muscle",9.92756562545992,0.471509505470709,21.0548578772536,"female_muscle",7.09049391789444,0.563773080914125,12.576857884732
"304","ENSG00000156675.15","female_muscle",10.7434752241736,2.89854077027516,3.70651168144643,"female_muscle",10.8407398916438,3.44583104666721,3.14604510343852
"305","ENSG00000164695.4","female_muscle",2.25662756319502,0.371136540227638,6.08031632188765,"female_muscle",1.51503440753037,0.486735276157007,3.11264558322595
"306","ENSG00000086062.12","female_muscle",41.1841293852544,8.17576419819857,5.03734310174073,"female_muscle",40.2618234222903,9.70820096240687,4.14719715611537
"307","ENSG00000148175.12","female_muscle",96.7414279349016,23.1689420202983,4.17547887383664,"female_muscle",93.9519350715958,26.6265907551521,3.52850036024295
"308","ENSG00000122862.4","female_muscle",25.0981508648364,6.0208274346198,4.16855509269737,"female_muscle",21.9742802916733,6.64177086429257,3.30849719760903
"309","ENSG00000180644.7","female_muscle",1.02952834257884,0.0803991242594396,12.8052183660193,"female_muscle",1.00625181970507,0.0954562871365071,10.5414933881315
"310","ENSG00000077150.18","female_muscle",17.6940566336828,4.31552697178606,4.1000917731166,"female_muscle",16.5727161743737,5.20226773260343,3.18567152369146
"311","ENSG00000110077.14","female_muscle",28.189504521594,0.534841375242335,52.7062898019463,"female_muscle",21.8254571649484,0.64988353421557,33.5836438621151
"312","ENSG00000168062.9","female_muscle",1.23875205586945,0.17507053411615,7.07573128809674,"female_muscle",1.02322450085833,0.216412223082546,4.72812711908625
"313","ENSG00000006534.15","female_muscle",9.46147033942048,0.769317970897969,12.2985172546753,"female_muscle",8.63070482912983,0.934226010869993,9.23834781809653
"314","ENSG00000109861.15","female_muscle",86.4589599369092,12.8107397807038,6.74894357522882,"female_muscle",65.023799805393,15.7656666133054,4.12439266922696
"315","ENSG00000139192.11","female_muscle",7.87764273140483,1.30725826734323,6.02607987128262,"female_muscle",6.91388391980596,1.55123721885726,4.45701265787006
"316","ENSG00000177575.12","female_muscle",19.3777969658625,0.670887482833021,28.8838254725428,"female_muscle",16.7655726400208,0.785057445073591,21.3558545877483
"317","ENSG00000172243.17","female_muscle",2.57784782919003,0.409204810946569,6.29965181305414,"female_liver",2.19807292959461,0.472017926194732,4.65675731283093
"318","ENSG00000166046.10","female_muscle",30.733058108716,5.3404585978979,5.75476011007989,"female_muscle",29.7272254216478,6.01487738493608,4.94228286283906
"319","ENSG00000102524.11","female_muscle",2.69875379328928,0.654138344068287,4.12566212906111,"female_muscle",2.5918515088235,0.789205114432486,3.28412913376428
"320","ENSG00000100504.16","female_muscle",38.4522396713014,6.01807923059887,6.38945387687675,"female_muscle",35.7178387513383,6.76683671716156,5.27836568906019
"321","ENSG00000092531.9","female_muscle",89.183706959791,16.4747552834521,5.41335548998234,"female_muscle",64.497460782453,19.0389936781797,3.38765072737918
"322","ENSG00000166710.18","female_muscle",241.064777766778,49.7983067747914,4.84082277851279,"female_liver",192.039772271043,57.7857546588342,3.32330646895314
"323","ENSG00000166825.13","female_muscle",9.21307795709419,1.09750164204955,8.39459150137494,"female_muscle",8.42581160210733,1.27204190408882,6.62384751243148
"324","ENSG00000197471.11","female_muscle",1.2503143361167,0.321727158949554,3.88625672821344,"female_muscle",1.15414142812782,0.382623519046599,3.01638914148207
"325","ENSG00000005844.17","female_muscle",3.78346349897174,0.459851885559945,8.22756982797788,"female_muscle",3.50098512333222,0.539965331829511,6.48372204095063
"326","ENSG00000140853.15","female_muscle",6.39166854861959,1.41271311662212,4.52439244275047,"female_muscle",6.3030198448186,1.68496966422832,3.74073194231971
"327","ENSG00000070540.12","female_muscle",34.449024059768,3.43594994932413,10.0260552591997,"female_liver",32.0438491166991,3.92401190320223,8.16609375994741
"328","ENSG00000108950.11","female_muscle",6.86746967831691,1.81860949442509,3.77622007328621,"female_muscle",6.833742367246,2.04698431198741,3.33844393785859
"329","ENSG00000141524.15","female_muscle",19.5730030715155,5.09946738613958,3.83824458309414,"female_muscle",19.3623058702692,6.32818191327382,3.05969489114328
"330","ENSG00000099860.8","female_muscle",16.5234696068504,2.68680833476561,6.1498505096352,"female_muscle",12.3989473808978,3.06447315882755,4.04602903607796
"331","ENSG00000090339.8","female_muscle",10.0972778756301,1.02114040687399,9.88823653207577,"female_muscle",9.92087523749838,1.2251164651356,8.09790376656174
"332","ENSG00000127507.17","female_muscle",1.17236069769831,0.103551670915226,11.3215043981094,"female_muscle",1.00927338364113,0.115023179632133,8.7745216822295
"333","ENSG00000130513.6","female_muscle",2.43349011615579,0.506989908707643,4.79987880302972,"female_muscle",2.04087658836916,0.644553084219649,3.16634368578039
"334","ENSG00000089327.14","female_muscle",27.2167056057432,1.77809334637951,15.3066798552286,"female_muscle",17.1845379789411,2.0938069841124,8.20731715451122
"335","ENSG00000099337.4","female_muscle",5.93436249634862,1.31142280372701,4.52513291631303,"female_muscle",6.06422878876433,1.61411556573603,3.75699789872175
"336","ENSG00000079385.21","female_muscle",2.41815821368268,0.179755966776682,13.4524503249834,"female_muscle",1.89803631095544,0.228572273980346,8.30387814717477
"337","ENSG00000183486.12","female_muscle",2.35874659449778,0.412434141538718,5.71908665392666,"female_muscle",1.96303755699597,0.492655607735997,3.98460410512148
"338","ENSG00000100345.21","female_muscle",272.663805461592,66.3159226964741,4.11158880665154,"female_muscle",260.565190815458,76.6260681361531,3.40047711116369
"339","ENSG00000239713.8","female_muscle",2.5561038728485,0.563144832387407,4.53898131678152,"female_muscle",2.47508740157096,0.699022817224455,3.54078198963313
"340","ENSG00000182162.10","female_muscle",1.11110348928727,0.0566975453591691,19.5970298581468,"female_muscle",1.03676088993589,0.0674356378299009,15.3740799864755
"341","ENSG00000067992.13","female_muscle",7.18953720905045,1.84631894221844,3.89398442742069,"female_muscle",7.44424463736795,2.11646878888385,3.51729478670639
"342","ENSG00000012211.12","female_muscle",1.96949304832352,0.41958165441486,4.69394461745506,"female_muscle",1.84793327740103,0.501007392247359,3.68843515284633
"343","ENSG00000235169.8","female_placenta",1.45878014392659,0.236715403079905,6.16259070996816,"female_placenta",1.50821503650438,0.272120028066544,5.5424624465185
"344","ENSG00000204219.10","female_placenta",5.14802611251685,1.18687244210143,4.33747210728219,"female_placenta",5.27653686222815,1.39329262505985,3.78709882426995
"345","ENSG00000203814.6","female_placenta",40.5943166294771,1.52341947915845,26.6468409947743,"female_placenta",41.6607011432854,1.77103437044481,23.5233724644327
"346","ENSG00000184678.10","female_placenta",134.527990546151,35.8917281282492,3.74816141662091,"female_placenta",137.70182557516,39.5364799086752,3.48290555692453
"347","ENSG00000184260.5","female_placenta",56.5594410035797,0.423476977484218,133.559659700007,"female_placenta",58.2461580604454,0.481252920222733,121.030243376992
"348","ENSG00000184270.4","female_placenta",18.8793618640005,0.122185526718188,154.513896785373,"female_placenta",19.4107112579272,0.144438459269332,134.387415624064
"349","ENSG00000169418.9","female_placenta",10.0613391714158,1.17093874167573,8.59254102141758,"female_liver",10.1407241056076,1.47131401694883,6.89229082900818
"350","ENSG00000163554.13","female_placenta",4.18961077183815,0.846386765840707,4.94999560594104,"female_placenta",4.3414540743199,1.02876053818452,4.22008223797287
"351","ENSG00000117091.9","female_placenta",1.20860055000584,0.128927173124651,9.37428876096838,"female_heart",1.03214538309346,0.159429443818235,6.47399475513573
"352","ENSG00000158859.9","female_placenta",5.42270948592938,1.34079547984802,4.04439720108845,"female_liver",4.85820561763569,1.50759974205533,3.22247708202207
"353","ENSG00000158874.11","female_placenta",2.95182420841997,0.0986862501239507,29.9112004429437,"female_placenta",2.9712819793059,0.0990594885479433,29.9949255024454
"354","ENSG00000076258.9","female_placenta",3.8230888509746,0.958401238957734,3.98902745068676,"female_placenta",3.99790187973181,1.20485771772692,3.31815269214878
"355","ENSG00000162882.14","female_placenta",7.35063336604989,1.11468424640599,6.59436373102975,"female_placenta",7.63286908054084,1.38506028584581,5.51085693420175
"356","ENSG00000028116.17","female_placenta",20.6850462198746,4.04436864936971,5.11453035397706,"female_muscle",18.6962221485478,4.66583599071298,4.00704657981149
"357","ENSG00000196843.15","female_placenta",13.1111553343149,3.71308077829211,3.53107193653503,"female_placenta",13.5820250064532,4.17790296599763,3.25091920922821
"358","ENSG00000136732.15","female_placenta",40.4666383902057,8.7509379910151,4.62426295692579,"female_placenta",42.3652203807393,10.1996437423129,4.15359805215436
"359","ENSG00000168497.4","female_placenta",25.4789117836291,6.62184386045592,3.84770651808677,"female_placenta",26.5158670909961,8.12526755950761,3.2633838697372
"360","ENSG00000079308.18","female_placenta",201.188578400408,28.7615590856239,6.99505120016145,"female_placenta",209.9958461226,34.0912459786737,6.15981728136209
"361","ENSG00000159674.11","female_placenta",16.5359479959378,2.79530922827879,5.915605983285,"female_placenta",16.6238292292785,3.09998445876869,5.3625524419182
"362","ENSG00000163736.3","female_placenta",7.78196215569679,1.6946445269141,4.59209116254459,"female_muscle",6.88750569623768,2.08570751858863,3.30223947262671
"363","ENSG00000198589.11","female_placenta",112.904228548858,19.3821772368257,5.82515716213463,"female_liver",94.9708813478404,22.0523875026954,4.3066031438198
"364","ENSG00000219607.3","female_placenta",3.98919052970624,1.13916376838611,3.50185867951002,"female_placenta",4.0567303258484,1.26991476470625,3.19449024343518
"365","ENSG00000124610.4","female_placenta",2.74136675152025,0.1107835362842,24.7452540645358,"female_liver",2.67185622384453,0.128016869470905,20.8711260858615
"366","ENSG00000275714.1","female_placenta",10.9678843290321,0.152873411723846,71.7448783627904,"female_placenta",11.2266375219996,0.176806373606847,63.4967919593417
"367","ENSG00000278637.1","female_placenta",9.31329866282292,0.34159129845374,27.2644493726299,"female_placenta",9.56621639477724,0.396704213150179,24.114229387213
"368","ENSG00000278705.1","female_placenta",38.3541245567795,0.165473054252338,231.784714013264,"female_liver",30.4610827500394,0.193658377347901,157.292874014518
"369","ENSG00000274267.1","female_placenta",75.5343930268058,0.344295845641119,219.388046597402,"female_placenta",77.3507485407377,0.403527587948355,191.686394811344
"370","ENSG00000278463.1","female_placenta",13.2882156276113,0.107872470272108,123.184493634862,"female_placenta",13.5758189025219,0.126561089537601,107.266925025077
"371","ENSG00000276410.3","female_placenta",21.9707057945524,0.195356012841441,112.464958078279,"female_placenta",22.4292761081339,0.228508781533804,98.1549853689797
"372","ENSG00000278272.1","female_placenta",32.576321879013,0.162671027083849,200.258905737538,"female_placenta",33.4174449516096,0.183740404511291,181.873143473765
"373","ENSG00000197061.4","female_placenta",88.4424798259353,0.614034809001193,144.03496109577,"female_placenta",90.788993040212,0.69945870729673,129.798931792691
"374","ENSG00000180596.7","female_placenta",109.38406709715,0.490515757133373,222.998069901775,"female_placenta",112.316965340412,0.562065331677143,199.829021664208
"375","ENSG00000168298.6","female_placenta",150.438100186629,0.896784750938397,167.75274114464,"female_placenta",154.766201098764,1.03467017033924,149.580229077272
"376","ENSG00000158373.8","female_placenta",70.4730149476322,8.21996362221348,8.57339742443473,"female_placenta",72.2818958446234,9.18129668610396,7.87273283021375
"377","ENSG00000274290.2","female_placenta",25.5896798312742,4.81128180730734,5.31868239195816,"female_placenta",26.1816242111853,5.40364617018122,4.84517738331251
"378","ENSG00000277157.1","female_placenta",57.6903084787272,0.23475064519387,245.751437364883,"female_placenta",59.1679796938988,0.271982557327174,217.543287611361
"379","ENSG00000277224.2","female_placenta",24.0512703858424,0.376932785020663,63.8078494141175,"female_placenta",24.7124547411975,0.43651747930658,56.6127495752379
"380","ENSG00000276966.2","female_placenta",65.7130358925355,1.55600008553607,42.2320258870013,"female_placenta",67.6057955486471,1.80991818213079,37.3529567336883
"381","ENSG00000273802.2","female_placenta",46.8095401452845,2.30632142010436,20.2961910413885,"female_placenta",48.0823007419697,2.65473862427108,18.1118774942192
"382","ENSG00000277075.2","female_placenta",47.8169311134688,1.89065091940547,25.2912531989275,"female_placenta",48.9398115514216,2.14870492090546,22.7764227071247
"383","ENSG00000274750.2","female_placenta",13.3009094883809,0.911259907024263,14.5961754553816,"female_placenta",13.6035415868242,1.05572402221244,12.8855091866867
"384","ENSG00000124575.6","female_placenta",56.9246499680288,0.586916351553011,96.9893747505982,"female_placenta",58.0955725363319,0.682462048602487,85.1264515811498
"385","ENSG00000274618.1","female_placenta",37.35977342967,0.13099282261657,285.204736285636,"female_placenta",38.2735042118527,0.145448590384308,263.141114745254
"386","ENSG00000277775.1","female_placenta",43.9792169937207,0.201741582365458,217.997779525947,"female_placenta",44.9864115907463,0.23800663279573,189.013268505656
"387","ENSG00000275713.2","female_placenta",40.0212105366017,1.0173884288188,39.3371984612276,"female_heart",38.1169514922208,1.23792548752299,30.790990149569
"388","ENSG00000273983.1","female_placenta",38.6970472244167,0.321637319015946,120.312678089753,"female_placenta",39.6639279132106,0.375887640298837,105.520702627192
"389","ENSG00000278588.1","female_placenta",29.3702927318942,0.0739030845578318,397.416331234604,"female_placenta",30.0585058413832,0.0880390884305184,341.422274778615
"390","ENSG00000158406.4","female_placenta",44.6814977748332,1.05272878938984,42.4435032319488,"female_placenta",45.7685113187005,1.2192294701236,37.5388820892434
"391","ENSG00000124635.8","female_placenta",33.6674861199641,0.793568206545174,42.4254472927244,"female_placenta",34.3943615072431,0.903178781245019,38.081454327161
"392","ENSG00000196787.3","female_placenta",62.6721098085296,1.08922858631778,57.5380692315443,"female_placenta",64.3516851175433,1.21384615672269,53.0146961055501
"393","ENSG00000276180.1","female_placenta",10.4630571884582,0.720223377618711,14.5275167588317,"female_placenta",10.7002816541207,0.788476488404103,13.5708316119588
"394","ENSG00000274997.1","female_placenta",35.704675122714,0.23257186039812,153.521045330223,"female_placenta",36.5047754891285,0.272469682869632,133.977384583351
"395","ENSG00000185130.5","female_placenta",14.2082785569353,0.229861710660598,61.8122892938638,"female_heart",14.0898569681978,0.267091142485608,52.7529922447991
"396","ENSG00000196747.4","female_placenta",33.4385788882107,0.239934177597624,139.365634454496,"female_placenta",34.232507080887,0.280149484203389,122.19371803674
"397","ENSG00000278828.1","female_placenta",29.1878942304474,0.433512265817854,67.3288774779699,"female_placenta",29.7089046220128,0.503532419134849,59.0009768845818
"398","ENSG00000276368.1","female_placenta",21.1570165609229,0.198768440122734,106.440522186817,"female_placenta",21.6993551176223,0.225101652103443,96.3980269129726
"399","ENSG00000273703.1","female_placenta",17.3496263479801,0.266977361075869,64.9853840717593,"female_placenta",17.6209522718062,0.308848213749754,57.0537613213579
"400","ENSG00000197238.4","female_placenta",1.28443144938479,0.158629481125176,8.09705384064916,"female_placenta",1.3044740529193,0.173157429271211,7.53345703045836
"401","ENSG00000233822.4","female_placenta",21.2933011042908,0.697747911174001,30.5171835892186,"female_placenta",21.8346699974051,0.812243988122584,26.8819102593466
"402","ENSG00000275221.1","female_placenta",6.80987601739537,0.379607639459465,17.9392491339009,"female_placenta",6.95675852157218,0.433769746331924,16.0379062403509
"403","ENSG00000276903.1","female_placenta",17.5068735797966,0.0883871295890961,198.070393972341,"female_placenta",17.9161354788103,0.0997625826394844,179.587727229902
"404","ENSG00000184357.4","female_placenta",101.268140029579,0.523914457710221,193.291363769905,"female_placenta",103.654343906677,0.610322367284599,169.835400868312
"405","ENSG00000275379.1","female_placenta",16.2651688964317,0.103147593498119,157.688302216458,"female_placenta",16.6116399135392,0.12025852454544,138.132743406996
"406","ENSG00000275126.1","female_placenta",12.7207493726629,0.114280292225376,111.311837981442,"female_placenta",13.0502821085928,0.132240908568944,98.6856658035514
"407","ENSG00000197153.4","female_placenta",15.8759156490984,0.136627808685625,116.198274727718,"female_placenta",16.1579784501807,0.155627462393737,103.824724773196
"408","ENSG00000164430.15","female_placenta",5.55321480806242,1.42313460397212,3.90210089232797,"female_liver",5.5911765718979,1.67576507514382,3.33649188351658
"409","ENSG00000240583.11","female_placenta",28.4009738527063,6.42990363773226,4.4170139169804,"female_placenta",29.2022608371564,8.40648623009871,3.47377727600388
"410","ENSG00000147592.8","female_placenta",8.63786182293292,2.27818751340396,3.79154998089979,"female_placenta",8.93954979121218,2.57455988825707,3.47226329128591
"411","ENSG00000104415.14","female_placenta",6.08335038261661,0.522672253967744,11.6389388119157,"female_liver",4.85754107137542,0.671719536119173,7.23150185483606
"412","ENSG00000106819.11","female_placenta",5.08821774135569,0.655746710278335,7.7594254940234,"female_placenta",5.21571189772056,0.795684071959589,6.55500352655728
"413","ENSG00000136929.12","female_placenta",5.45182467589975,0.98842959401758,5.51564290354785,"female_placenta",5.47957794141826,1.17504463627857,4.6632934377475
"414","ENSG00000095303.15","female_placenta",6.4169554817618,0.966023909914293,6.64264664249472,"female_placenta",6.66292057700049,1.12343580469926,5.93084228678659
"415","ENSG00000198113.2","female_placenta",7.90995673892656,1.37389752236067,5.75731203396848,"female_placenta",8.26918478581878,1.66022762553545,4.98075363801505
"416","ENSG00000122884.12","female_placenta",117.432611204105,29.698323462447,3.95418318318866,"female_muscle",102.886533307401,33.9825586377489,3.02762762522276
"417","ENSG00000185201.16","female_placenta",34.1870648771622,6.94482160873828,4.9226699839412,"female_liver",31.2088513992641,8.57588376055981,3.63914113934152
"418","ENSG00000149131.15","female_placenta",80.7697427416911,16.1123147294305,5.01291987514112,"female_heart",76.1717890928548,18.6539103142141,4.08342207128618
"419","ENSG00000185475.10","female_placenta",25.1004668708125,6.36459012410037,3.94376800098505,"female_muscle",22.2558262397961,7.18808263015869,3.09621179734612
"420","ENSG00000160593.18","female_placenta",2.34404378794147,0.264364394285524,8.86671518029697,"female_placenta",2.42222815120094,0.320778557843196,7.55109121846287
"421","ENSG00000060138.12","female_placenta",90.5435868841061,12.3885925292517,7.30862579185782,"female_placenta",93.6449797781388,14.2425920211518,6.57499559343312
"422","ENSG00000123358.19","female_placenta",29.7726631841217,7.87485418255997,3.78072564823583,"female_placenta",30.4415889625876,9.05839500063891,3.36059411854313
"423","ENSG00000136011.14","female_placenta",4.07980272824459,0.674765828094795,6.04624976306808,"female_placenta",3.90869796880313,0.895185739967689,4.36635414784893
"424","ENSG00000102699.5","female_placenta",54.3201783549749,13.1109317624928,4.14312112510354,"female_liver",49.0802471318412,15.3461894783735,3.19820416664392
"425","ENSG00000126218.11","female_placenta",5.55709760527636,0.921629203991686,6.02964574170166,"female_placenta",5.74982690226703,1.18084035529652,4.86926693898702
"426","ENSG00000119655.10","female_placenta",64.917201804499,11.8681170788827,5.46988215342164,"female_muscle",45.7842144887456,14.3293120192755,3.19514394181365
"427","ENSG00000166947.13","female_placenta",1.30046989004811,0.313156510445808,4.15277935048123,"female_placenta",1.30645051703453,0.372026465121605,3.51171392230789
"428","ENSG00000206177.6","female_placenta",1.45875812389677,0.261357162632543,5.58147367840736,"female_placenta",1.45435836505458,0.300504019116453,4.83973016178189
"429","ENSG00000188536.13","female_placenta",151.791137056883,31.7268928120516,4.7843051620619,"female_placenta",153.110229406934,37.5944759320138,4.07267891388671
"430","ENSG00000179583.19","female_placenta",2.94222279533617,0.251353979548286,11.7054951770555,"female_placenta",2.9914296054589,0.305387723386601,9.79551362538547
"431","ENSG00000176046.8","female_placenta",21.9604552026634,2.69705467337461,8.14238414202632,"female_placenta",22.6720781785818,3.42380047655328,6.62190403145386
"432","ENSG00000108405.3","female_placenta",1.99086109491879,0.302553034841017,6.5802053380986,"female_placenta",2.07529725840735,0.387807133729133,5.35136431981382
"433","ENSG00000108691.9","female_placenta",12.750637584465,1.64643526618225,7.7443904697396,"female_placenta",13.7148933465215,1.92888810770071,7.11025864681702
"434","ENSG00000108798.8","female_placenta",3.05296125569449,0.824274770836582,3.70381499435673,"female_placenta",3.15431960512534,0.963621849428326,3.27339983728748
"435","ENSG00000101608.12","female_placenta",246.862412147976,33.2237035222045,7.43030986846453,"female_liver",212.910723465807,38.3821799707379,5.54712430685614
"436","ENSG00000176014.12","female_placenta",54.694942640183,13.7600922369954,3.97489651218544,"female_placenta",55.8722600506245,15.9912007675441,3.4939377513178
"437","ENSG00000130755.12","female_placenta",13.6298427991826,3.62378009111154,3.76122238560063,"female_placenta",14.2615575281972,4.25303932445439,3.35326255889411
"438","ENSG00000090013.10","female_placenta",51.4207569194482,8.59812093140709,5.98046449098189,"female_placenta",53.3477043850262,9.81464244482144,5.43552194437551
"439","ENSG00000100196.10","female_placenta",16.3396938290084,0.904629091632763,18.0623130298816,"female_placenta",16.4193593055856,1.06691334232102,15.3895903765399
"440","ENSG00000128394.16","female_placenta",1.97812943847674,0.445478329105384,4.44046165488958,"female_placenta",2.07700575057111,0.552422301195284,3.75981517414678
"441","ENSG00000128274.16","female_placenta",15.6014106054129,0.950062641428699,16.4214546758218,"female_liver",11.2246944789244,1.06583986437131,10.5313141815589
"442","ENSG00000158578.20","female_placenta",19.4037525081255,3.22319901297194,6.02002930319662,"female_placenta",19.5154105565886,3.79958114759172,5.13620049119309
"443","ENSG00000133138.19","female_placenta",11.279003951973,1.25298460706466,9.00170990799007,"female_placenta",11.7418106251404,1.58154198619303,7.42428005557058
