"","ensembl","tissue","rank","nCPM_5","nCPM_6","nCPM_ratio"
"6","ENSG00000117122.13","male_brain",5,20.9487982602868,4.70945132412671,4.44824605213887
"12","ENSG00000084636.17","male_brain",5,31.3191425548865,7.50521933766119,4.17298164728205
"17","ENSG00000116729.13","male_brain",5,69.6473624084431,5.81404676344242,11.9791541489436
"28","ENSG00000134245.17","male_brain",5,9.24603145041492,1.12600321305995,8.21137217298744
"35","ENSG00000162733.17","male_brain",5,27.6374855640634,4.80602640332255,5.75058962326066
"36","ENSG00000116132.11","male_brain",5,8.64911579418605,0.0401966112277519,215.170272568019
"41","ENSG00000058085.14","male_brain",5,2.08513366531816,0.317640421290205,6.56444685738886
"46","ENSG00000162909.17","male_brain",5,81.6651822469491,24.8225375215119,3.28996107574319
"49","ENSG00000162885.12","male_brain",5,7.12464732656766,1.42798797505805,4.98929084208712
"52","ENSG00000143867.6","male_brain",5,2.64334344835518,0.576333612883664,4.58648149138709
"56","ENSG00000115760.14","male_brain",5,284.198199073952,82.2995277363642,3.45321786030588
"60","ENSG00000115380.19","male_brain",5,4.97262618039735,1.24529472533011,3.9931319704893
"62","ENSG00000169604.19","male_brain",5,57.5261260899559,6.86832679711992,8.37556624621854
"64","ENSG00000249715.11","male_brain",5,1.86604573203964,0.223840902854961,8.33648233293964
"65","ENSG00000170485.16","male_brain",5,14.7137927594412,2.63490991695942,5.58417297864222
"70","ENSG00000136546.14","male_brain",5,11.7781609738621,0.276650882034084,42.5740951457043
"73","ENSG00000144426.18","male_brain",5,57.5523072134215,11.2068433707837,5.13546101335374
"78","ENSG00000115461.4","male_brain",5,112.567148125105,8.41208810196735,13.3815940537735
"86","ENSG00000144642.21","male_brain",5,31.5670299633199,9.74973204716265,3.23773307929078
"90","ENSG00000168038.10","male_brain",5,11.5647165154793,2.79780525864661,4.13349588208063
"92","ENSG00000173421.16","male_brain",5,1.30635296967764,0.225442698947869,5.79461200462171
"94","ENSG00000144724.19","male_brain",5,112.193141963368,16.429698894292,6.82867913071408
"96","ENSG00000172986.12","male_brain",5,4.35924405540191,1.41668326569579,3.07707739687382
"97","ENSG00000121440.14","male_brain",5,41.1035479299311,1.51630345656586,27.1077321310227
"99","ENSG00000080200.9","male_brain",5,32.7113735141286,6.97521920285605,4.68965527287439
"100","ENSG00000144810.15","male_brain",5,2.21288039104845,0.256773247431725,8.6180332771499
"103","ENSG00000091986.15","male_brain",5,24.5518405459602,4.6010652839695,5.336120883027
"105","ENSG00000031081.10","male_brain",5,22.4175772528201,6.91107672065247,3.24371702976894
"108","ENSG00000173706.13","male_brain",5,51.8254754255074,13.0280044380223,3.97800566249843
"112","ENSG00000114019.14","male_brain",5,64.8414990425169,8.29293801306885,7.81888143144602
"122","ENSG00000181826.9","male_brain",5,11.7651698024664,3.53885913457824,3.32456573009894
"125","ENSG00000134853.11","male_brain",5,67.7563121870872,9.54561960841016,7.09815758082279
"127","ENSG00000134852.14","male_brain",5,68.4533293385915,16.9862910141177,4.02991620016979
"131","ENSG00000168769.13","male_brain",5,100.858441355493,19.6445193910973,5.1341770876411
"134","ENSG00000138735.15","male_brain",5,34.3202886347614,7.53561859084355,4.55440893418672
"137","ENSG00000109452.12","male_brain",5,16.2497355653063,2.54070486167032,6.3957588346658
"145","ENSG00000129116.18","male_brain",5,56.9193904034873,15.2685532908034,3.727883665165
"158","ENSG00000138829.11","male_brain",5,30.4544394744189,6.46171867587231,4.71305561291828
"160","ENSG00000131435.12","male_brain",5,5.55665106341421,0.577686529633058,9.6187997787377
"166","ENSG00000171992.12","male_brain",5,22.7565949758966,2.96816102207209,7.66690041634267
"167","ENSG00000135074.15","male_brain",5,33.9381160272802,6.7286933817166,5.04378994583077
"183","ENSG00000112276.13","male_brain",5,4.05533646619039,0.328116254760417,12.3594500648909
"187","ENSG00000112769.18","male_brain",5,54.3936935416858,15.1060673888043,3.60078451536626
"190","ENSG00000146373.16","male_brain",5,33.867735419388,10.1135671119294,3.34874283668316
"191","ENSG00000196569.12","male_brain",5,44.6813755175822,7.26721710206033,6.14834741966283
"222","ENSG00000077782.20","male_brain",5,75.6312945921612,11.332969194472,6.67356394377677
"231","ENSG00000164932.12","male_brain",5,5.48256359632167,0.743195329761073,7.37701567377211
"235","ENSG00000173068.17","male_brain",5,8.01135828328772,0.624987638230105,12.8184267867681
"236","ENSG00000137145.20","male_brain",5,74.4644446643408,20.9456297404816,3.55513038218294
"242","ENSG00000213694.4","male_brain",5,21.3842344938531,4.96297367452714,4.30875436708629
"252","ENSG00000185585.19","male_brain",5,7.25608949519649,1.31317539045347,5.52560575529122
"254","ENSG00000136859.9","male_brain",5,8.92989211121301,1.68192552113778,5.30932672046748
"255","ENSG00000167123.18","male_brain",5,32.759740313933,3.22885639125197,10.1459267134611
"259","ENSG00000204740.10","male_brain",5,1.68055267254804,0.245167581637195,6.854709996018
"260","ENSG00000197321.14","male_brain",5,59.4195475785946,10.7561055394901,5.52426223045515
"263","ENSG00000165633.12","male_brain",5,11.5394260480364,1.55148764193392,7.43765257044044
"264","ENSG00000185532.16","male_brain",5,22.1845531111087,2.16255192789134,10.2585065472811
"265","ENSG00000072422.16","male_brain",5,38.4289061408849,8.94735581041457,4.29500144569576
"267","ENSG00000138316.10","male_brain",5,4.8000596440956,0.854524688214516,5.6172275772688
"268","ENSG00000107731.12","male_brain",5,17.7644150158617,4.04266786370422,4.39423064539972
"269","ENSG00000122863.5","male_brain",5,23.6372564446381,2.40548777293354,9.82638810747809
"279","ENSG00000107957.16","male_brain",5,118.100177084407,26.727912175927,4.41860839361692
"282","ENSG00000166033.12","male_brain",5,44.6386816478629,5.19821405027654,8.58731118344158
"287","ENSG00000166394.14","male_brain",5,2.83621212196908,0.531074662079552,5.34051485503602
"291","ENSG00000187079.16","male_brain",5,77.1683640549242,19.9811867059832,3.86205109788683
"294","ENSG00000176971.3","male_brain",5,11.3485141110553,0.821916099524588,13.8073875394575
"303","ENSG00000150687.11","male_brain",5,19.5760296022475,4.8578464859453,4.02977526335688
"304","ENSG00000086991.12","male_brain",5,3.79978143456384,0.841945802570417,4.51309505073047
"305","ENSG00000184384.13","male_brain",5,24.3596220343225,5.15937581545551,4.72142811565508
"308","ENSG00000204381.11","male_brain",5,2.71339857869219,0.482910226378016,5.6188467969369
"311","ENSG00000134917.9","male_brain",5,3.73285835069781,0.0600245004310569,62.1889115926139
"312","ENSG00000166106.3","male_brain",5,6.38318356288858,1.10622848644432,5.77022165050698
"313","ENSG00000166086.12","male_brain",5,57.8841439295355,7.01398474539941,8.25267605087146
"319","ENSG00000134531.9","male_brain",5,13.9680325378742,3.71474455191082,3.760159640234
"321","ENSG00000123094.15","male_brain",5,29.0192125729708,9.51034217246433,3.05133212314813
"322","ENSG00000123096.11","male_brain",5,7.69295703446539,0.696072146939373,11.0519535486247
"330","ENSG00000166225.8","male_brain",5,57.5245743802525,19.0822155714249,3.0145647482567
"333","ENSG00000180263.13","male_brain",5,28.4360973143655,8.43589780597477,3.37084421461643
"345","ENSG00000183722.8","male_brain",5,35.7991214491504,5.26627593048236,6.79780587301498
"349","ENSG00000136114.16","male_brain",5,11.4175586870898,1.7875381514395,6.38730909205785
"357","ENSG00000100968.13","male_brain",5,6.56191582318055,0.532324650606879,12.3269058002473
"360","ENSG00000139926.15","male_brain",5,12.7914525977533,3.78289749223695,3.38139022376451
"375","ENSG00000011114.14","male_brain",5,7.58913416214682,1.69241408914752,4.48420644262629
"376","ENSG00000104067.16","male_brain",5,49.2558266462793,5.05328385177737,9.74729069077621
"387","ENSG00000103710.10","male_brain",5,2.90226297220071,0.76085810292435,3.81446022726957
"389","ENSG00000187720.14","male_brain",5,9.40767225034923,0.652759716213787,14.4121520012244
"391","ENSG00000173546.7","male_brain",5,16.19755128435,3.67886711888078,4.4028639146058
"393","ENSG00000170776.21","male_brain",5,153.694723976089,48.9179516404711,3.14188797408543
"396","ENSG00000184254.16","male_brain",5,3.50683942257566,0.256021549302577,13.697438485661
"410","ENSG00000159714.11","male_brain",5,3.80409042926679,0.802454936312333,4.74056580267101
"412","ENSG00000168807.16","male_brain",5,26.7612203288307,8.7281963966173,3.06606532584467
"413","ENSG00000102908.20","male_brain",5,81.5906377731177,27.1276330648244,3.00765782175496
"415","ENSG00000140836.16","male_brain",5,57.0166072591777,14.0622147231627,4.05459654696229
"419","ENSG00000225614.2","male_brain",5,4.33806502745524,1.30522202384639,3.32362230195235
"425","ENSG00000167549.18","male_brain",5,4.20804372902638,0.995342229045203,4.22773555288919
"430","ENSG00000161714.11","male_brain",5,6.92449904825614,1.56934141240384,4.41235985587708
"440","ENSG00000088756.12","male_brain",5,14.9797578128763,3.03381329173997,4.937600429684
"441","ENSG00000173482.16","male_brain",5,86.6006638316022,21.1239967967939,4.09963439517024
"451","ENSG00000074181.8","male_brain",5,39.1075954201771,7.65720069574821,5.10729664456781
"455","ENSG00000125740.13","male_brain",5,7.46045961787421,1.8592786614225,4.01255592971005
"456","ENSG00000198482.11","male_brain",5,15.8687027558434,5.00635389547909,3.16971254672455
"459","ENSG00000101384.12","male_brain",5,46.4205032731545,13.1583327196719,3.52784081859818
"460","ENSG00000132669.13","male_brain",5,24.56373144928,7.77073271717536,3.16105730866122
"478","ENSG00000198832.10","male_brain",5,8.38430057527015,2.1561921757786,3.88847555865125
"481","ENSG00000077942.18","male_brain",5,85.2417174035678,26.1169083369115,3.26385176621745
"482","ENSG00000101825.7","male_brain",5,9.81373810015887,1.74631587891242,5.61968096302871
"485","ENSG00000130962.17","male_brain",5,13.144940655161,2.91099343649521,4.51562016264362
"489","ENSG00000123572.16","male_brain",5,2.08063230387951,0.483667458429306,4.30178269721989
"498","ENSG00000158747.14","male_heart",5,16.3116690394837,2.96311372120734,5.50490820610064
"500","ENSG00000133216.16","male_heart",5,11.0716101372002,0.433671801478934,25.5299286221588
"506","ENSG00000121903.14","male_heart",5,6.86799109760409,1.82925658611389,3.75452582745354
"513","ENSG00000143079.14","male_heart",5,35.0947893102938,6.55022316399618,5.35780055604748
"519","ENSG00000196369.11","male_heart",5,6.48915865492507,1.49362979265954,4.34455625270473
"520","ENSG00000143376.13","male_heart",5,73.6799623762328,20.7755268121395,3.54647865454754
"522","ENSG00000183853.17","male_heart",5,59.6835524753128,7.67082378974823,7.78059229506453
"532","ENSG00000092969.11","male_heart",5,8.44731628562774,0.720016998566617,11.732106745319
"534","ENSG00000154309.8","male_heart",5,12.3930262490984,3.99268490487736,3.10393295347684
"539","ENSG00000117020.16","male_heart",5,9.42351902813575,0.674730597681243,13.9663431012619
"544","ENSG00000119771.14","male_heart",5,8.91555557131421,0.790788230042571,11.2742643764871
"547","ENSG00000115295.19","male_heart",5,21.1951528846965,5.10148606780911,4.15470170906475
"550","ENSG00000138061.11","male_heart",5,6.62702484374414,0.391104577370299,16.9443806776765
"561","ENSG00000157827.19","male_heart",5,47.402726089954,13.7548880643135,3.44624586316616
"563","ENSG00000078098.13","male_heart",5,3.632524476973,0.162281631294138,22.3840766697063
"567","ENSG00000144369.12","male_heart",5,9.74591107826672,1.25373217720887,7.77351914183428
"568","ENSG00000144366.15","male_heart",5,32.8267152001089,4.87213232082707,6.73764853630584
"569","ENSG00000065413.19","male_heart",5,22.9964432306393,6.85960421746276,3.35244461657079
"570","ENSG00000155760.2","male_heart",5,10.3641845833319,2.64954131070551,3.91169012593058
"571","ENSG00000114933.15","male_heart",5,5.84222133173444,1.11011641603874,5.26271051155284
"579","ENSG00000157985.18","male_heart",5,52.0153685093585,14.5119108609159,3.58432249259803
"584","ENSG00000131378.13","male_heart",5,21.1186748145136,5.71346885332137,3.69629648059372
"585","ENSG00000144645.13","male_heart",5,8.82140024220472,2.2598637730739,3.90350973687486
"591","ENSG00000114251.14","male_heart",5,18.8812210685648,2.28848057855833,8.25054896487667
"609","ENSG00000180611.6","male_heart",5,24.6870163979416,2.6280352789886,9.39371575234044
"617","ENSG00000196526.10","male_heart",5,73.2815684236503,10.2227283467173,7.1684941571574
"619","ENSG00000145147.19","male_heart",5,27.2942441817343,1.91973869361991,14.2176871635939
"620","ENSG00000091490.10","male_heart",5,13.7593418860755,3.95194528275348,3.48166305493198
"625","ENSG00000163071.10","male_heart",5,1.82087530972755,0.403267935988991,4.51529900402808
"634","ENSG00000145284.11","male_heart",5,7.97081052161154,1.11650489041,7.13907354107918
"640","ENSG00000164099.3","male_heart",5,4.30014399747222,0.202263071153062,21.2601537836736
"641","ENSG00000151458.11","male_heart",5,111.828857683804,15.0671713497071,7.42202070237808
"646","ENSG00000154447.14","male_heart",5,16.3725480862431,3.41913374086194,4.7885076534373
"647","ENSG00000218336.8","male_heart",5,44.1618211150924,0.953068838706916,46.336444254131
"648","ENSG00000153395.9","male_heart",5,9.70744601097063,2.94397638170051,3.29739262560367
"660","ENSG00000152380.9","male_heart",5,2.69214911390957,0.652375761570228,4.12668476129422
"661","ENSG00000113319.12","male_heart",5,1.7786172660037,0.22253164944026,7.99264855348668
"662","ENSG00000038427.15","male_heart",5,540.761270459837,9.77462759555869,55.3229537568821
"669","ENSG00000240184.6","male_heart",5,25.1452053000763,2.94684692497692,8.53291872304268
"674","ENSG00000037749.12","male_heart",5,38.9910873869258,12.1171596443397,3.21784052792766
"677","ENSG00000174705.12","male_heart",5,37.0952822804889,4.92663735866665,7.52953375292238
"680","ENSG00000131459.12","male_heart",5,11.4653375705845,0.511755599772167,22.4039318293515
"689","ENSG00000146112.11","male_heart",5,4.54509424762961,1.24193669086003,3.65968272060806
"699","ENSG00000164418.20","male_heart",5,1.79213595700791,0.0582502952859363,30.7661265614321
"705","ENSG00000010818.9","male_heart",5,53.430824699783,6.51822471081832,8.19714371170783
"707","ENSG00000131016.16","male_heart",5,134.266266851171,35.2296793919691,3.81116913830837
"708","ENSG00000130338.12","male_heart",5,54.7112765991325,10.1241784709135,5.40402134912147
"714","ENSG00000136193.16","male_heart",5,50.8296613808702,6.88145855664594,7.38646625020799
"716","ENSG00000122641.10","male_heart",5,17.31505730299,0.387092390101457,44.7310713043254
"717","ENSG00000106571.13","male_heart",5,37.9872466178857,1.06793925030976,35.5706062932581
"722","ENSG00000127946.16","male_heart",5,61.4181395599857,10.1131981245709,6.07306796558894
"724","ENSG00000197093.10","male_heart",5,4.28064550601502,0.657733864001326,6.50817259122664
"725","ENSG00000170775.2","male_heart",5,3.67050898447083,0.228493200280122,16.0639746827081
"730","ENSG00000157800.17","male_heart",5,39.3351643216797,12.3978136430332,3.17275008757561
"732","ENSG00000173273.15","male_heart",5,24.9442563169872,5.91166089349486,4.21950053739308
"733","ENSG00000104643.9","male_heart",5,6.29880134562847,1.41349120913505,4.45620128722474
"735","ENSG00000147408.14","male_heart",5,15.9081828470248,2.54251380574071,6.25687176648005
"748","ENSG00000164951.15","male_heart",5,28.407764536557,6.87291510873232,4.13329192738955
"760","ENSG00000165072.9","male_heart",5,3.28647144941365,0.302583211599282,10.8613806828318
"763","ENSG00000106723.16","male_heart",5,126.741208512169,41.6922412653733,3.03992312875325
"764","ENSG00000136928.6","male_heart",5,1.10259236592583,0.274720559865698,4.01350509210105
"765","ENSG00000198121.13","male_heart",5,13.2132810035527,2.6462323434131,4.99324295405983
"771","ENSG00000148344.10","male_heart",5,2.71904587512094,0.260654217752343,10.4316204762296
"774","ENSG00000165757.8","male_heart",5,47.3817584041529,4.36860225212422,10.845976738009
"787","ENSG00000148848.14","male_heart",5,12.26183986156,1.07099441945938,11.4490231123236
"793","ENSG00000110427.15","male_heart",5,3.50229819192463,0.0311809747679347,112.321639011948
"807","ENSG00000166025.17","male_heart",5,56.9591252629772,14.779689375524,3.85387837428469
"812","ENSG00000154096.13","male_heart",5,47.7928264737085,3.74800934532102,12.7515227605749
"813","ENSG00000166250.11","male_heart",5,23.8991187805452,0.208963235510268,114.369969062672
"815","ENSG00000078237.6","male_heart",5,1.0014984276291,0.258828167767237,3.8693564006903
"816","ENSG00000070018.8","male_heart",5,24.3981688238932,5.34210529724417,4.56714487385329
"841","ENSG00000136141.14","male_heart",5,46.3925447657172,8.96690194960608,5.1737539929
"854","ENSG00000211448.11","male_heart",5,1.16023763333243,0.0906437570919696,12.7999728889792
"857","ENSG00000066629.17","male_heart",5,36.5816587736272,4.31467487099562,8.47842766080447
"862","ENSG00000248905.8","male_heart",5,1.47337229555055,0.210592484585048,6.99631944821624
"867","ENSG00000166963.12","male_heart",5,18.0225123468403,2.70773041948331,6.65594780675373
"878","ENSG00000169330.8","male_heart",5,1.95643499510803,0.345743331064995,5.65863407713928
"887","ENSG00000103489.11","male_heart",5,1.61151131052261,0.150635234386001,10.6981033825933
"889","ENSG00000185716.11","male_heart",5,1.14447158626715,0.196888207287543,5.81279906010684
"896","ENSG00000140937.13","male_heart",5,86.3981735414929,3.54001625774762,24.4061516249829
"898","ENSG00000157368.10","male_heart",5,1.08253956723685,0.238448757624851,4.5399253827944
"910","ENSG00000221926.12","male_heart",5,16.160635863426,2.36287411949278,6.83939771911975
"922","ENSG00000141279.15","male_heart",5,116.369802340906,31.7957022889541,3.65992237829366
"928","ENSG00000101680.14","male_heart",5,4.35754780726082,1.169866311239,3.72482544834184
"938","ENSG00000130818.11","male_heart",5,30.4565081153404,9.98418978366074,3.05047367641017
"940","ENSG00000121297.6","male_heart",5,9.5938499406774,2.34324728440241,4.0942541594043
"946","ENSG00000125744.11","male_heart",5,6.02687648749792,1.87053163324748,3.22201259811602
"955","ENSG00000132640.14","male_heart",5,83.5437567611995,21.025159636324,3.9735135526327
"962","ENSG00000053438.9","male_heart",5,13.676823332161,0.511794186496172,26.7232877844799
"966","ENSG00000064655.18","male_heart",5,2.51999980170453,0.176141792011483,14.3066547292777
"986","ENSG00000188158.15","male_heart",5,2.51883163576051,0.481296118989431,5.23343433778202
"994","ENSG00000198205.6","male_heart",5,4.07473201679245,1.0814968682641,3.76767805470649
"1009","ENSG00000171680.21","male_lung",5,14.2464794032367,4.45918539789939,3.19486142243555
"1013","ENSG00000125945.14","male_lung",5,2.04527391543436,0.386143110338752,5.29667333346982
"1030","ENSG00000060718.21","male_lung",5,16.8817133985975,1.8523088526058,9.11387610918588
"1035","ENSG00000198799.11","male_lung",5,62.6227661994558,15.462567131461,4.04995921227336
"1039","ENSG00000178104.19","male_lung",5,166.147524320136,10.8551640955146,15.3058510086263
"1042","ENSG00000143320.8","male_lung",5,4.79907583695794,0.782053157861798,6.13650848246561
"1047","ENSG00000116183.10","male_lung",5,1.81229946081949,0.353615139582546,5.12506184819736
"1051","ENSG00000177888.7","male_lung",5,40.5709683761129,12.0485539759742,3.36728942386072
"1052","ENSG00000143847.15","male_lung",5,3.01953706300661,0.802541594278843,3.76246799484573
"1053","ENSG00000163485.16","male_lung",5,1.82308665583837,0.54284750434362,3.35837715242468
"1055","ENSG00000133056.13","male_lung",5,29.2904941058925,8.1878541553681,3.57731019020278
"1057","ENSG00000163531.15","male_lung",5,4.72501063949376,0.873787871567164,5.40750311745494
"1085","ENSG00000170500.12","male_lung",5,4.36597421695187,1.11602703116179,3.91206852078383
"1096","ENSG00000187123.14","male_lung",5,2.98972882283965,0.784528403692916,3.81086116036903
"1099","ENSG00000123636.17","male_lung",5,95.6665779546522,24.2653723812948,3.94251431428259
"1101","ENSG00000153246.12","male_lung",5,6.02188783783952,1.26176064818533,4.77260710777454
"1125","ENSG00000150995.19","male_lung",5,47.0328147407547,8.16620859182912,5.75944322409477
"1141","ENSG00000114423.20","male_lung",5,64.9315494141791,18.9465953956932,3.42708270578992
"1145","ENSG00000114670.13","male_lung",5,4.74916838878641,1.57280127232294,3.01956036808907
"1153","ENSG00000182580.2","male_lung",5,6.14231519457433,1.60756418262328,3.82088333453106
"1154","ENSG00000187068.2","male_lung",5,6.05920316641802,1.56092150987916,3.88181156327783
"1166","ENSG00000128045.6","male_lung",5,4.17822315050108,0.677769488195871,6.16466693067422
"1176","ENSG00000145362.17","male_lung",5,6.32294468690369,1.77031288082067,3.57165377680161
"1184","ENSG00000154553.14","male_lung",5,14.4919711678908,1.24341080575668,11.6550146587086
"1185","ENSG00000153404.14","male_lung",5,1.45494771606922,0.374504081788791,3.88499828658681
"1190","ENSG00000113448.18","male_lung",5,45.8696397759508,8.36882124989704,5.48101559422304
"1193","ENSG00000069020.18","male_lung",5,49.7779680972769,15.1538991052213,3.28482905631369
"1201","ENSG00000184349.12","male_lung",5,6.97018572895416,1.71132629664018,4.07297295824801
"1209","ENSG00000070808.15","male_lung",5,1.74769089169929,0.347551105070806,5.02858677817536
"1220","ENSG00000111913.18","male_lung",5,17.38549030334,5.30540660645985,3.27693833723724
"1234","ENSG00000112837.16","male_lung",5,1.87996476843662,0.217099389554924,8.65946593535219
"1235","ENSG00000188994.12","male_lung",5,95.0606199411271,28.6042292333243,3.3233064651286
"1242","ENSG00000146350.13","male_lung",5,9.47082328641072,2.61081493985539,3.62753527331022
"1244","ENSG00000135597.18","male_lung",5,47.4037679034388,13.5970745116374,3.48632110994663
"1249","ENSG00000112541.14","male_lung",5,22.3505006735599,1.34471163148561,16.62103617626
"1251","ENSG00000164916.10","male_lung",5,54.1409337593842,14.7771084883545,3.66383814547017
"1263","ENSG00000213462.4","male_lung",5,27.7889387360844,3.4495832740109,8.05573790476252
"1276","ENSG00000173114.12","male_lung",5,14.3909818320035,2.44812854448834,5.87836037629765
"1283","ENSG00000055609.17","male_lung",5,279.269031793201,89.3921477156972,3.1240890719103
"1289","ENSG00000061337.15","male_lung",5,4.01735876151576,0.764406673177272,5.25552549772692
"1315","ENSG00000099139.13","male_lung",5,7.73672867830576,1.83418218151251,4.21808081895435
"1316","ENSG00000106772.17","male_lung",5,6.61915542692916,1.98319696610636,3.33761877415769
"1319","ENSG00000180447.6","male_lung",5,11.7310436696946,3.83540301021282,3.058620864211
"1322","ENSG00000204291.10","male_lung",5,10.1094797332657,0.767127453318,13.1783573766522
"1327","ENSG00000136828.18","male_lung",5,9.2814150112197,1.67300494790772,5.54775108276108
"1328","ENSG00000136895.18","male_lung",5,2.79342401962771,0.930216719819097,3.00298195045447
"1353","ENSG00000138162.18","male_lung",5,21.9045988767065,4.53807232650099,4.82685098445659
"1355","ENSG00000175356.13","male_lung",5,1.51336732937461,0.230999321299579,6.55139296886483
"1356","ENSG00000110328.5","male_lung",5,9.47448253007203,2.62502070531455,3.60929820892088
"1374","ENSG00000110723.11","male_lung",5,3.76380573572314,1.13028852805141,3.32995128439625
"1375","ENSG00000150764.13","male_lung",5,29.295512556496,9.47516648807434,3.09182034884221
"1379","ENSG00000109944.10","male_lung",5,1.25543856258944,0.144939358103373,8.66181952933752
"1380","ENSG00000023171.17","male_lung",5,10.1232987052807,1.58391985383628,6.39129478727216
"1382","ENSG00000165495.15","male_lung",5,6.0250409242513,0.680025856324526,8.8600174070087
"1383","ENSG00000134909.18","male_lung",5,50.6640564706794,7.38940327021624,6.85631229180388
"1385","ENSG00000048540.14","male_lung",5,1.44097359781198,0.0201065746398838,71.6667867909055
"1389","ENSG00000123095.5","male_lung",5,1.60642931034505,0.0778842693478444,20.6258506858486
"1401","ENSG00000185633.10","male_lung",5,1.89600670056961,0.522051055420497,3.63184152370391
"1404","ENSG00000127334.10","male_lung",5,63.3843233861504,13.8901546975304,4.56325539681857
"1407","ENSG00000179104.8","male_lung",5,7.40613624761296,0.981980721175832,7.54203833935231
"1412","ENSG00000132932.16","male_lung",5,1.32887105824735,0.367564703425981,3.61533913855511
"1422","ENSG00000100842.12","male_lung",5,10.9747997008778,1.73603561775493,6.32175952419144
"1432","ENSG00000139971.15","male_lung",5,11.7159264126051,3.32915394647073,3.51919034114516
"1433","ENSG00000165617.14","male_lung",5,7.59069803844923,2.38713642382957,3.17983419911621
"1444","ENSG00000182218.9","male_lung",5,4.23858766158577,1.29409883094151,3.27531990620996
"1453","ENSG00000137872.16","male_lung",5,26.1901543825622,4.74833485314608,5.51565026320954
"1456","ENSG00000166839.16","male_lung",5,5.02873894330392,0.645543290404656,7.78993294183521
"1460","ENSG00000066933.15","male_lung",5,95.2677353219358,19.3920601795184,4.9127186302029
"1463","ENSG00000182253.14","male_lung",5,18.2648467031323,2.4873346385463,7.34314009063413
"1467","ENSG00000126603.8","male_lung",5,2.43591646436929,0.512608201413264,4.75200446979477
"1471","ENSG00000186260.16","male_lung",5,63.2848021530716,14.2129996471505,4.45259999466469
"1482","ENSG00000167723.14","male_lung",5,1.38460402915566,0.376337959337852,3.67915060067765
"1486","ENSG00000007237.18","male_lung",5,23.2315052994574,3.61893156538146,6.41943758254203
"1487","ENSG00000006740.16","male_lung",5,1.86866019642748,0.4776442318026,3.91224277821857
"1493","ENSG00000274211.4","male_lung",5,5.57591213834647,0.81345541611964,6.85460079047084
"1495","ENSG00000161381.13","male_lung",5,2.13696937871223,0.453364448342364,4.71357951980053
"1503","ENSG00000168646.12","male_lung",5,3.82094584560667,1.09151087114693,3.50060264776999
"1509","ENSG00000178404.9","male_lung",5,1.51560144430315,0.0652022600789654,23.2446151784866
"1510","ENSG00000158270.11","male_lung",5,29.2828096079192,3.83603208543779,7.63361957244351
"1511","ENSG00000082397.17","male_lung",5,74.7151852513989,12.2215048342136,6.11341944097071
"1527","ENSG00000186300.11","male_lung",5,16.204478129673,5.17019499864889,3.1342102442766
"1530","ENSG00000105088.8","male_lung",5,3.76507331978751,1.14939138341877,3.27571040996376
"1531","ENSG00000080573.6","male_lung",5,6.99351187180107,0.412077815108468,16.9713379740189
"1536","ENSG00000072071.16","male_lung",5,10.2549015320763,3.17658571596628,3.22827792133318
"1555","ENSG00000189144.13","male_lung",5,5.58322767996938,1.58735456230604,3.51731605058564
"1557","ENSG00000105227.14","male_lung",5,5.25906014858102,1.25846243214309,4.17895680813065
"1568","ENSG00000196267.12","male_lung",5,4.29390095682511,1.08632916427955,3.95267023846571
"1569","ENSG00000221923.8","male_lung",5,10.1740879330413,3.31198019557941,3.07190482196148
"1584","ENSG00000124104.18","male_lung",5,14.3469607981376,3.55323708970561,4.03771559170747
"1585","ENSG00000101134.11","male_lung",5,1.96579884184358,0.0863890118552517,22.7551953613887
"1589","ENSG00000154721.14","male_lung",5,7.20124646118128,1.5011595713506,4.79712257018905
"1602","ENSG00000158352.15","male_lung",5,9.59126585598662,1.98681784182169,4.8274510395943
"1603","ENSG00000079482.12","male_lung",5,23.40346665652,2.46126573362106,9.50871185375355
"1613","ENSG00000158292.6","male_muscle",5,10.1407140142946,1.00174907161749,10.1230081480592
"1614","ENSG00000171603.17","male_muscle",5,87.6183652609522,26.8963293875182,3.2576328166777
"1617","ENSG00000048707.15","male_muscle",5,146.180449561835,28.7982575956777,5.07601715403001
"1618","ENSG00000162458.12","male_muscle",5,20.6841054369518,5.458023288777,3.78966969222782
"1624","ENSG00000142794.18","male_muscle",5,6.8421555154346,1.68201390493877,4.06783528682165
"1629","ENSG00000158008.9","male_muscle",5,1.80901828180131,0.0684565391463784,26.4257922524121
"1633","ENSG00000060656.19","male_muscle",5,16.8138405544917,4.50283019377524,3.73406054213089
"1635","ENSG00000121753.12","male_muscle",5,10.3113983044958,0.468581375903298,22.0055658093927
"1638","ENSG00000116525.13","male_muscle",5,4.86161453938935,1.30903486623967,3.71389232232966
"1643","ENSG00000116885.18","male_muscle",5,4.44648236944564,1.07981669167383,4.11781222102904
"1649","ENSG00000171357.5","male_muscle",5,1.24777379304757,0.109097569550352,11.4372281453225
"1653","ENSG00000157193.16","male_muscle",5,7.21122614127466,2.26073251735143,3.18977414883341
"1679","ENSG00000075391.16","male_muscle",5,59.6750066020985,14.0840806736426,4.23705373356574
"1685","ENSG00000118200.14","male_muscle",5,73.3454149039122,12.9211847203609,5.6763691945628
"1686","ENSG00000174307.6","male_muscle",5,6.12701463487106,1.03778768763405,5.9039191810412
"1687","ENSG00000117139.17","male_muscle",5,147.53812410562,46.1083192806493,3.19981570370401
"1699","ENSG00000138031.14","male_muscle",5,16.9981351678157,4.96713030224838,3.42212386901174
"1702","ENSG00000150938.9","male_muscle",5,61.363882886454,20.0803303963857,3.05591998115225
"1708","ENSG00000171132.13","male_muscle",5,22.5435174042038,3.50484267360664,6.43210537636074
"1709","ENSG00000250565.6","male_muscle",5,3.30099028999709,1.09855887721901,3.00483693541625
"1711","ENSG00000243244.6","male_muscle",5,12.4336140162715,2.59427443241763,4.79271346967117
"1713","ENSG00000115977.18","male_muscle",5,82.0781844361411,12.6872390580559,6.46934956144179
"1715","ENSG00000144036.15","male_muscle",5,78.6096961403214,12.4219335851428,6.32829789352136
"1716","ENSG00000135631.16","male_muscle",5,17.1695534865496,5.30257626097884,3.23796446133151
"1719","ENSG00000135622.12","male_muscle",5,2.92246668184732,0.866793900963524,3.37158196267731
"1730","ENSG00000152127.8","male_muscle",5,62.8720011504978,8.43199495247573,7.45636133617915
"1734","ENSG00000128656.13","male_muscle",5,13.8621980147943,1.28134069620067,10.818510686422
"1738","ENSG00000061676.14","male_muscle",5,173.477684169606,54.2640784431307,3.19691569721233
"1740","ENSG00000138448.11","male_muscle",5,80.7138865433719,23.7593083921735,3.39714798137641
"1742","ENSG00000196950.13","male_muscle",5,55.7104859372609,13.8591796904135,4.01975349059052
"1744","ENSG00000204217.13","male_muscle",5,159.043218073754,33.433569285534,4.75699189384989
"1747","ENSG00000030419.16","male_muscle",5,12.7998573696761,3.56884025882373,3.58655934179998
"1748","ENSG00000114923.16","male_muscle",5,8.21588105673462,0.752803366347048,10.9137145555046
"1752","ENSG00000063660.8","male_muscle",5,42.8073327844814,6.69151424061783,6.39725647218065
"1759","ENSG00000174738.12","male_muscle",5,49.6249248854556,13.5608033766571,3.65943842021023
"1774","ENSG00000163635.18","male_muscle",5,2.37349971701422,0.7836986181744,3.0285873446392
"1777","ENSG00000269028.3","male_muscle",5,7.44934131545483,0.138857637167143,53.6473287852944
"1785","ENSG00000114554.11","male_muscle",5,79.152094177165,23.599802274516,3.35393039553711
"1791","ENSG00000197415.11","male_muscle",5,2.16445893014428,0.560404041911937,3.86231855637545
"1794","ENSG00000013297.11","male_muscle",5,1.62554431666934,0.503991517488786,3.22534062630431
"1807","ENSG00000163132.6","male_muscle",5,1.1714497531368,0.22032101599485,5.31701321295733
"1809","ENSG00000181982.18","male_muscle",5,13.7775570302766,4.16845492092333,3.30519516023093
"1812","ENSG00000109189.12","male_muscle",5,52.1087592728205,12.4362042652612,4.19008550851638
"1816","ENSG00000163625.15","male_muscle",5,185.836287524717,28.0125906262053,6.63402717743893
"1818","ENSG00000138650.8","male_muscle",5,1.6205441763873,0.379049376107888,4.27528517004088
"1821","ENSG00000109436.7","male_muscle",5,35.2639062332755,9.90887859690022,3.55881908214185
"1828","ENSG00000164236.11","male_muscle",5,8.24955386885484,2.60327152151821,3.16891795598938
"1833","ENSG00000049192.14","male_muscle",5,8.02715265737825,1.98550021744523,4.04288681857053
"1840","ENSG00000131437.15","male_muscle",5,14.2743300700684,3.76201930337302,3.79432664188354
"1841","ENSG00000072364.12","male_muscle",5,180.404016601984,49.3115523156111,3.65845340757751
"1850","ENSG00000054598.7","male_muscle",5,2.64994549931506,0.422979026846221,6.2649571991154
"1870","ENSG00000085382.11","male_muscle",5,35.1850045855236,9.44865028021785,3.72381277135303
"1876","ENSG00000152661.8","male_muscle",5,85.3926719914675,4.61568958102036,18.5005231596598
"1882","ENSG00000120256.10","male_muscle",5,2.99764405445531,0.827957519379229,3.62052881252027
"1887","ENSG00000174945.13","male_muscle",5,2.56437153254374,0.0329248343824124,77.885631944547
"1890","ENSG00000008256.15","male_muscle",5,34.204773621546,10.4664602564374,3.26803645009862
"1894","ENSG00000105855.9","male_muscle",5,52.0411198827266,0.528711796385053,98.4300335996775
"1927","ENSG00000275342.4","male_muscle",5,1.72877343916912,0.301847219806502,5.72731277855514
"1947","ENSG00000156804.7","male_muscle",5,25.2098427924883,0.72705538663201,34.6738959039553
"1952","ENSG00000147852.15","male_muscle",5,42.2160844892892,1.7607742433372,23.9758643954701
"1960","ENSG00000106829.18","male_muscle",5,31.4957500318684,10.4307090085402,3.0195214923627
"1963","ENSG00000136848.17","male_muscle",5,42.7073031274561,11.458381223016,3.72716724083779
"1975","ENSG00000160360.12","male_muscle",5,17.1781045321216,5.14700207281706,3.33749710784936
"1981","ENSG00000067057.16","male_muscle",5,14.7813457546222,4.55529279996608,3.24487281141012
"1988","ENSG00000156671.13","male_muscle",5,49.969387195902,10.7773940221059,4.63649998259394
"1989","ENSG00000151208.16","male_muscle",5,18.8764840854267,4.15598705177955,4.54199780948403
"2011","ENSG00000184014.7","male_muscle",5,91.2324710613719,24.7078089889994,3.69245492799427
"2012","ENSG00000133812.15","male_muscle",5,88.9025506313559,20.7883116780816,4.27656425437816
"2013","ENSG00000255823.4","male_muscle",5,3.24386165589234,0.492354928770993,6.58846183177166
"2019","ENSG00000176697.18","male_muscle",5,3.46268167810461,0.599910130508014,5.77200067478833
"2026","ENSG00000006118.14","male_muscle",5,14.9899368569543,2.22808583938585,6.72771963807558
"2042","ENSG00000033327.12","male_muscle",5,33.737231883212,8.86820212735846,3.80429216640568
"2048","ENSG00000181264.8","male_muscle",5,14.401259511196,4.38641129126515,3.28315302759544
"2053","ENSG00000082805.19","male_muscle",5,90.525352032268,18.7962205295095,4.81614651680352
"2062","ENSG00000110841.13","male_muscle",5,86.0324228208203,15.1118584418674,5.6930405450641
"2065","ENSG00000139146.13","male_muscle",5,8.04777354207363,2.35178035252582,3.42199199573646
"2067","ENSG00000111371.15","male_muscle",5,142.307504241074,20.8664642649358,6.81991459761627
"2079","ENSG00000175183.9","male_muscle",5,28.4531809388558,4.46962762697096,6.36589517371906
"2080","ENSG00000028203.17","male_muscle",5,110.94914487604,29.9820184615313,3.70052286567678
"2102","ENSG00000102547.18","male_muscle",5,10.0822972208499,3.35448110557969,3.00562051283564
"2106","ENSG00000183087.14","male_muscle",5,21.199342715377,4.15723111837849,5.09938998138879
"2111","ENSG00000100503.23","male_muscle",5,124.158550176261,18.7287942456145,6.62928689097718
"2116","ENSG00000139973.16","male_muscle",5,1.82369518043929,0.0543026185180101,33.5839270777419
"2137","ENSG00000179455.8","male_muscle",5,1.53839768340075,0.292057145010735,5.26745436528938
"2138","ENSG00000172575.11","male_muscle",5,2.53710884672508,0.389822221405162,6.50837409314369
"2140","ENSG00000092445.11","male_muscle",5,16.8876761031233,4.35015731995979,3.88208399398287
"2145","ENSG00000197535.14","male_muscle",5,37.0237434667505,4.88128519188776,7.58483514306447
"2151","ENSG00000180357.9","male_muscle",5,64.4960806197528,21.0992784787868,3.05679081323075
"2160","ENSG00000172379.20","male_muscle",5,9.47252265576887,0.912709350315899,10.3784656665239
"2162","ENSG00000103888.16","male_muscle",5,8.03254471583324,1.07391015773793,7.47971760761895
"2165","ENSG00000140511.11","male_muscle",5,5.71697688972229,0.365823265670339,15.6277017516817
"2169","ENSG00000140443.14","male_muscle",5,88.0535295871261,24.5272899182974,3.59002278198856
"2174","ENSG00000103512.14","male_muscle",5,21.1139148699909,5.56064654402605,3.79702516655624
"2178","ENSG00000185164.14","male_muscle",5,17.7203850559693,4.09022523320273,4.33237390257208
"2181","ENSG00000103404.14","male_muscle",5,33.4448388695435,10.669412934907,3.13464658960967
"2202","ENSG00000050820.16","male_muscle",5,13.2353662213699,3.48430756434065,3.79856427050936
"2204","ENSG00000261609.6","male_muscle",5,36.0903700032787,8.76625940372022,4.1169635007564
"2226","ENSG00000160551.11","male_muscle",5,185.515665229798,52.8853726031374,3.50788235193019
"2232","ENSG00000178502.5","male_muscle",5,15.6717715534016,2.29378477596822,6.83227638337884
"2235","ENSG00000108852.14","male_muscle",5,2.70280825559232,0.14971187185152,18.053399654724
"2240","ENSG00000005884.17","male_muscle",5,31.4407666090742,2.29305505719023,13.7113003503718
"2246","ENSG00000108854.15","male_muscle",5,63.322189337956,9.24739074137526,6.84757366795758
"2247","ENSG00000109089.7","male_muscle",5,6.06075654066471,1.93897639035942,3.12575056137803
"2250","ENSG00000035862.12","male_muscle",5,151.673902802525,30.8405035904935,4.91800992670165
"2252","ENSG00000176845.12","male_muscle",5,3.00550554819429,0.829323255052664,3.62404590716974
"2256","ENSG00000134278.15","male_muscle",5,25.0468545249477,3.69381198687658,6.78076052975475
"2258","ENSG00000134504.13","male_muscle",5,8.43563156429776,2.12506385039266,3.96958969620563
"2269","ENSG00000176490.4","male_muscle",5,1.56285108655656,0.256670203135282,6.08894631112609
"2292","ENSG00000105419.17","male_muscle",5,4.0396140070921,0.975781710872946,4.13987468926653
"2310","ENSG00000101311.15","male_muscle",5,1.13007545670705,0.237304879337146,4.7621248238285
"2340","ENSG00000100139.13","male_muscle",5,22.1421983789102,5.88372485769051,3.76329602666048
"2350","ENSG00000008086.11","male_muscle",5,35.4700828760878,6.38881048880431,5.55190718808223
"2356","ENSG00000197565.15","male_muscle",5,4.91388065744267,0.849018478411872,5.78771932812853
"2357","ENSG00000130224.14","male_muscle",5,10.7089303542514,0.834692192006916,12.8297957699869
"2367","ENSG00000054523.17","male_placenta",5,80.3271926520761,23.3239223433131,3.44398302608419
"2370","ENSG00000219481.10","male_placenta",5,37.985697844485,7.76877200794282,4.88953695714693
"2372","ENSG00000285721.1","male_placenta",5,4.09836095809885,1.10167279557424,3.72012540798251
"2374","ENSG00000160062.14","male_placenta",5,5.07841900029733,1.36254087482615,3.72716818564823
"2375","ENSG00000162520.14","male_placenta",5,3.24088356782773,0.344374038683116,9.41094044202881
"2378","ENSG00000146463.11","male_placenta",5,112.503284983312,31.3204202300444,3.59201071240392
"2379","ENSG00000126070.19","male_placenta",5,54.462269450588,16.7006903305765,3.26107893581355
"2381","ENSG00000127603.25","male_placenta",5,513.345593173589,100.02479291971,5.13218351359799
"2382","ENSG00000127124.15","male_placenta",5,7.46645694302656,1.5419486819804,4.84222142428049
"2384","ENSG00000117461.14","male_placenta",5,16.1607129754126,5.30198815093013,3.04804773518355
"2385","ENSG00000132122.11","male_placenta",5,11.1120318226701,1.99650883806411,5.5657313460454
"2389","ENSG00000116641.17","male_placenta",5,82.0935344046653,27.110124891465,3.02815035833754
"2392","ENSG00000184588.17","male_placenta",5,36.9004307784872,5.55616955136978,6.64134354384308
"2393","ENSG00000172260.14","male_placenta",5,1.13990874879831,0.223891968555603,5.09133380778336
"2400","ENSG00000085433.15","male_placenta",5,15.731928095211,5.06079227710216,3.10858996651394
"2406","ENSG00000273136.6","male_placenta",5,6.33157795697305,1.47921923875533,4.28035127659689
"2410","ENSG00000264343.5","male_placenta",5,1.89601855396146,0.156021651150541,12.1522784817348
"2413","ENSG00000270629.5","male_placenta",5,8.67587582596066,2.5725401100585,3.37249389894386
"2420","ENSG00000143614.9","male_placenta",5,8.50759761122897,1.26052447933805,6.74925219674959
"2422","ENSG00000116539.12","male_placenta",5,159.896021013506,38.7181937674875,4.12973864363926
"2425","ENSG00000132718.8","male_placenta",5,10.2061770191251,1.85483931719706,5.50245885155603
"2427","ENSG00000132688.10","male_placenta",5,33.6297182825966,6.73065296885365,4.99650159326582
"2428","ENSG00000018625.14","male_placenta",5,2.54197955053471,0.263208446864802,9.65766707266962
"2431","ENSG00000143147.14","male_placenta",5,14.1987693891037,2.42043771960903,5.86619902428112
"2435","ENSG00000143322.19","male_placenta",5,46.1464635955275,12.3209557051216,3.74536397175304
"2436","ENSG00000135835.11","male_placenta",5,7.52566487449988,1.26621251094042,5.94344536124552
"2440","ENSG00000134369.15","male_placenta",5,98.988033178906,3.39927061621839,29.1203744434528
"2442","ENSG00000198892.6","male_placenta",5,3.98061261407558,0.365394514956017,10.8940130493057
"2443","ENSG00000077157.21","male_placenta",5,92.9818515174147,23.4871676734613,3.95883628073542
"2452","ENSG00000154380.17","male_placenta",5,120.074904494643,12.1320413779748,9.89733720432522
"2453","ENSG00000143816.7","male_placenta",5,1.36336829142054,0.10459591659218,13.034622534418
"2455","ENSG00000116991.10","male_placenta",5,60.0638976243878,2.7778606088548,21.6223583836158
"2458","ENSG00000135749.18","male_placenta",5,3.72209695638005,0.403315817761461,9.22874033812744
"2459","ENSG00000143702.15","male_placenta",5,17.4521793378942,2.79595765936698,6.2419326270647
"2473","ENSG00000157833.12","male_placenta",5,2.60824267230325,0.809231253367694,3.22311164015082
"2479","ENSG00000183023.18","male_placenta",5,52.4148945837656,6.8742617248082,7.62480345992762
"2495","ENSG00000168874.12","male_placenta",5,2.80113440556316,0.591021291666437,4.73948137750691
"2500","ENSG00000233757.6","male_placenta",5,1.59719827046698,0.37828031712888,4.2222611067623
"2511","ENSG00000074047.21","male_placenta",5,5.7919597550724,0.94393205677526,6.13599221840116
"2541","ENSG00000072195.14","male_placenta",5,9.92701687171309,1.56551165356788,6.34106865259605
"2543","ENSG00000163053.10","male_placenta",5,3.68057860396033,1.14514642004764,3.21406812222948
"2544","ENSG00000135931.17","male_placenta",5,11.5362745369161,2.83511590497247,4.06906628285736
"2550","ENSG00000144712.12","male_placenta",5,4.19028077717066,1.18250889015689,3.54355118346274
"2555","ENSG00000033867.16","male_placenta",5,37.3978297702468,8.58904898145499,4.35412929312595
"2556","ENSG00000283563.1","male_placenta",5,1.08308432436277,0.135835555500423,7.97349648531012
"2557","ENSG00000153558.15","male_placenta",5,5.12123884305271,1.14137828731806,4.48689001705673
"2560","ENSG00000183873.15","male_placenta",5,1.26424683952859,0.154517344164163,8.18190893952606
"2564","ENSG00000114853.13","male_placenta",5,13.2283973215862,2.76067672542683,4.79172269601431
"2568","ENSG00000047849.21","male_placenta",5,179.899171649103,59.5894900452793,3.01897484795399
"2586","ENSG00000144857.14","male_placenta",5,7.52983994398484,1.30598062282869,5.7656597750092
"2588","ENSG00000185565.11","male_placenta",5,1.33913521685918,0.332916811422362,4.02243194369736
"2591","ENSG00000073711.10","male_placenta",5,39.7501874031136,8.80440869693653,4.51480488598224
"2592","ENSG00000168917.8","male_placenta",5,2.84694856276881,0.726375433201964,3.91938993616437
"2594","ENSG00000158186.12","male_placenta",5,27.6382154688617,2.3927622214563,11.5507572048009
"2600","ENSG00000151967.18","male_placenta",5,1.71453810536946,0.275297031883891,6.22795710377503
"2603","ENSG00000169760.17","male_placenta",5,2.71227168487561,0.246835709293313,10.9881657424722
"2619","ENSG00000048342.15","male_placenta",5,15.2608895411246,4.05322203969215,3.76512547096573
"2621","ENSG00000152990.13","male_placenta",5,72.3290752831026,23.345688192602,3.09817704607324
"2623","ENSG00000109680.10","male_placenta",5,6.64251012139679,1.94643727134574,3.41265049697915
"2626","ENSG00000163069.12","male_placenta",5,31.5532395949986,4.86664590943147,6.48357003616166
"2633","ENSG00000138771.15","male_placenta",5,24.3588628264602,7.79187662474451,3.12618692512459
"2634","ENSG00000152784.15","male_placenta",5,3.98302887766002,0.122769542107698,32.4431354005211
"2636","ENSG00000163629.12","male_placenta",5,22.8853043425897,4.28030835270219,5.34664852548346
"2646","ENSG00000138685.15","male_placenta",5,16.7594707135315,3.15665077897293,5.3092571484846
"2647","ENSG00000196159.11","male_placenta",5,44.4235333488026,13.8369189853728,3.21050758451093
"2649","ENSG00000170153.10","male_placenta",5,6.80071751222582,2.05004859488256,3.31734453963781
"2650","ENSG00000170365.9","male_placenta",5,18.6749167443887,5.40099708925259,3.45767946839849
"2659","ENSG00000112902.11","male_placenta",5,83.3379780484184,16.3126610428412,5.10879113037117
"2660","ENSG00000038382.19","male_placenta",5,145.161750549854,25.619892717673,5.6659780799831
"2664","ENSG00000197603.13","male_placenta",5,48.4145329394452,10.0941650863132,4.79628899720404
"2668","ENSG00000164171.10","male_placenta",5,9.98657913690078,1.68321637460332,5.93303349918652
"2672","ENSG00000131711.14","male_placenta",5,75.7863470411085,4.40486641816909,17.2051408252715
"2680","ENSG00000248483.6","male_placenta",5,2.2472240912148,0.370770286602299,6.06096057968434
"2681","ENSG00000185261.14","male_placenta",5,4.3805809683809,1.31923670940599,3.32054205067818
"2682","ENSG00000174136.11","male_placenta",5,15.8929560167504,5.15216588137831,3.08471357146962
"2684","ENSG00000151422.12","male_placenta",5,46.5402328721106,11.2978296012418,4.11939589414547
"2688","ENSG00000184838.14","male_placenta",5,2.2137624740598,0.12257120467561,18.0610321969064
"2694","ENSG00000064651.13","male_placenta",5,39.7745691429089,10.5343553107526,3.77570036035431
"2696","ENSG00000152377.13","male_placenta",5,6.51894467390083,0.326528381645971,19.9644044448449
"2697","ENSG00000146006.7","male_placenta",5,2.55535271548433,0.0500112793904347,51.0955277815403
"2699","ENSG00000170464.9","male_placenta",5,10.6959341250557,2.32246528845036,4.60542259910048
"2700","ENSG00000187372.11","male_placenta",5,1.72927789169499,0.341863546746287,5.05838633031666
"2702","ENSG00000081853.14","male_placenta",5,1.00680172457094,0.312805905215826,3.21861482722418
"2703","ENSG00000254245.2","male_placenta",5,1.81559241711652,0.129821361415092,13.9853133361568
"2704","ENSG00000253731.2","male_placenta",5,2.2754001826443,0.472315082897981,4.81754715238637
"2705","ENSG00000253537.2","male_placenta",5,1.44130781383053,0.157470193382208,9.1528928927662
"2706","ENSG00000253953.2","male_placenta",5,3.33489112866674,0.520081460410416,6.41224766219325
"2707","ENSG00000276547.1","male_placenta",5,5.37077263776219,1.10875324672839,4.84397466578771
"2708","ENSG00000261934.2","male_placenta",5,1.49008296385872,0.264181297397557,5.6403802181967
"2709","ENSG00000253305.2","male_placenta",5,3.70184831025208,0.99637316870672,3.71532316055543
"2710","ENSG00000253846.2","male_placenta",5,8.14221968793118,2.02771919381712,4.01545722541774
"2711","ENSG00000254122.2","male_placenta",5,3.64702842931129,1.11727989700427,3.26420303371605
"2712","ENSG00000253873.5","male_placenta",5,3.68173429094841,0.910085039090891,4.04548380954179
"2713","ENSG00000253159.2","male_placenta",5,2.07805327321333,0.283074122770612,7.34102168320512
"2714","ENSG00000113578.17","male_placenta",5,1.43925431960556,0.217709502685659,6.61089342380996
"2715","ENSG00000113657.12","male_placenta",5,53.5379346871039,5.72935391664793,9.34449773325005
"2722","ENSG00000165671.20","male_placenta",5,168.795472817013,55.2808680547752,3.05341574321448
"2723","ENSG00000177932.6","male_placenta",5,16.9684769635645,5.17375109001675,3.27972425969753
"2725","ENSG00000137285.9","male_placenta",5,5.02542724561015,0.312201686775906,16.0967331647293
"2727","ENSG00000095951.16","male_placenta",5,36.2906357012659,10.3456999879876,3.50779896414964
"2730","ENSG00000112186.11","male_placenta",5,36.238299024965,6.40578902866578,5.65711715805802
"2741","ENSG00000146197.8","male_placenta",5,3.29097965723625,0.321024133251189,10.2515023525075
"2742","ENSG00000112139.15","male_placenta",5,1.2737877467101,0.349044544109329,3.64935584356568
"2745","ENSG00000112619.7","male_placenta",5,2.08636067588311,0.44563211586065,4.68180052924085
"2758","ENSG00000009413.15","male_placenta",5,70.7244844458898,23.3413690740016,3.03000583306251
"2760","ENSG00000111860.13","male_placenta",5,30.2584177830873,3.63291397297989,8.32896622604798
"2764","ENSG00000079931.14","male_placenta",5,4.26355336744422,0.303601176277956,14.0432702524868
"2766","ENSG00000171408.13","male_placenta",5,5.95065217528268,0.864243245162371,6.8853904367684
"2776","ENSG00000164674.15","male_placenta",5,1.9093667239059,0.54848890449136,3.48114010743125
"2777","ENSG00000071242.11","male_placenta",5,20.8974827987228,5.04999973426732,4.1381156234367
"2782","ENSG00000146555.18","male_placenta",5,12.9128626621068,2.20194434155697,5.86430020886734
"2789","ENSG00000146592.16","male_placenta",5,26.2757553336489,1.81934912011007,14.4423931851294
"2790","ENSG00000154678.16","male_placenta",5,2.47226159343748,0.118433878933196,20.8746147276996
"2794","ENSG00000136274.8","male_placenta",5,3.46566538213618,0.729663855218755,4.74967391813202
"2806","ENSG00000075223.13","male_placenta",5,9.71112712871213,1.56421159298334,6.20832064681901
"2807","ENSG00000153956.15","male_placenta",5,11.5767834716442,3.34001246852411,3.46608989659244
"2808","ENSG00000075213.10","male_placenta",5,23.8605870947372,1.53872303305952,15.5067459068927
"2816","ENSG00000239521.8","male_placenta",5,10.7259647495467,3.4471936672659,3.11150628158756
"2820","ENSG00000164597.13","male_placenta",5,27.415177532507,7.8463385485872,3.4940090034024
"2827","ENSG00000128591.15","male_placenta",5,22.7643250993427,1.56787740552042,14.5191996639473
"2832","ENSG00000105894.11","male_placenta",5,56.512951894798,17.1535817258502,3.29452780171466
"2834","ENSG00000122778.9","male_placenta",5,24.5773460786561,4.15026687335435,5.92187125036421
"2852","ENSG00000165046.12","male_placenta",5,2.88952828355171,0.65154390895133,4.43489417037518
"2853","ENSG00000104332.11","male_placenta",5,52.882836781191,11.7648869825841,4.49497193296247
"2858","ENSG00000035681.8","male_placenta",5,39.9123306010734,12.9665839003631,3.0780914161945
"2859","ENSG00000198846.5","male_placenta",5,5.33955601107307,1.25863344472625,4.24234397508356
"2866","ENSG00000104427.11","male_placenta",5,16.8308904297096,3.77349693470494,4.46028994350453
"2867","ENSG00000156103.15","male_placenta",5,16.5932846817521,2.57039431062261,6.45554054223409
"2868","ENSG00000079102.16","male_placenta",5,22.091738750527,5.77068569545639,3.82826927620078
"2875","ENSG00000169946.13","male_placenta",5,10.7741961296592,3.55018497228089,3.03482669601215
"2876","ENSG00000104447.12","male_placenta",5,21.1426421271373,1.86024123887682,11.3655378051413
"2877","ENSG00000170961.6","male_placenta",5,7.54867304063022,0.146008105347017,51.7003698026854
"2886","ENSG00000178031.16","male_placenta",5,6.86391826729021,1.77529762570761,3.86634791141251
"2897","ENSG00000274349.4","male_placenta",5,4.98770752503518,1.58220906091874,3.15236946130176
"2915","ENSG00000148143.12","male_placenta",5,51.5080810540233,2.43048483950882,21.1925127928108
"2918","ENSG00000136866.13","male_placenta",5,3.04275596896843,0.702340633206804,4.33230803559744
"2921","ENSG00000119401.10","male_placenta",5,18.6695270771752,4.92080393962338,3.79399937616781
"2922","ENSG00000011454.16","male_placenta",5,87.7599647081418,27.1823855682717,3.22856007202615
"2925","ENSG00000197694.15","male_placenta",5,288.496830052306,81.4000707044451,3.5441840228838
"2943","ENSG00000107863.17","male_placenta",5,174.880532983795,32.4405580647747,5.39079915439826
"2960","ENSG00000138336.8","male_placenta",5,25.2508716288363,6.6124903995948,3.81866287932662
"2969","ENSG00000156650.13","male_placenta",5,9.63739701529259,1.75687152840645,5.48554453724575
"2971","ENSG00000107771.16","male_placenta",5,91.459753855876,15.5383013614422,5.88608443924446
"2972","ENSG00000107779.13","male_placenta",5,52.9539713450029,8.98846650704472,5.89132432139566
"2975","ENSG00000138193.15","male_placenta",5,14.1602983410103,1.06570228113064,13.2872928882043
"2986","ENSG00000174775.16","male_placenta",5,10.3911392277559,3.27013245542432,3.17758970604375
"2992","ENSG00000166402.8","male_placenta",5,16.8326563115315,2.57080942842526,6.54760952928443
"3004","ENSG00000134569.9","male_placenta",5,22.2491487607899,1.95623346249228,11.3734629262726
"3010","ENSG00000167771.5","male_placenta",5,2.98881145504076,0.71461863647008,4.18238666403139
"3018","ENSG00000171533.11","male_placenta",5,1.13679948028917,0.355550105769449,3.19729754496631
"3021","ENSG00000149256.15","male_placenta",5,1.96497158591677,0.358587075583392,5.47976131800044
"3025","ENSG00000187240.14","male_placenta",5,15.3311693710557,3.21439426564794,4.76953606310809
"3026","ENSG00000170962.12","male_placenta",5,7.38557557260731,2.24402952050971,3.29121141460285
"3031","ENSG00000149289.10","male_placenta",5,20.6272556680196,5.93564082946366,3.47515226420522
"3037","ENSG00000019144.18","male_placenta",5,43.8886620626645,10.2662199932853,4.27505567690642
"3038","ENSG00000110395.6","male_placenta",5,55.5265457716179,13.9759353210708,3.97301107196048
"3041","ENSG00000151067.21","male_placenta",5,4.48554947737198,0.170594184639128,26.2936833800087
"3043","ENSG00000110811.19","male_placenta",5,8.10247331987481,2.48312710189618,3.26301191497107
"3047","ENSG00000052126.14","male_placenta",5,52.4259875781663,17.0834718596124,3.06881341269442
"3048","ENSG00000133687.15","male_placenta",5,13.6323328023672,1.66856139773112,8.17011158289063
"3051","ENSG00000139174.11","male_placenta",5,23.2549123960747,3.01794492551131,7.70554565111382
"3055","ENSG00000167552.13","male_placenta",5,96.632694794656,16.8375793576443,5.73910849903638
"3056","ENSG00000161791.13","male_placenta",5,42.3746479548441,7.97155729611989,5.31573021189595
"3058","ENSG00000110881.11","male_placenta",5,1.23709690792064,0.335713211037751,3.68498130918514
"3064","ENSG00000167779.8","male_placenta",5,3.6385966628213,1.14608630535895,3.17480162340977
"3072","ENSG00000196935.8","male_placenta",5,13.4892401838853,1.72653751157835,7.81288567055449
"3077","ENSG00000067798.15","male_placenta",5,13.5992226804028,1.04949578768002,12.9578630424661
"3079","ENSG00000074527.11","male_placenta",5,18.5483636243207,5.4290974478047,3.41647277519782
"3081","ENSG00000120820.12","male_placenta",5,9.07172134421542,1.89985226550725,4.77496145827598
"3084","ENSG00000136010.13","male_placenta",5,3.56608132182784,0.385830471681658,9.2426119333834
"3100","ENSG00000139364.10","male_placenta",5,1.02819360161498,0.162613147369634,6.32294262946529
"3110","ENSG00000120693.13","male_placenta",5,8.59254095923333,2.7300089161171,3.14744062134952
"3111","ENSG00000133107.14","male_placenta",5,1.22953798251102,0.0440234634467673,27.9291515534157
"3112","ENSG00000102780.16","male_placenta",5,36.1251812029115,7.02550677167095,5.14200361297488
"3114","ENSG00000120658.13","male_placenta",5,6.59408615920569,0.288319445114939,22.8707646013156
"3117","ENSG00000005810.17","male_placenta",5,124.90877918101,31.4068717758008,3.97711622070088
"3119","ENSG00000134874.17","male_placenta",5,19.405539484166,5.64272601960645,3.43903627727781
"3131","ENSG00000165379.13","male_placenta",5,2.51483645696548,0.670093416193358,3.75296398411384
"3144","ENSG00000134007.3","male_placenta",5,1.14457895512054,0.105743147771977,10.82414302238
"3157","ENSG00000197102.11","male_placenta",5,412.364250859116,135.831702332641,3.03584688830056
"3159","ENSG00000185567.6","male_placenta",5,4.90158083583152,0.511705874991165,9.57890279433698
"3169","ENSG00000159433.11","male_placenta",5,29.2611625005017,2.32730565388298,12.5729778775216
"3171","ENSG00000067369.13","male_placenta",5,86.6430665514349,26.8280185747604,3.22957382446977
"3187","ENSG00000166173.10","male_placenta",5,7.99232094457737,0.783066645456239,10.2064377163208
"3188","ENSG00000137821.11","male_placenta",5,1.63537563097832,0.430955971408239,3.79476266597348
"3190","ENSG00000067225.17","male_placenta",5,397.433752985631,45.7841270837097,8.68060129789043
"3216","ENSG00000167191.11","male_placenta",5,23.1343450275475,1.64777968719628,14.0397076182623
"3217","ENSG00000011638.10","male_placenta",5,3.77503621627818,0.491735934512776,7.67695820322462
"3219","ENSG00000155592.15","male_placenta",5,20.1544040350787,6.30399133907799,3.19708625076037
"3230","ENSG00000089505.17","male_placenta",5,1.08681290053152,0.295496363833321,3.67792309330937
"3235","ENSG00000140945.16","male_placenta",5,17.3585787846287,0.908227277507394,19.1125935264451
"3239","ENSG00000141252.19","male_placenta",5,15.4559140934557,5.10763124860559,3.02604345168325
"3240","ENSG00000167695.14","male_placenta",5,10.4804549341374,2.82318249028218,3.71228391016617
"3241","ENSG00000167693.16","male_placenta",5,22.7420232850042,4.96577189048323,4.57975593453833
"3242","ENSG00000159842.15","male_placenta",5,22.1304889251796,1.85793937558783,11.9113084183265
"3249","ENSG00000169992.9","male_placenta",5,1.09932156070759,0.225378795282345,4.8776618906424
"3250","ENSG00000174282.11","male_placenta",5,2.66492544461097,0.541364265002051,4.9226105542834
"3253","ENSG00000184619.5","male_placenta",5,1.19494940496911,0.355328237593916,3.3629452391981
"3270","ENSG00000141298.18","male_placenta",5,63.858558049102,16.3333127942147,3.90971255211134
"3271","ENSG00000196712.17","male_placenta",5,206.198661302073,34.2276179084546,6.02433572367125
"3276","ENSG00000276293.4","male_placenta",5,13.9275796229266,3.68908256393035,3.77535047849082
"3283","ENSG00000180340.6","male_placenta",5,6.33179524970559,0.578103999852732,10.952692337916
"3284","ENSG00000182963.9","male_placenta",5,59.4748933837965,1.95960176782133,30.3504999640413
"3297","ENSG00000170921.15","male_placenta",5,33.851532869981,5.99769080346296,5.6440943655241
"3302","ENSG00000182534.13","male_placenta",5,53.3686131894897,8.07511485085888,6.60902218422483
"3307","ENSG00000168502.17","male_placenta",5,19.803687786354,1.36943346015901,14.4612267499689
"3312","ENSG00000134775.15","male_placenta",5,3.70181418558069,1.04560369923432,3.54036064360854
"3315","ENSG00000134030.13","male_placenta",5,6.62261781572279,1.74729853115725,3.79020396207658
"3318","ENSG00000196628.16","male_placenta",5,159.29193270962,20.254823388352,7.86439504583508
"3320","ENSG00000074657.13","male_placenta",5,67.7800709936019,5.07143233150027,13.3650745121055
"3330","ENSG00000196110.7","male_placenta",5,4.42226108964354,1.05025714960457,4.21064602255605
"3342","ENSG00000237440.8","male_placenta",5,7.97011857617797,1.71224950836713,4.65476470411056
"3349","ENSG00000142279.12","male_placenta",5,11.0344412088505,2.05157067503497,5.37853330773624
"3350","ENSG00000105270.14","male_placenta",5,9.5674078140563,2.39331701959798,3.99755140489637
"3377","ENSG00000105499.13","male_placenta",5,5.30978625264442,1.45204997774098,3.65675171932105
"3383","ENSG00000258405.9","male_placenta",5,3.13162591798261,0.248519047093752,12.6011505138326
"3393","ENSG00000197714.8","male_placenta",5,48.4349650892342,9.28271169894572,5.21776035495481
"3408","ENSG00000088854.12","male_placenta",5,31.5048607870912,8.38288740684,3.75823499208457
"3411","ENSG00000101333.16","male_placenta",5,4.57736038394124,1.16401118887915,3.93240239241074
"3421","ENSG00000149639.14","male_placenta",5,69.8964370632127,9.06600202555376,7.70973102214185
"3427","ENSG00000124225.15","male_placenta",5,6.22199550099118,1.61834409547976,3.84466784188233
"3441","ENSG00000169184.5","male_placenta",5,6.11596212383177,1.18633799501371,5.15532854004317
"3442","ENSG00000100154.14","male_placenta",5,48.7769231766427,13.918394760796,3.50449344302497
"3443","ENSG00000167065.13","male_placenta",5,3.26591321960112,0.770781068707237,4.23714768329579
"3447","ENSG00000100320.22","male_placenta",5,33.0924185210429,6.48978022952195,5.09915857712805
"3451","ENSG00000138944.7","male_placenta",5,1.07765858096334,0.13058830140841,8.25233630685649
"3455","ENSG00000101871.14","male_placenta",5,34.6733091961244,11.0829754374573,3.12851989899197
"3464","ENSG00000124313.14","male_placenta",5,5.49806032210158,1.16603525585986,4.71517502963252
"3472","ENSG00000131080.14","male_placenta",5,2.07343721124933,0.365119976360578,5.67878326438564
"3479","ENSG00000188419.13","male_placenta",5,35.1786138249029,9.59334671339058,3.66698034334565
"3488","ENSG00000022267.16","male_placenta",5,109.627097139322,15.7480359895619,6.9613186820239
