"","ensembl","tissue_r5_TMM","nCPM_5_TMM","nCPM_liver_TMM","nCPM_ratio_TMM","tissue_r5_DESq","nCPM_5_DESq","nCPM_liver_DESq","nCPM_ratio_DESq"
"1","ENSG00000162493.16","female_brain",20.633210764661,0.760876973108334,27.1176701278923,"female_brain",23.7838249329872,0.53810635444197,44.1991155403687
"2","ENSG00000162458.12","female_brain",24.4986500632608,7.80138019434519,3.1402969029786,"female_muscle",25.5930466309321,5.73350804725647,4.46376745615253
"3","ENSG00000117122.13","female_brain",22.2813252738277,5.63442640166608,3.95449752742164,"female_brain",26.4806926801671,3.75497599173601,7.052160316989
"4","ENSG00000125945.14","female_brain",2.20565219880704,0.462783506015163,4.76605620152498,"female_brain",2.47509019456141,0.33500383352853,7.38824439258431
"5","ENSG00000084636.17","female_brain",43.7484323447503,11.8252881638499,3.69956585738773,"female_brain",53.8527652049396,8.89306469030143,6.05559130404957
"6","ENSG00000162520.14","female_brain",2.73136669830543,0.51477697119827,5.30592246958426,"female_brain",3.09048444681726,0.379021643952701,8.15384687425114
"7","ENSG00000127603.25","female_brain",546.59841749073,162.162938549295,3.37067410334682,"female_placenta",576.436889545981,131.012850507251,4.39984999421166
"8","ENSG00000116729.13","female_brain",74.4290375900354,8.11479510868346,9.1720168646514,"female_muscle",71.9695987803836,6.06852000206727,11.8594976626701
"9","ENSG00000134245.17","female_brain",5.64276632535607,1.86000193522245,3.03374217977962,"female_brain",6.40321885227478,1.44015027320848,4.44621576747625
"10","ENSG00000134247.9","female_brain",60.3901032148808,18.8564334724604,3.20262595273278,"female_brain",67.2144839257162,14.5152451601785,4.63061306812193
"11","ENSG00000143320.8","female_brain",7.28804936031176,1.11795852865546,6.5190695124236,"female_brain",9.02446587156367,0.755346993256044,11.9474439590502
"12","ENSG00000183853.17","female_brain",48.3301233223025,13.4871577357955,3.58341796463404,"female_brain",54.9845746144638,9.87827905467221,5.56620989447117
"13","ENSG00000116132.11","female_brain",3.12135489710846,0.325516005795323,9.58894444985017,"female_brain",3.62269867666456,0.248851935537042,14.5576471762074
"14","ENSG00000058085.14","female_brain",3.63134261190909,0.51776980252997,7.01343066777035,"female_muscle",3.53736932795193,0.400167068658352,8.83973121479421
"15","ENSG00000170745.11","female_brain",2.57866766267998,0.438707890665172,5.87786934666296,"female_brain",3.05273286561103,0.335806008795375,9.09076307646189
"16","ENSG00000243244.6","female_brain",10.1550826751268,3.26301406330614,3.11217864161992,"female_brain",11.5963686644885,2.43905103101769,4.75445922082653
"17","ENSG00000115380.19","female_brain",6.41182432875255,2.0564519339341,3.11790624567937,"female_brain",7.67526895878806,1.46448103373966,5.24094800954076
"18","ENSG00000169604.19","female_brain",50.9348357344274,10.2923729591774,4.94879421261259,"female_brain",57.900486029506,7.49385139571947,7.72639901327361
"19","ENSG00000196872.11","female_brain",1.59276941077351,0.379092712523042,4.20153001668872,"female_brain",1.80747744644484,0.288417490398194,6.26687876643475
"20","ENSG00000136546.14","female_brain",10.4345159755104,0.460380267266645,22.6649939569779,"female_brain",12.781291608115,0.372695666751864,34.2941781950597
"21","ENSG00000144366.15","female_brain",29.6704588969378,8.18116833740141,3.6266774711498,"female_brain",34.1255311771291,5.74605069537168,5.93895407233641
"22","ENSG00000115461.4","female_brain",127.616533955263,10.6486016508309,11.9843466907512,"female_brain",139.524537782245,7.99740881531338,17.446218019402
"23","ENSG00000114251.14","female_brain",13.4344773327995,4.14868829046706,3.23824698126141,"female_brain",15.1058481972437,3.11450366135373,4.8501622857871
"24","ENSG00000121440.14","female_brain",23.1294662239902,2.45751438299093,9.41173178235497,"female_brain",26.1282153308488,1.90915405581675,13.6857553486803
"25","ENSG00000114019.14","female_brain",54.4901238995217,12.520013777199,4.3522415285802,"female_brain",60.9783339751851,9.54299519600623,6.38985273729413
"26","ENSG00000152580.8","female_brain",3.49779009384314,0.87933654920066,3.97776038880986,"female_brain",4.18530592932759,0.687799804423656,6.08506414571414
"27","ENSG00000182580.2","female_brain",11.9557078026003,2.16442769325462,5.52372705258759,"female_brain",13.9383293802322,1.60459134113933,8.68652910113262
"28","ENSG00000168214.20","female_brain",186.035537630203,54.4034850515366,3.41955184404034,"female_muscle",172.455822460198,39.4880095183699,4.36729590991339
"29","ENSG00000134853.11","female_brain",53.5771300870316,15.0282552132572,3.56509317460675,"female_brain",61.4897812877757,11.1967078266214,5.49177331765119
"30","ENSG00000169116.11","female_brain",11.7511419976215,2.1862468743187,5.37502975334545,"female_brain",13.6482846660059,1.57891147346921,8.64411013241779
"31","ENSG00000152583.12","female_brain",95.2272487226344,4.12326007570672,23.0951351537806,"female_brain",109.873494999174,2.8361120189663,38.7408869129296
"32","ENSG00000145358.6","female_brain",1.01263311688337,0.0449136164839292,22.5462386723124,"female_brain",1.16123604703113,0.0339217882628531,34.232748522364
"33","ENSG00000155011.8","female_brain",1.73071252528201,0.430745225725298,4.01794940934702,"female_brain",1.96537184552329,0.337965005563378,5.81531168366699
"34","ENSG00000138685.15","female_brain",11.6251761583076,3.63224280875298,3.2005503955554,"female_brain",13.1299376267149,2.79755568717018,4.69336059579792
"35","ENSG00000164116.16","female_brain",35.7246919225876,11.6406846048179,3.06895110858013,"female_muscle",39.7107248620664,8.98667254320767,4.41884631615744
"36","ENSG00000038295.7","female_brain",1.72209398261464,0.235897140030176,7.30019016930154,"female_brain",1.96963490720329,0.183412725369702,10.7388127145111
"37","ENSG00000154553.14","female_brain",23.5988322340458,2.48443884329457,9.49865692920491,"female_brain",26.0718417067614,1.84140201504881,14.1586907658892
"38","ENSG00000070193.4","female_brain",2.63530946982758,0.411802209359637,6.39945442236833,"female_brain",2.99311460147267,0.316157487121672,9.46716343402863
"39","ENSG00000038427.15","female_brain",393.184353392172,20.879048413458,18.8315264951796,"female_brain",447.944804493058,16.5121286788112,27.1282287829959
"40","ENSG00000113396.12","female_brain",1.12503897180432,0.107775780162846,10.4386994007784,"female_brain",1.3085019375951,0.0811085068246562,16.1327336530048
"41","ENSG00000145808.9","female_brain",1.35255088867952,0.139676841288128,9.68342980988132,"female_brain",1.48302925953323,0.09085478714273,16.323072302216
"42","ENSG00000131435.12","female_brain",3.83833697515729,0.857282331290927,4.47733125372756,"female_brain",4.29770070517246,0.643108675072841,6.68269745340581
"43","ENSG00000145911.5","female_brain",14.0237297000032,1.04919791096309,13.3661433686333,"female_brain",15.7894324750536,0.791801319144312,19.9411545463413
"44","ENSG00000131459.12","female_brain",7.8349230203985,0.829541511516648,9.44488360332195,"female_brain",8.84121130542173,0.615613997244687,14.361615143568
"45","ENSG00000112782.16","female_brain",5.59623664270028,0.493596413881041,11.3376768657987,"female_brain",6.26928492453824,0.348960426203172,17.9656042742455
"46","ENSG00000112837.16","female_brain",2.53536840039886,0.505748184035409,5.01310430848992,"female_brain",2.86502588238349,0.398044866078435,7.19774609985532
"47","ENSG00000112276.13","female_brain",3.0433002568137,0.417070315394641,7.296851740537,"female_brain",3.41883180931725,0.323876168471068,10.5559844846153
"48","ENSG00000183807.7","female_brain",3.08405652147969,0.625646755548593,4.92938945839408,"female_brain",3.95338604109365,0.463150121327266,8.53586312309341
"49","ENSG00000152661.8","female_brain",62.911399509653,8.20225474807718,7.67001287352128,"female_brain",71.4538767642179,6.10687525563185,11.7005626892939
"50","ENSG00000171408.13","female_brain",5.22537778937135,1.6377747999096,3.19053498054786,"female_brain",5.80986122937385,1.24643882072004,4.66116838852758
"51","ENSG00000197461.13","female_brain",11.5464534131005,3.49357566663733,3.30505319331306,"female_brain",13.0128365299664,2.6513651284126,4.9079760424236
"52","ENSG00000106511.5","female_brain",7.23128183057184,1.61308864021381,4.48287939689003,"female_brain",9.66095972683453,1.18072713258425,8.18221201175385
"53","ENSG00000128591.15","female_brain",9.1830722684216,2.73037929117321,3.36329545792729,"female_brain",10.6743470594887,2.15537180293949,4.95243885297704
"54","ENSG00000077782.20","female_brain",51.7862123216525,16.443216044352,3.14939682006065,"female_brain",60.0057752864121,12.3375556637103,4.8636680491674
"55","ENSG00000164764.10","female_brain",1.04688923429573,0.0847786435855471,12.3485018162546,"female_brain",1.24108214473859,0.0660300218860751,18.7957251760402
"56","ENSG00000104413.16","female_brain",2.36222964920164,0.110256888910425,21.4247805515424,"female_muscle",2.33296522649876,0.0777601152508612,30.0020803592227
"57","ENSG00000164932.12","female_brain",3.97287623131771,0.850598245600407,4.67068472321313,"female_brain",4.40541509709805,0.629919601552867,6.99361487757786
"58","ENSG00000104447.12","female_brain",14.3063335738999,3.40874226929025,4.19695372770987,"female_brain",16.5311391037842,2.63975996933014,6.26236449368505
"59","ENSG00000156804.7","female_brain",25.8186311691278,0.849494830054732,30.3929232476486,"female_muscle",27.8619561647049,0.635756461426085,43.8248887037764
"60","ENSG00000164989.16","female_brain",11.5141805919028,3.1282943652621,3.680657651582,"female_muscle",12.5981498006473,2.28887012692188,5.50409114631137
"61","ENSG00000173068.17","female_brain",5.24018590236319,1.29822431196042,4.03642564238387,"female_brain",6.29435060231863,1.00326986365983,6.27383601392895
"62","ENSG00000099139.13","female_brain",16.595034798178,2.45492235412487,6.75990210863259,"female_brain",18.5076702655318,1.89647470524194,9.75898608843861
"63","ENSG00000204291.10","female_brain",8.8110834140765,1.45403779121621,6.05973480696577,"female_brain",9.94560014731504,1.19383704836255,8.33078531191194
"64","ENSG00000198121.13","female_brain",13.0442755512501,3.78116160251482,3.44980641466751,"female_brain",14.9365335652111,2.86415973212883,5.21497924772139
"65","ENSG00000185585.19","female_brain",5.49667880480702,1.31095066361634,4.19289524568689,"female_brain",6.6302043486468,1.01211980604411,6.55080980438579
"66","ENSG00000167123.18","female_brain",20.0898771435861,4.42540158040739,4.53967324288267,"female_brain",23.1912195951142,3.28181063706009,7.06659285372094
"67","ENSG00000148344.10","female_brain",3.16028737176646,0.236848304733998,13.3430863071439,"female_brain",3.51097916640743,0.172897355132977,20.3067257084824
"68","ENSG00000123243.14","female_brain",15.5468439443286,3.82842465326821,4.06089850326732,"female_brain",17.5686244076242,2.84744210305472,6.16996720979039
"69","ENSG00000120594.16","female_brain",46.8385580562032,15.5868844274446,3.00499809787081,"female_brain",53.5782323717162,11.9017173643913,4.50172279607451
"70","ENSG00000165757.8","female_brain",25.1809609883598,7.95699137759086,3.16463343912581,"female_brain",28.91889672708,6.01398688422206,4.8086065506644
"71","ENSG00000107719.8","female_brain",15.3144355027927,4.44902102855857,3.44220344306945,"female_brain",17.5513232761431,3.47217640210404,5.05484780828172
"72","ENSG00000122863.5","female_brain",12.7654503108192,3.90173576338467,3.27173624380587,"female_brain",14.8811649937947,3.05741563583496,4.86723650503303
"73","ENSG00000166033.12","female_brain",40.4162064291633,6.2480875475769,6.46857236256833,"female_brain",46.0807251478998,4.70442489371318,9.79518776237248
"74","ENSG00000176971.3","female_brain",12.2981978588266,0.847454222187347,14.5119317797296,"female_brain",12.9416068472551,0.65090480561472,19.8824877856493
"75","ENSG00000166025.17","female_brain",69.7075029031305,22.2441662727288,3.13374311486744,"female_brain",78.5795659464208,16.8066261096164,4.67551104153255
"76","ENSG00000204381.11","female_brain",1.87977018651688,0.623633862539629,3.0142208424377,"female_brain",2.12418799376987,0.47703766425645,4.45287270362772
"77","ENSG00000134917.9","female_brain",1.58428271217223,0.189188453189528,8.37409834195908,"female_brain",1.83553711495169,0.141961667120419,12.9298081107676
"78","ENSG00000166106.3","female_brain",6.60996142429175,1.45918640982279,4.52989513868519,"female_brain",8.21518562244617,1.15405680349583,7.11852795942193
"79","ENSG00000047617.14","female_brain",2.91614556893276,0.384438305208767,7.58547087899881,"female_brain",3.31257873568248,0.310685889695,10.6621473506069
"80","ENSG00000150048.10","female_brain",1.52215438343868,0.463099270814889,3.28688572702832,"female_brain",1.8766660960447,0.343564526475261,5.46233953574317
"81","ENSG00000123096.11","female_brain",6.47845704885286,1.10531945378222,5.86116260478783,"female_brain",7.2624033548748,0.84903131138217,8.55375209078221
"82","ENSG00000139174.11","female_brain",16.5072089649912,4.63429440250885,3.56196812961532,"female_brain",18.6475334181425,3.49706969206431,5.332331082923
"83","ENSG00000017427.16","female_brain",7.82125814220191,1.72794747775349,4.52632863145259,"female_brain",9.41521939646255,1.29020173082174,7.29747850397466
"84","ENSG00000150893.10","female_brain",8.0581932837998,1.38515178629879,5.81755253359762,"female_brain",10.1462517845216,1.11977110614669,9.06100517224137
"85","ENSG00000183722.8","female_brain",40.692452104933,6.69151315046108,6.0812033377128,"female_brain",45.5460400230376,5.02872175650747,9.0571803787112
"86","ENSG00000136114.16","female_brain",9.58980556044285,2.7372551821169,3.50343863557011,"female_brain",11.1077387380804,2.08093590245299,5.33785722327472
"87","ENSG00000183087.14","female_brain",38.8332152491672,5.59077366833022,6.94594658144432,"female_muscle",42.0787780817743,4.23306424827785,9.94050069022537
"88","ENSG00000100968.13","female_brain",5.16616803376675,0.619249012138384,8.34263427555095,"female_heart",6.06784149808009,0.469450838826406,12.9254034634367
"89","ENSG00000159251.7","female_brain",1.75114184270246,0.228776316515546,7.65438428843427,"female_brain",2.08351953386597,0.16647126138572,12.5157911132684
"90","ENSG00000103710.10","female_brain",7.32093426108282,0.782197909112818,9.35943982436152,"female_brain",9.39158949061935,0.59918234365399,15.6740090726751
"91","ENSG00000187720.14","female_brain",3.59420082430293,1.04329085501683,3.44506118022567,"female_brain",4.24759807782964,0.817594930506615,5.19523534129261
"92","ENSG00000067225.17","female_brain",346.500544300035,67.7730377546265,5.11266066535997,"female_placenta",372.500629302723,49.3825080161899,7.54316952028034
"93","ENSG00000129038.15","female_brain",6.65334765168242,1.56621948658818,4.2480301826508,"female_brain",8.36843014200617,1.24344946399319,6.73001226373282
"94","ENSG00000173546.7","female_brain",15.9937903918039,5.27826369244496,3.03012341249578,"female_brain",18.5536023691078,4.05646131966303,4.5738393409971
"95","ENSG00000140937.13","female_brain",91.2395875972174,5.01403740443527,18.196830266266,"female_brain",103.078004537911,4.0426539178498,25.4976079161226
"96","ENSG00000166592.11","female_brain",1.36245830305323,0.394361576663442,3.45484546080914,"female_brain",1.59517789107575,0.295881205569133,5.39127819223055
"97","ENSG00000188176.11","female_brain",3.87242987914999,0.515464990924581,7.5124983215719,"female_brain",4.58092171881939,0.378627110503375,12.0987683970363
"98","ENSG00000141052.17","female_brain",1.83669159352624,0.187946653612474,9.77240912899307,"female_brain",2.39058026518425,0.132394299235456,18.0565196461574
"99","ENSG00000131097.6","female_brain",2.18360167018842,0.0395180236413521,55.2558419926515,"female_brain",2.45943075960551,0.0288645311196669,85.2059834060416
"100","ENSG00000005884.17","female_brain",23.4496442037525,3.31464114182422,7.07456499826311,"female_brain",26.5147627435291,2.53694786315274,10.4514417220141
"101","ENSG00000166292.11","female_brain",4.24354917274184,0.637032315855493,6.66143469824294,"female_brain",4.96209300411919,0.451704732676888,10.9852579465194
"102","ENSG00000088756.12","female_brain",18.5209303950945,4.06868382266552,4.5520692200066,"female_brain",22.8666790186845,3.10705688660312,7.35959457880546
"103","ENSG00000053747.16","female_brain",11.8940986422976,1.02511238024858,11.602726560978,"female_brain",14.7577755103306,0.837889689872268,17.6130291238938
"104","ENSG00000080573.6","female_brain",5.45065805926255,0.718850455276439,7.58246450183642,"female_brain",6.32279569393724,0.581952343495857,10.8647997806065
"105","ENSG00000074181.8","female_brain",38.4144311391987,11.3955531900692,3.37100187226325,"female_brain",44.8142066284805,9.18676623077522,4.87812637251562
"106","ENSG00000179772.7","female_brain",1.89081187816832,0.582489820225587,3.24608570401461,"female_brain",2.13399486622942,0.426236920715964,5.00659319386242
"107","ENSG00000130702.15","female_brain",52.4942908951317,16.5721529792953,3.16762046311764,"female_muscle",54.5508212179739,12.8967580228941,4.22980884972303
"108","ENSG00000147113.16","female_brain",7.42941986884499,2.39292921751283,3.10473866693266,"female_brain",8.67832722925298,1.72186175787322,5.04008361273563
"109","ENSG00000131080.14","female_brain",1.9809394348676,0.61074404542956,3.24348546611589,"female_brain",2.2501192089676,0.466162766568111,4.82689603361712
"110","ENSG00000133216.16","female_heart",8.92127219386765,0.654703346884426,13.6264343787485,"female_heart",10.2791664848502,0.531932389468962,19.3241973761216
"111","ENSG00000168389.17","female_heart",1.49905451299605,0.492819407419719,3.04179277525763,"female_heart",1.78041340590548,0.364234839789521,4.88809199837753
"112","ENSG00000174307.6","female_heart",4.71974408384644,1.39860459395286,3.37460931006031,"female_heart",5.51659491701082,1.06238544277977,5.19264919761744
"113","ENSG00000092969.11","female_heart",11.6725056862284,1.53396995347949,7.60934440713898,"female_heart",12.6705464656405,1.16727407149509,10.8548170263146
"114","ENSG00000117020.16","female_heart",10.4962714105353,1.27280514815311,8.24656580448767,"female_heart",11.7672081303235,1.04057468831156,11.3083743651472
"115","ENSG00000132031.12","female_heart",1.12497684716595,0.045994886229695,24.458737468072,"female_heart",1.15889285697757,0.0314685455475109,36.8270232009257
"116","ENSG00000144369.12","female_heart",12.9332675166669,1.52972315896723,8.45464582323419,"female_heart",14.3518876314195,1.24812972027397,11.4987147556018
"117","ENSG00000134115.12","female_heart",4.56306908522394,0.344914323887562,13.2295725900657,"female_muscle",4.25497399040479,0.263591162097594,16.1423241831962
"118","ENSG00000131386.18","female_heart",2.03354316688587,0.287958256195165,7.06193735771072,"female_heart",2.41176095014141,0.224947927228435,10.7214188628298
"119","ENSG00000144645.13","female_heart",9.20786651305561,3.03721193292982,3.03168389838812,"female_lung",10.4063085481091,2.35342698325437,4.42176817983069
"120","ENSG00000145147.19","female_heart",21.4106457594287,2.93856642598658,7.28608534082751,"female_heart",25.2470391043217,2.35335531987713,10.7281033556972
"121","ENSG00000091490.10","female_heart",16.1247262308377,5.18187070504372,3.1117577316514,"female_heart",18.3616269465901,4.14628442617316,4.42845329921977
"122","ENSG00000064042.17","female_heart",145.695510040126,6.97884718548369,20.8767302346409,"female_heart",157.023953531235,5.14539144292377,30.517397028594
"123","ENSG00000171476.21","female_heart",21.1904769418029,3.88957378157032,5.44802030551732,"female_heart",21.9678454526943,2.78332804137931,7.89265409111025
"124","ENSG00000164099.3","female_heart",2.11074427371098,0.235264391908891,8.97179660969855,"female_heart",2.46876849196771,0.18424683742473,13.3992448742914
"125","ENSG00000173376.13","female_heart",3.1464306391253,0.299034118469411,10.5219787468739,"female_heart",3.41462925347879,0.196037406913438,17.4182535223318
"126","ENSG00000078295.16","female_heart",1.02384174050756,0.0705903277075178,14.5039947221908,"female_heart",1.2114970544634,0.0604107946960234,20.0543141430177
"127","ENSG00000113319.12","female_heart",2.21277280018736,0.440802004674681,5.01987916733823,"female_heart",2.38654835567276,0.332126750934558,7.18565532272648
"128","ENSG00000240184.6","female_heart",27.682920699141,5.81317748974448,4.76209796586786,"female_placenta",29.6353745624182,4.24196370649376,6.9862395373754
"129","ENSG00000174705.12","female_heart",26.6323562101274,6.30450088385304,4.22434015012,"female_heart",30.7883216490982,4.85112945548057,6.3466295698036
"130","ENSG00000112379.8","female_heart",5.81650166996453,1.01895625336034,5.70829380631673,"female_heart",6.50258121709025,0.884227812589417,7.35396594012098
"131","ENSG00000164916.10","female_heart",57.9396013745938,18.8115579073953,3.08000016052983,"female_placenta",61.1556681329301,14.890887985433,4.10691882127886
"132","ENSG00000136193.16","female_heart",45.0950142905892,9.511598930404,4.74105506556234,"female_heart",49.5589848597469,7.25305612757043,6.83284176877696
"133","ENSG00000189143.9","female_heart",1.33857020596969,0.228893052480508,5.84801588105729,"female_muscle",1.30120153327118,0.188369223597864,6.90771830141967
"134","ENSG00000127946.16","female_heart",55.5502674161725,14.5991957435322,3.80502244041646,"female_heart",61.9008582952975,11.0272499608608,5.61344474052944
"135","ENSG00000170775.2","female_heart",1.24893823862083,0.268888555812194,4.64481738483937,"female_heart",1.46589790690897,0.203694470589816,7.19655228079745
"136","ENSG00000147408.14","female_heart",18.8264657698019,3.53041047368003,5.33265633278545,"female_heart",20.7920210135836,2.66043382851924,7.81527463329398
"137","ENSG00000046889.18","female_heart",22.1426079232569,4.10577369080725,5.39304150465813,"female_heart",24.5585089513752,3.35231552607175,7.3258345643117
"138","ENSG00000132554.19","female_heart",1.5834036467419,0.0902027223230535,17.553834362904,"female_heart",1.85735794486044,0.0768977187153149,24.1536156844472
"139","ENSG00000165072.9","female_heart",2.98142648537949,0.46181092252514,6.45594623244795,"female_heart",2.98989085679041,0.351688222005552,8.50153820830318
"140","ENSG00000180447.6","female_heart",14.1634431102326,4.23707520141966,3.3427405549675,"female_heart",16.0147614621691,3.33490502139969,4.80216418740692
"141","ENSG00000175356.13","female_heart",6.5769541562034,0.500621932301685,13.1375669578935,"female_heart",7.47367699376906,0.393873113766568,18.9748341091349
"142","ENSG00000006118.14","female_heart",15.9001419954057,3.06187485510978,5.1929431305368,"female_heart",18.4887734326171,2.28392163024445,8.09518732507395
"143","ENSG00000110660.14","female_heart",6.94897790681423,1.83455106835725,3.78783563274513,"female_heart",7.1635213586962,1.33332409437254,5.37267824749491
"144","ENSG00000154096.13","female_heart",59.3235799399682,6.96023450715753,8.52321568748338,"female_heart",56.5866657683063,4.63747755478461,12.2020355030989
"145","ENSG00000166250.11","female_heart",26.1312075987156,0.489866957741996,53.3434786440085,"female_muscle",29.1647531233503,0.366409683755692,79.596021656448
"146","ENSG00000166086.12","female_heart",47.6647950030902,10.6831438590765,4.461682406588,"female_heart",53.0941488574714,7.95574247521821,6.67368872520162
"147","ENSG00000048540.14","female_heart",2.17062479562286,0.00968971304300053,224.013320723758,"female_heart",2.41980621752841,0.00787033523395763,307.459103786053
"148","ENSG00000157782.9","female_heart",1.03523167027939,0.0814138127445501,12.7156760674949,"female_heart",1.05774109092312,0.0607178612879523,17.420592038096
"149","ENSG00000132932.16","female_heart",7.53086456971708,0.559112666064598,13.4693149105783,"female_heart",7.66653592604147,0.409317123221211,18.7300640288586
"150","ENSG00000133107.14","female_heart",1.26320992335015,0.0776952287631307,16.2585263401604,"female_placenta",1.37338153611972,0.0604222091662402,22.7297471421663
"151","ENSG00000088387.18","female_heart",76.2749975071438,11.3319582129606,6.73096353460838,"female_heart",82.6397575807464,8.75500217321806,9.43914758051632
"152","ENSG00000100842.12","female_heart",16.2237300525728,2.41915394572284,6.70636528992171,"female_heart",18.3739894054434,1.78546792995522,10.2908537852619
"153","ENSG00000169330.8","female_heart",1.37662441081,0.376556179615603,3.65582743115593,"female_heart",1.61158820979443,0.297200655999957,5.42255939635161
"154","ENSG00000185716.11","female_heart",1.32567000351209,0.324439216855516,4.0860350248671,"female_heart",1.30438720729495,0.248827428663919,5.24213594256416
"155","ENSG00000140807.6","female_heart",6.27985820047971,1.90147008911362,3.30263317652664,"female_heart",7.24822315374203,1.49300916193862,4.85477473181107
"156","ENSG00000159713.10","female_heart",7.52280885268246,0.484178981790005,15.5372478682794,"female_heart",6.89131050399492,0.339660635328579,20.2888112051267
"157","ENSG00000168646.12","female_heart",8.79939926478568,1.33825759465162,6.57526570366774,"female_heart",10.1937113490135,1.01021971055079,10.090588455709
"158","ENSG00000069188.16","female_heart",14.4231264697448,0.754026434115387,19.1281443424007,"female_heart",16.9807251043294,0.570354870943853,29.7722101964849
"159","ENSG00000035862.12","female_heart",139.632198655571,41.3234083524118,3.37900972409556,"female_muscle",141.503137796479,30.3300500368525,4.66544359882512
"160","ENSG00000152217.18","female_heart",23.7642761861221,7.84835880327526,3.02792937756679,"female_heart",27.6654909502544,6.01422420741337,4.6000099092004
"161","ENSG00000206052.10","female_heart",9.46047744849635,1.61197876302211,5.86885985443134,"female_muscle",10.0018496034821,1.24756252128743,8.01711291644176
"162","ENSG00000105227.14","female_heart",5.97829041748213,1.5801434494553,3.78338461583532,"female_heart",6.45669245178557,1.18391968971816,5.45365746330533
"163","ENSG00000105419.17","female_heart",4.57035450606291,1.15052396100904,3.97241140641225,"female_heart",5.50566775711975,0.851929475375359,6.46258630116532
"164","ENSG00000101230.5","female_heart",1.12074178238879,0.101318887224112,11.0615287346156,"female_heart",1.2049868767939,0.0804987185482434,14.9690193648455
"165","ENSG00000188158.15","female_heart",3.19684712053372,0.694012621466776,4.60632418150735,"female_heart",3.75811951447247,0.539940585535345,6.96024639589991
"166","ENSG00000268350.7","female_heart",1.07943806283467,0.165941710900529,6.50492306591753,"female_muscle",1.09561121380946,0.109497669188549,10.0057948441156
"167","ENSG00000102349.17","female_heart",8.64109877512879,1.67823600985038,5.14891750886645,"female_muscle",9.05985789587137,1.29212736007281,7.01158274007978
"168","ENSG00000102290.22","female_heart",1.97264996996363,0,Inf,"female_muscle",2.04756767189591,0,Inf
"169","ENSG00000189108.12","female_heart",1.38387847553025,0.0826470481309167,16.7444392368149,"female_heart",1.59043503956084,0.0647923413074455,24.5466517719136
"170","ENSG00000076716.8","female_heart",11.6851554853512,1.97007770283721,5.93131705847074,"female_heart",13.2303258875804,1.47438014865747,8.97348346668095
"171","ENSG00000158292.6","female_lung",11.3524751049711,1.33098316759298,8.52939043962631,"female_heart",14.5180130877441,1.01796248971074,14.2618350228892
"172","ENSG00000121753.12","female_lung",15.2819212794327,0.689505447343631,22.1635976021762,"female_placenta",18.0727246735021,0.550673693473244,32.8192991379571
"173","ENSG00000116871.15","female_lung",61.2809268763919,18.4215641538337,3.32658651375371,"female_lung",73.2095778311309,13.7116572342311,5.33922169877201
"174","ENSG00000060718.21","female_lung",13.3006891092538,3.03714277743473,4.37934271910917,"female_lung",16.1520217273087,2.22543288421353,7.25792354462167
"175","ENSG00000143061.17","female_lung",63.8465882021029,11.3015345116097,5.64937337814749,"female_lung",87.0789530117621,8.60280849797518,10.1221540654145
"176","ENSG00000178104.19","female_lung",56.4674930251818,14.4941113898978,3.89589202857506,"female_lung",62.5485632570096,11.0083948966291,5.68189675646199
"177","ENSG00000143195.12","female_lung",1.12251892005633,0.31570740903699,3.5555672370198,"female_lung",1.47852175319522,0.256338985561062,5.76783804445159
"178","ENSG00000118200.14","female_lung",65.3392786741351,18.069493548113,3.6159994468112,"female_lung",81.4899308403721,13.7878769039003,5.91025952786976
"179","ENSG00000134369.15","female_lung",65.8754378818644,5.47057233139626,12.0417817170239,"female_muscle",71.5185399378748,4.16458587701881,17.1730256140308
"180","ENSG00000154380.17","female_lung",106.087757821379,17.9536946416579,5.90896525416133,"female_lung",120.546075399949,13.5726765750926,8.88152566909055
"181","ENSG00000116991.10","female_lung",33.2232401285888,4.89843474446004,6.78241966296747,"female_lung",45.5611504833445,3.93937274818643,11.5655850298298
"182","ENSG00000134323.11","female_lung",7.88081885387829,2.62570694589653,3.00140838877487,"female_muscle",7.37722464078405,1.91757735096215,3.84715883147165
"183","ENSG00000119771.14","female_lung",4.90308023249755,1.45435503685064,3.37130900520344,"female_lung",5.45299249199281,1.18613313843916,4.59728534283127
"184","ENSG00000055813.5","female_lung",1.91797045393646,0.106520847689972,18.0055875965116,"female_lung",2.52960341334592,0.0992036069184664,25.4991072595269
"185","ENSG00000119147.9","female_lung",1.83249379566343,0.194163878403144,9.4378718159853,"female_lung",1.58331067333542,0.139323359392172,11.3642872253652
"186","ENSG00000187123.14","female_lung",4.55684291793837,1.06953582418071,4.26057997770109,"female_lung",4.90778522110796,0.815637060261845,6.01711896162787
"187","ENSG00000115896.15","female_lung",8.02297819417674,1.21514136932633,6.6025060101646,"female_lung",11.2828962182056,0.909275532570596,12.4086658158588
"188","ENSG00000114923.16","female_lung",4.22779898000095,0.764728537929659,5.52849641448823,"female_lung",4.43535383513172,0.572278576387973,7.75034051270303
"189","ENSG00000063660.8","female_lung",57.0170137937881,10.7873616733335,5.28553834759568,"female_lung",63.5655282763113,8.16216157057146,7.78783018771593
"190","ENSG00000152642.10","female_lung",33.0255000518387,10.3164116503172,3.20125845800495,"female_lung",38.7592288472298,7.66949790215738,5.05368530530885
"191","ENSG00000187672.12","female_lung",1.20245353217941,0.159475778512462,7.54003864032209,"female_lung",1.28250200691967,0.115654317306,11.08909755203
"192","ENSG00000044524.10","female_lung",8.96652778749148,2.51341636323064,3.56746614634365,"female_lung",11.2280409950846,2.05501948593573,5.46371509950527
"193","ENSG00000144868.13","female_lung",7.58142480687496,0.33403459879187,22.6965255524287,"female_lung",7.26493241410319,0.239303753517133,30.3586229105389
"194","ENSG00000158186.12","female_lung",16.9516148408256,4.65485539056689,3.64170600770503,"female_lung",17.4337278300267,3.47752439202126,5.013258244867
"195","ENSG00000189058.8","female_lung",7.22766069751664,0.156663468863344,46.1349461361746,"female_lung",5.83679606637325,0.10804914134908,54.0198283252988
"196","ENSG00000196526.10","female_lung",50.8430163405332,15.1362803242594,3.35901656492484,"female_lung",61.3827939656084,11.3028645494719,5.43072897113293
"197","ENSG00000128045.6","female_lung",3.42028206450739,1.05254505217335,3.24953507447972,"female_lung",3.79442483032236,0.781217548012326,4.85706553824427
"198","ENSG00000152784.15","female_lung",2.00842257833922,0.119404448661695,16.8203329176589,"female_lung",1.84590570351067,0.0900980763269538,20.4877371278397
"199","ENSG00000145362.17","female_lung",16.6082937498521,3.54718574609295,4.68210433246844,"female_lung",20.9571099556668,2.76907147239242,7.56828061847038
"200","ENSG00000218336.8","female_lung",24.5587138332138,2.30884322503019,10.6368044252518,"female_lung",26.2027861647435,1.75609240243079,14.9210748412062
"201","ENSG00000171368.11","female_lung",5.29134897255639,1.65600781908371,3.19524395451476,"female_lung",5.75299178903886,1.21401976096519,4.73879583678689
"202","ENSG00000079215.13","female_lung",18.8572687600036,3.18926644195771,5.91272918183286,"female_lung",20.0044499919477,2.30339752620135,8.68475795619094
"203","ENSG00000152377.13","female_lung",6.55386618903992,0.610755900983344,10.7307455867195,"female_lung",6.69511406012778,0.451347323489369,14.8336186162971
"204","ENSG00000254245.2","female_lung",1.35825303348998,0.320826538879324,4.23360560580331,"female_lung",1.39534481004167,0.246316768371194,5.66483889533219
"205","ENSG00000070808.15","female_lung",1.43126821287075,0.387350423092721,3.69502168461074,"female_lung",1.55082159389555,0.282022127969628,5.49893586386443
"206","ENSG00000164330.16","female_lung",10.1709131008858,2.53712762160423,4.00882991233004,"female_lung",11.0550674714106,1.97560195591612,5.59579698648566
"207","ENSG00000054598.7","female_lung",3.73000745356154,0.526570830910569,7.08358160878651,"female_muscle",4.49892196373205,0.410263993101651,10.9659196014732
"208","ENSG00000137285.9","female_lung",4.64754321063918,0.457934868155397,10.1489175291672,"female_placenta",5.50104902875777,0.370534444717733,14.8462554755156
"209","ENSG00000111913.18","female_lung",25.9930763656764,7.24504639674859,3.58770323090567,"female_lung",38.6422003309121,5.60499758693083,6.89424031528829
"210","ENSG00000146197.8","female_lung",1.47699705192527,0.486602089599378,3.03532821476638,"female_lung",1.76116462294109,0.374729970104739,4.69982324191693
"211","ENSG00000010818.9","female_lung",47.4258423812133,11.5464025955452,4.10741284904711,"female_lung",54.7157711975053,8.83960537912033,6.1898431944425
"212","ENSG00000130338.12","female_lung",68.6302385500819,13.5751820535654,5.05556671573747,"female_lung",85.381022432465,10.6753874694311,7.99793194176352
"213","ENSG00000215018.9","female_lung",1.10074968382759,0.185572974771162,5.93162708732223,"female_lung",1.23773862429308,0.144917287276071,8.54100050834623
"214","ENSG00000146592.16","female_lung",16.4192680055755,3.27174501515883,5.01850478246344,"female_lung",19.4375794886341,2.39800978692443,8.10571316039698
"215","ENSG00000122641.10","female_lung",9.08441426103195,0.689380718201028,13.1776448356986,"female_lung",8.7483213536709,0.486755719597211,17.9727140359236
"216","ENSG00000197093.10","female_lung",2.75836269507487,0.723907977437676,3.81037753560652,"female_lung",2.85184473877887,0.524076052047578,5.44166200236901
"217","ENSG00000183117.18","female_lung",3.77508528123529,0.0126640394826607,298.094876157331,"female_muscle",4.55140801114417,0.00912641508241103,498.707101314723
"218","ENSG00000104643.9","female_lung",6.9536824730463,2.14184047698291,3.24659214716194,"female_lung",7.80981532558172,1.82340498935736,4.28309419529131
"219","ENSG00000061337.15","female_lung",4.43792914553636,1.40084923550466,3.16802767425403,"female_lung",4.58118741522522,1.06592874783579,4.2978364403124
"220","ENSG00000104290.10","female_lung",16.3156736096999,3.53755695992833,4.61213029062589,"female_muscle",18.4760262716126,2.75436790798354,6.70790064684526
"221","ENSG00000121005.8","female_lung",14.7391730848125,3.44104140460819,4.28334662438936,"female_lung",18.1705164046635,2.55459975243004,7.11286235246009
"222","ENSG00000147852.15","female_lung",25.892524824988,2.54190997474848,10.1862477751794,"female_muscle",38.5053927874313,1.96059438843245,19.6396526556507
"223","ENSG00000136848.17","female_lung",59.5898016003838,17.7266063760932,3.36160234712206,"female_muscle",71.0605617054893,13.3031897430693,5.3416182944027
"224","ENSG00000182771.18","female_lung",1.15808405931159,0.283884775983253,4.0794158661749,"female_lung",1.46301643501416,0.226941682136255,6.44666251365745
"225","ENSG00000262655.3","female_lung",47.2957695421196,2.27867417764831,20.7558281065575,"female_muscle",53.0226526594009,1.84863626096422,28.6820364714393
"226","ENSG00000110427.15","female_lung",3.59288202382755,0.0581638358983678,61.7717516104947,"female_lung",3.76607678963253,0.0426709310244771,88.2586036726552
"227","ENSG00000152402.10","female_lung",74.6289332086117,10.4015134039219,7.17481488611771,"female_lung",99.270751296818,8.80064582344515,11.2799393690356
"228","ENSG00000177098.8","female_lung",1.94245927134316,0.291905277716218,6.6544164139148,"female_lung",2.23453924142008,0.218978341310704,10.204384726111
"229","ENSG00000165495.15","female_lung",6.01580208461219,1.39855150703769,4.3014519339044,"female_lung",5.62973213069984,1.00188682354539,5.61912982424286
"230","ENSG00000080854.14","female_lung",1.16704622749983,0.181840465946097,6.41796764778296,"female_lung",1.38930341245802,0.14616938016774,9.50474997474637
"231","ENSG00000118971.7","female_lung",103.171273445579,30.9355860133652,3.33503536674578,"female_lung",126.174095761082,23.9641130301395,5.26512688378634
"232","ENSG00000123095.5","female_lung",1.73106581945749,0.174113971115959,9.94214196805958,"female_lung",1.50775741704739,0.118872055226063,12.6838676607386
"233","ENSG00000139132.14","female_lung",49.6349856732731,14.8809632903556,3.33546859197225,"female_placenta",58.2323671257404,10.8343375511606,5.37479719925307
"234","ENSG00000175183.9","female_lung",25.3033633681834,7.1522781750615,3.53780470345951,"female_muscle",22.8402360126247,5.09118932986979,4.48622797793475
"235","ENSG00000178695.5","female_lung",140.316860787,19.8379874789537,7.07313990070129,"female_heart",186.961045160696,16.2240364122605,11.5237071965278
"236","ENSG00000168952.15","female_lung",20.6569246764222,5.7835991072339,3.5716384025624,"female_muscle",20.248821697523,4.27758504805219,4.73370405732631
"237","ENSG00000165617.14","female_lung",11.4489031863922,2.78112605232974,4.11664303270306,"female_placenta",13.4250156165988,2.17630138616471,6.16872998470936
"238","ENSG00000054654.16","female_lung",184.869907517289,46.5909681992203,3.96793444443558,"female_muscle",268.191065689143,38.2377064511216,7.01378535953681
"239","ENSG00000133985.2","female_lung",2.9101406198666,0.788210292339261,3.69208655120431,"female_lung",3.30613901847843,0.581174507849133,5.68871995214331
"240","ENSG00000211448.11","female_lung",2.61368142401346,0.0389148303264222,67.1641480147695,"female_lung",2.61774134308839,0.0302425684011335,86.558168881922
"241","ENSG00000066629.17","female_lung",27.180346010999,6.40469725813141,4.24381433119119,"female_lung",35.3145609904678,4.89912845822243,7.20833537875451
"242","ENSG00000184916.8","female_lung",7.20206821275772,0.727053593522746,9.90582850689452,"female_placenta",8.46048407540494,0.558131914509773,15.1585742643584
"243","ENSG00000137872.16","female_lung",48.6883332878992,8.10920999828631,6.00407848584367,"female_lung",51.207597578823,6.02282173220846,8.50226021218232
"244","ENSG00000166839.16","female_lung",3.48725373874171,0.924689981116371,3.77126800328427,"female_lung",3.83571089983554,0.670475557832798,5.72088102992724
"245","ENSG00000182253.14","female_lung",13.6698270196698,3.67514289501787,3.7195361949602,"female_lung",20.9983664540149,2.77148782956387,7.57656816314408
"246","ENSG00000167191.11","female_lung",7.80014728910262,2.1226871450415,3.67465705312411,"female_lung",9.63277070458143,1.62251010905266,5.93695573965067
"247","ENSG00000102935.11","female_lung",9.70049407893446,1.98957572004047,4.87565966010941,"female_lung",12.1547483875409,1.48345965640378,8.19351462311188
"248","ENSG00000183196.9","female_lung",3.36203729973962,0.0516150750967678,65.1367317287921,"female_placenta",3.48265413577258,0.0462631599779119,75.2792100114941
"249","ENSG00000007237.18","female_lung",44.139107032529,4.80474374794591,9.18656838908402,"female_lung",62.8829188864348,3.69490923220397,17.0187993627453
"250","ENSG00000274211.4","female_lung",4.85424555683376,1.1043822108585,4.39543982971283,"female_lung",5.73143107826797,0.928091508143963,6.17550212233913
"251","ENSG00000182963.9","female_lung",43.0113390566291,2.41422637386486,17.8157854301681,"female_placenta",55.7281842599159,1.88061145248805,29.6330133405215
"252","ENSG00000182534.13","female_lung",39.4389726394823,9.58980463036699,4.11259396407255,"female_lung",44.0394525223837,7.17912159461141,6.13437896851327
"253","ENSG00000168502.17","female_lung",11.9953388242476,2.17965595942173,5.50331751779304,"female_lung",12.9971913011264,1.72771139360262,7.52277918016428
"254","ENSG00000184828.9","female_lung",1.72272462242362,0.294670765264254,5.84626921126268,"female_lung",2.18252955757936,0.225052317804618,9.69787638212263
"255","ENSG00000074657.13","female_lung",60.8482857013836,7.60504700973621,8.00104004925726,"female_placenta",67.3309077896394,5.92571645341641,11.3624923364027
"256","ENSG00000178150.9","female_lung",3.42336253465304,0.974632952880608,3.51246335816474,"female_lung",3.35268775317408,0.689952065343973,4.85930533667235
"257","ENSG00000053438.9","female_lung",3.76697657227765,0.647611437088717,5.8167233568508,"female_lung",3.80874491841711,0.473883973597531,8.03729421255312
"258","ENSG00000101134.11","female_lung",2.10119463312421,0.23778338461477,8.83659149073149,"female_lung",2.01389829177929,0.177881562876099,11.3215684594701
"259","ENSG00000154645.13","female_lung",1.01935506635896,0.0340103853553635,29.9718764050465,"female_lung",1.27733309492505,0.0293163891397735,43.5706146768292
"260","ENSG00000154721.14","female_lung",14.5632967870748,1.76848759194657,8.23488773876271,"female_lung",14.3715932116701,1.3422540256302,10.7070591238663
"261","ENSG00000079482.12","female_lung",18.2710282097678,3.77312911266483,4.84240736645866,"female_lung",23.6451872809474,2.80961222106395,8.41581877515944
"262","ENSG00000171388.11","female_lung",4.06470896446453,0.829730421942034,4.89883082140201,"female_lung",4.75397429935577,0.608911189293651,7.80733608273889
"263","ENSG00000129682.15","female_lung",7.12503765510257,2.2135751096518,3.21879190999006,"female_lung",9.52768323545502,1.542234616229,6.17784293984508
"264","ENSG00000116885.18","female_muscle",4.89598723209119,1.39441195905061,3.51114833770118,"female_muscle",4.37302463487377,1.02822146078876,4.25299879611458
"265","ENSG00000173947.13","female_muscle",1.35342163058487,0.26949633005622,5.02204104338835,"female_muscle",1.33638645283086,0.1935157922492,6.90582632713473
"266","ENSG00000143079.14","female_muscle",31.9637450505612,10.3116895913993,3.09975826630985,"female_muscle",28.3812569308786,7.61776041802904,3.72566940589367
"267","ENSG00000157064.10","female_muscle",3.52657641594252,0.0684438134346067,51.525130453345,"female_muscle",3.01790638368857,0.0488897599323877,61.7288034930463
"268","ENSG00000171303.6","female_muscle",3.25390527791731,0.173520237184724,18.7523099939825,"female_muscle",3.13393183726227,0.118078891181522,26.5409998849371
"269","ENSG00000155066.15","female_muscle",1.31234445463382,0.389417549876815,3.37001877560207,"female_muscle",1.30118375547139,0.29157529106376,4.46259952523499
"270","ENSG00000152127.8","female_muscle",60.450609427175,12.0872127185829,5.00120340682332,"female_muscle",61.0907695679958,9.49402987453088,6.43465107813498
"271","ENSG00000081479.13","female_muscle",2.92874325013397,0.930976143068714,3.14588431931258,"female_muscle",2.72039810689038,0.77559841323482,3.50748281645434
"272","ENSG00000128656.13","female_muscle",10.6743839834275,1.75408329752545,6.08544873466742,"female_muscle",10.3993564662153,1.31144421900841,7.92969789754254
"273","ENSG00000168309.17","female_muscle",1.37555838137296,0.36824297993272,3.73546396356091,"female_muscle",1.23671556108292,0.262549698772893,4.71040556078751
"274","ENSG00000091972.18","female_muscle",13.3083585829451,1.69868567724287,7.83450332291366,"female_muscle",11.3681178574698,1.22896578657339,9.2501499892576
"275","ENSG00000163625.15","female_muscle",137.983901260521,39.5600571290991,3.48796011113504,"female_muscle",139.351006641006,32.2270545533688,4.3240379417932
"276","ENSG00000164112.13","female_muscle",1.19951854621843,0.0173735520459075,69.0427923460239,"female_muscle",1.16143663753078,0.0133881006698597,86.7514120315433
"277","ENSG00000153404.14","female_muscle",3.26160971138222,0.413875778474813,7.88064893142982,"female_muscle",2.82211205562727,0.303824828282073,9.28861565259309
"278","ENSG00000133401.15","female_muscle",20.2655717100887,2.79289883671221,7.25610660998565,"female_muscle",19.6263634699296,2.14022078068037,9.17025180163443
"279","ENSG00000184349.12","female_muscle",7.93635582140778,2.54538320413415,3.11794145907687,"female_muscle",7.82405109686625,1.89851062925669,4.12115211592444
"280","ENSG00000188994.12","female_muscle",142.16226083026,41.5121600825811,3.42459319263207,"female_muscle",136.727047073734,31.6445574572085,4.32071288273264
"281","ENSG00000118432.12","female_muscle",1.23437979961666,0.045355500342495,27.2156583059482,"female_muscle",1.07608488227676,0.0344268670375499,31.257124881653
"282","ENSG00000112541.14","female_muscle",33.6957169104793,2.44039551689057,13.8074818926945,"female_muscle",33.8876166847321,1.94292070850305,17.441584999545
"283","ENSG00000105855.9","female_muscle",32.1369744423214,1.03450771460338,31.0649925454083,"female_muscle",33.0383175882322,0.870616516934706,37.9481860791644
"284","ENSG00000106571.13","female_muscle",30.2906764817326,1.76512533662366,17.1606377480665,"female_muscle",30.183320265788,1.32988115370925,22.6962538581752
"285","ENSG00000221866.9","female_muscle",17.8210927174801,4.20594090520984,4.237123896678,"female_muscle",17.5625800176879,3.20888876307812,5.47310340569145
"286","ENSG00000123119.11","female_muscle",1.95515564294057,0.273174008660281,7.15718033545424,"female_muscle",1.83729432701833,0.201668167098601,9.11048259847588
"287","ENSG00000151208.16","female_muscle",19.4989367957161,6.34351233111023,3.07383918843954,"female_muscle",19.0777383151306,4.95334236525539,3.85148792640481
"288","ENSG00000176697.18","female_muscle",2.96926479597244,0.73558724228263,4.03659093754589,"female_muscle",2.92561844440641,0.556410816776887,5.25801863693736
"289","ENSG00000109944.10","female_muscle",2.58899850611426,0.224208658432783,11.5472726352824,"female_muscle",2.35169989403714,0.165004966353582,14.2522976490161
"290","ENSG00000120457.11","female_muscle",2.5128754981197,0.0721425436940558,34.8320889373734,"female_muscle",2.37409383728063,0.0577882801956443,41.0826179502669
"291","ENSG00000182379.9","female_muscle",1.0117432413538,0.0814014571382947,12.4290556572584,"female_muscle",1.05645547556708,0.0625879832746803,16.8795257538593
"292","ENSG00000185633.10","female_muscle",9.56422853853159,0.64871809367754,14.7432738993183,"female_muscle",7.96831814947216,0.471541701926631,16.8984378622614
"293","ENSG00000089225.19","female_muscle",2.50943017761291,0.0182697299753737,137.354530198062,"female_muscle",2.40666444493863,0.0131272750838252,183.333131176935
"294","ENSG00000139973.16","female_muscle",1.31035501885364,0.0690421863797631,18.9790487173465,"female_muscle",1.34940975623553,0.0555814318902895,24.2780675190069
"295","ENSG00000172379.20","female_muscle",11.6542341928397,1.11853552919336,10.4191899932264,"female_muscle",11.6278687287239,0.849740608611356,13.6840214659461
"296","ENSG00000140511.11","female_muscle",7.03981041626343,0.72334739705772,9.73226757281285,"female_muscle",7.10790358513008,0.575356104519367,12.3539205186113
"297","ENSG00000126603.8","female_muscle",2.40928789256744,0.720565915204316,3.34360513275775,"female_muscle",2.52075436436241,0.546022555782993,4.61657551993922
"298","ENSG00000159842.15","female_muscle",14.3417036090054,2.46430295546294,5.81978103674805,"female_muscle",14.2130135972874,2.02752752197489,7.01002252410531
"299","ENSG00000006740.16","female_muscle",6.63795109175494,0.672568850708087,9.8695487975193,"female_muscle",6.59014906164706,0.529261244375823,12.4515995298675
"300","ENSG00000108852.14","female_muscle",3.30510072914892,0.273353873028132,12.0909233607558,"female_muscle",3.22483174033665,0.196974655177432,16.371810563302
"301","ENSG00000182575.7","female_muscle",2.12211992939514,0.0751790159334544,28.2275566266199,"female_muscle",1.93119197667805,0.0526005636726566,36.7142829247273
"302","ENSG00000108854.15","female_muscle",60.898197615009,14.0889108281937,4.32242054461328,"female_muscle",62.1105396267565,10.8705452562657,5.71365448213892
"303","ENSG00000154856.12","female_muscle",10.5016174838497,3.28506518050042,3.19677598672486,"female_muscle",10.2566628255587,2.42507418072269,4.22942230266216
"304","ENSG00000160111.12","female_muscle",4.80155380809792,1.56012436099489,3.07767375995332,"female_muscle",4.74598077706883,1.197115360319,3.96451414323524
"305","ENSG00000101311.15","female_muscle",1.22539440483529,0.330879545445698,3.70344562455401,"female_muscle",1.21699285704151,0.241095499569981,5.04776264680238
"306","ENSG00000196090.12","female_muscle",4.53239392393001,0.313179979620155,14.472170058339,"female_muscle",4.69283686127828,0.235877536295602,19.8952258658375
"307","ENSG00000197565.15","female_muscle",4.96020963248875,1.3384910114682,3.70582214597606,"female_muscle",5.03302935213627,0.986614486854431,5.10131304495923
"308","ENSG00000130224.14","female_muscle",12.8081591545271,1.07283760898647,11.9385814285791,"female_muscle",12.8391844348066,0.829000311803495,15.4875507909941
"309","ENSG00000177181.14","female_placenta",2.76025940975441,0.167838068568576,16.4459674333455,"female_placenta",2.75102286906588,0.131623422857129,20.900709078596
"310","ENSG00000132122.11","female_placenta",10.6188956159779,3.41510933430647,3.1093867213286,"female_placenta",11.2193001521332,2.60633214078663,4.30463177603567
"311","ENSG00000184588.17","female_placenta",38.8292069025312,11.1857995751665,3.4712947109061,"female_muscle",38.5119275729931,8.33543553825703,4.62026577930277
"312","ENSG00000162631.18","female_placenta",1.4826565132287,0.256097041688848,5.78943240988349,"female_placenta",1.56959439245816,0.188120426430943,8.34356173987486
"313","ENSG00000132718.8","female_placenta",8.91324738895148,2.88139651636242,3.09337758213295,"female_placenta",9.29682146019849,2.05198073987961,4.53065727154142
"314","ENSG00000018625.14","female_placenta",3.04725907775482,0.212999467136604,14.3064164371853,"female_placenta",3.14072820045832,0.147103163459294,21.3505143370177
"315","ENSG00000143147.14","female_placenta",13.8110411227281,3.25399725287759,4.24433091039479,"female_placenta",14.3650595289144,2.50139725070635,5.74281415111413
"316","ENSG00000135835.11","female_placenta",7.26980521524159,1.39758162390666,5.20170349329601,"female_placenta",7.61162903487924,1.08206131740417,7.03437865530513
"317","ENSG00000177888.7","female_placenta",63.6088672558875,18.6849935490572,3.40427558023412,"female_muscle",62.9676118362146,13.7389763065108,4.58313708615792
"318","ENSG00000198892.6","female_placenta",3.53408265097118,0.41951327627645,8.42424507357497,"female_placenta",3.64066987746056,0.311371565926432,11.6923646082724
"319","ENSG00000143847.15","female_placenta",5.43303081346834,1.26997639168077,4.27805654424639,"female_placenta",5.66843000646675,0.940245309928381,6.02867139735961
"320","ENSG00000116141.15","female_placenta",5.99025974363087,1.2542855248621,4.77583422984129,"female_placenta",6.20634409677645,0.946200616716778,6.55922643372591
"321","ENSG00000143816.7","female_placenta",1.37360518343384,0.162284745606809,8.46416696959229,"female_placenta",1.38229337954491,0.122519499684372,11.2822316701088
"322","ENSG00000135749.18","female_placenta",3.46176637968331,0.628643255518675,5.50672634963229,"female_placenta",3.60713312060702,0.523057259367446,6.89624903584986
"323","ENSG00000198626.15","female_placenta",19.7080487908762,2.72743926234948,7.22584332598455,"female_placenta",20.8970256003323,2.21365592795909,9.44005133607127
"324","ENSG00000133019.11","female_placenta",2.67703201063129,0.376280419141403,7.11446005279718,"female_placenta",2.85055912253422,0.28553757915123,9.98313122569576
"325","ENSG00000143702.15","female_placenta",16.0733459553666,4.80101872047473,3.34790320371366,"female_placenta",16.7221689857818,3.67711131717775,4.54763740974161
"326","ENSG00000084710.13","female_placenta",3.15355828415373,1.00864584543258,3.12652681655696,"female_placenta",3.27147686815775,0.758639414893921,4.31229488467218
"327","ENSG00000168874.12","female_placenta",2.74699902605271,0.717017311390979,3.8311474247723,"female_placenta",2.80895425548043,0.546897611671848,5.13616113058814
"328","ENSG00000170500.12","female_placenta",5.54549400089422,1.64517198905389,3.37076855051692,"female_placenta",5.79918890920669,1.28873237826516,4.49991713330996
"329","ENSG00000074047.21","female_placenta",5.47205475593568,1.53942276060584,3.55461468802901,"female_placenta",5.7236383210182,1.14362741759713,5.00481033678268
"330","ENSG00000136002.18","female_placenta",1.23532272620259,0.175117394790871,7.0542548196188,"female_placenta",1.28508326213201,0.130764107969703,9.82749228427233
"331","ENSG00000182389.19","female_placenta",4.14198819018022,0.593447855257648,6.97953182151439,"female_placenta",4.35972653978394,0.504196715325022,8.64687612447756
"332","ENSG00000178568.14","female_placenta",3.56210642318257,0.10762328473172,33.0979158651595,"female_placenta",3.79797274474252,0.083838113532877,45.3012667472909
"333","ENSG00000072195.14","female_placenta",10.1737040799306,2.13690351693818,4.76095621505073,"female_placenta",10.742594820279,1.56068156780524,6.88327141287773
"334","ENSG00000033867.16","female_placenta",39.1568041812718,12.3136290303508,3.17995646001334,"female_placenta",39.2927663934342,9.74669883721978,4.03139227441671
"335","ENSG00000183873.15","female_placenta",1.15822309513288,0.247665778145619,4.67655686548621,"female_placenta",1.22166597648837,0.199413514923956,6.12629478475538
"336","ENSG00000144857.14","female_placenta",7.82680023419164,2.21098648907978,3.53995841804044,"female_placenta",8.07516982363932,1.71438603920445,4.71024007369224
"337","ENSG00000114654.7","female_placenta",1.02108303865243,0.242221914083223,4.21548579746424,"female_placenta",1.08433953209009,0.190464152624162,5.69314234279975
"338","ENSG00000114670.13","female_placenta",8.91873968255972,2.35635113978643,3.78497904322022,"female_placenta",9.14783986848825,1.67675291313873,5.45568747595871
"339","ENSG00000151967.18","female_placenta",1.79535262803702,0.513654924679498,3.49525049167445,"female_placenta",1.93627653982359,0.412685752273587,4.69189093433967
"340","ENSG00000169760.17","female_placenta",2.44972504282937,0.331984324091155,7.37903830108778,"female_placenta",2.59481266250582,0.260934458398867,9.94430815472966
"341","ENSG00000163069.12","female_placenta",29.316869846616,8.39420826621275,3.4925116123957,"female_placenta",30.6987611697762,5.99644903197775,5.1194900525405
"342","ENSG00000150471.16","female_placenta",44.101175127039,2.36821927655972,18.6220826608185,"female_placenta",45.0039655495582,1.89732062234817,23.7197472158713
"343","ENSG00000145284.11","female_placenta",9.5580206074885,1.3887703679434,6.88236214432107,"female_placenta",9.90684685638002,1.04829696468739,9.45042024359416
"344","ENSG00000163629.12","female_placenta",22.6836660163371,6.81398194781595,3.32898827587998,"female_placenta",23.4467669903267,5.21927991401447,4.49233752099959
"345","ENSG00000168743.12","female_placenta",12.4340228289054,3.52369156451144,3.52869216878503,"female_placenta",12.9924891744166,2.64766010751939,4.90715901845473
"346","ENSG00000151458.11","female_placenta",100.855063290243,21.4886010347167,4.6934215553308,"female_placenta",106.508364438843,16.7942499014431,6.34195424409464
"347","ENSG00000038382.19","female_placenta",140.320617632004,43.0158875374969,3.26206491751883,"female_placenta",144.667267463631,35.0776909822119,4.12419584678457
"348","ENSG00000154162.14","female_placenta",1.44148081078122,0.0877287202713631,16.4311163587297,"female_placenta",1.51045150126754,0.0620804510741747,24.3305497162517
"349","ENSG00000164171.10","female_placenta",9.47703151387372,2.59917885174074,3.64616367493399,"female_placenta",9.86282204461024,1.98692832070958,4.96385397591393
"350","ENSG00000113448.18","female_placenta",60.9137497136332,16.1730966901568,3.766362798703,"female_placenta",62.5594710223367,12.1939493321253,5.13036993335064
"351","ENSG00000131711.14","female_placenta",81.689008558264,6.94924718608747,11.7550874750587,"female_placenta",85.1404872157826,4.96112883244263,17.1615150687114
"352","ENSG00000184838.14","female_placenta",2.01372047632076,0.146195357152547,13.7741752921712,"female_placenta",2.12989781951763,0.131601904775998,16.1843996342072
"353","ENSG00000131437.15","female_placenta",20.8340726166756,6.12522196791561,3.40135797948321,"female_muscle",17.6344467476767,4.27744460664412,4.122659290616
"354","ENSG00000187372.11","female_placenta",1.81448938682198,0.477253901512319,3.80193725199991,"female_placenta",1.91698906815229,0.38499399999344,4.97926998390872
"355","ENSG00000253537.2","female_placenta",1.36163779689654,0.387496711642251,3.51393381153037,"female_placenta",1.44132414458487,0.331447531345737,4.3485740826997
"356","ENSG00000253953.2","female_placenta",3.16030982538539,0.968215037133735,3.26405778073954,"female_placenta",3.27540516210272,0.789338313061563,4.14955806389099
"357","ENSG00000113657.12","female_placenta",52.7830565827751,7.96570252580011,6.6262901999938,"female_placenta",55.10030197363,5.97536038026969,9.22125168476334
"358","ENSG00000145864.12","female_placenta",1.71315215640963,0.0864726383255327,19.8114940122486,"female_placenta",1.80301698941879,0.0634758966439968,28.4047502240255
"359","ENSG00000112139.15","female_placenta",1.47794888600776,0.467211810753881,3.16333802354649,"female_placenta",1.53845092272194,0.3617679309589,4.25259065568397
"360","ENSG00000112619.7","female_placenta",1.90936896251032,0.626824695426645,3.04609722054859,"female_placenta",2.01986326020181,0.494038870539015,4.08847032217943
"361","ENSG00000146151.13","female_placenta",5.36842995657592,0.539130854910761,9.95756393401844,"female_placenta",5.65519843587364,0.401399753270044,14.0886943497174
"362","ENSG00000111860.13","female_placenta",32.3908725224717,5.656009652602,5.72680644340318,"female_placenta",33.7228667781188,4.45121209505374,7.57610872229436
"363","ENSG00000079931.14","female_placenta",4.06093177192636,0.407156002368273,9.9738963647974,"female_placenta",4.10569207376485,0.301384574668464,13.6227677819321
"364","ENSG00000198729.4","female_placenta",18.9531608646816,0.0871514587530617,217.473822422,"female_placenta",19.270842503717,0.0623222118344196,309.213070853721
"365","ENSG00000146555.18","female_placenta",12.5670424283757,4.13698203273122,3.03773193331444,"female_placenta",13.0211233743497,3.07010861665934,4.24125820946306
"366","ENSG00000255690.2","female_placenta",3.66015448601058,1.16235533959342,3.14891183559312,"female_placenta",3.77947903989865,0.912098990094176,4.14371584767177
"367","ENSG00000154678.16","female_placenta",2.72941069039806,0.128203696754504,21.2896410906511,"female_placenta",2.87764314621686,0.100170011631602,28.727591215623
"368","ENSG00000075223.13","female_placenta",10.3270291790571,2.47463981030786,4.17314436470347,"female_placenta",10.6594584544804,1.83982147655037,5.79374607283457
"369","ENSG00000075213.10","female_placenta",25.4006094349208,2.77802086592174,9.14341924011897,"female_placenta",26.2225104369741,2.04318755351079,12.8341181365931
"370","ENSG00000158528.11","female_placenta",33.8179675722809,10.7273325346473,3.15250482476003,"female_placenta",35.3575930434635,8.42725400841559,4.19562445942116
"371","ENSG00000173114.12","female_placenta",14.5700935504435,4.15047511216518,3.51046402079079,"female_muscle",15.1001897137486,2.97706093723913,5.07218025834306
"372","ENSG00000128567.16","female_placenta",52.0340303525748,6.64829464937911,7.82667331951575,"female_placenta",54.2768285777477,4.96755845938983,10.9262586482806
"373","ENSG00000174469.21","female_placenta",1.91987978387518,0.194528919496914,9.86937977571832,"female_placenta",2.01651600787485,0.170805087879577,11.8059481301667
"374","ENSG00000175445.15","female_placenta",45.4191897134619,0.300338281443095,151.226775005928,"female_placenta",46.3302778277639,0.207907692536201,222.840613844516
"375","ENSG00000172733.11","female_placenta",1.01407205461448,0.247113793714949,4.10366430529667,"female_placenta",1.0686230659306,0.183034236138276,5.83837804597
"376","ENSG00000104427.11","female_placenta",16.9322740435833,5.44726642964648,3.1083983613194,"female_placenta",17.6201937192176,3.8975192608821,4.52087405854916
"377","ENSG00000156103.15","female_placenta",14.57350610885,3.6439082524713,3.99941631323078,"female_placenta",15.2349075995208,2.73519658310568,5.5699497775119
"378","ENSG00000079102.16","female_placenta",21.6988039739404,7.13678004167672,3.04041932737533,"female_placenta",22.9935398764455,5.40718330850952,4.25240620939548
"379","ENSG00000170961.6","female_placenta",6.22415457900282,0.305168531475514,20.3957942482095,"female_placenta",6.53471891180502,0.23392099954841,27.9355804926469
"380","ENSG00000153707.16","female_placenta",79.4606722394154,4.8265853845104,16.463123701162,"female_placenta",83.9197325010406,3.76160315252484,22.3095656554606
"381","ENSG00000147862.16","female_placenta",52.894903285451,13.6397705982832,3.87799068205067,"female_placenta",55.8615716902706,10.3571572903701,5.39352354358948
"382","ENSG00000107282.7","female_placenta",4.71433941060199,1.20575001829247,3.90988126815725,"female_muscle",4.61691782529793,1.10923071344756,4.16227009343102
"383","ENSG00000170681.6","female_placenta",1.03254409928065,0.195145530717139,5.29114910029536,"female_placenta",1.07447422725245,0.149762141659775,7.17453834022624
"384","ENSG00000148143.12","female_placenta",51.5996583043211,3.3187035707086,15.5481371580601,"female_muscle",49.5304514918094,2.55454386311783,19.3891567911296
"385","ENSG00000106852.15","female_placenta",2.97132391816705,0.379518755669452,7.82918860736088,"female_placenta",3.03197279020998,0.285201275313438,10.6309931008472
"386","ENSG00000148297.15","female_placenta",3.01765556441136,0.940388229838351,3.20894654852293,"female_placenta",3.12912487248918,0.755242786932838,4.14320391618311
"387","ENSG00000156650.13","female_placenta",9.41277809034654,2.69377307908081,3.49427283368592,"female_placenta",9.85338420876615,2.14425366754914,4.59525118594222
"388","ENSG00000107779.13","female_placenta",51.8008581633032,11.935360184117,4.34011687659307,"female_placenta",53.9817774566024,9.17092537450386,5.88618653540432
"389","ENSG00000138193.15","female_placenta",15.2721123823557,2.70614207735848,5.64349984065253,"female_placenta",16.0635696663227,2.08550909907579,7.70246923086617
"390","ENSG00000166402.8","female_placenta",16.6210900561941,3.17365094910815,5.2372142755223,"female_placenta",17.3877166535982,2.4309916868823,7.15251999725989
"391","ENSG00000175264.7","female_placenta",1.90790557301968,0.578062750020345,3.30051637638393,"female_placenta",2.0118577186946,0.432450297074499,4.65222878167665
"392","ENSG00000134569.9","female_placenta",21.042064482039,3.49651545753194,6.01800985512926,"female_placenta",22.1733654616384,2.80956455307596,7.89210037454474
"393","ENSG00000149256.15","female_placenta",1.88795815183586,0.456957556297632,4.13158317619803,"female_placenta",1.92762965610315,0.367132017481,5.25050816686918
"394","ENSG00000150672.17","female_placenta",4.53899896413449,1.46123991836935,3.10626537577739,"female_placenta",4.82847271339986,1.0555829050445,4.57422405225131
"395","ENSG00000137691.12","female_placenta",2.05733455718918,0.0359317695981479,57.2567001346693,"female_placenta",2.13359322001086,0.0246355164686086,86.6063929582948
"396","ENSG00000187240.14","female_placenta",16.4644194566109,5.20535694771344,3.162976069075,"female_placenta",17.3429684123749,4.17406145700477,4.15493844329257
"397","ENSG00000152578.12","female_placenta",1.0755295388081,0.0623299886806615,17.2554104625049,"female_placenta",1.14812418116438,0.0406652301939305,28.2335591287454
"398","ENSG00000151067.21","female_placenta",4.8485690062389,0.446114567789019,10.868439087898,"female_muscle",4.90273817924392,0.404910429060706,12.1082042530173
"399","ENSG00000130037.4","female_placenta",1.09837085202253,0.271930876364641,4.03915460688505,"female_placenta",1.10764670922012,0.222287680182683,4.98294241187735
"400","ENSG00000133687.15","female_placenta",13.6972169227478,2.33124393233093,5.87549708238915,"female_placenta",14.0157968109995,1.83551157893347,7.63590759756657
"401","ENSG00000167552.13","female_placenta",84.0615222834362,25.8440131871693,3.25264972102591,"female_placenta",87.830757746225,18.0231195570305,4.87322727168859
"402","ENSG00000196935.8","female_placenta",14.2155426454167,2.04340615479023,6.95678762251552,"female_placenta",14.9884684728062,1.60035223180795,9.36573097778195
"403","ENSG00000067798.15","female_placenta",12.934108675546,3.74348968953312,3.45509397600588,"female_placenta",13.4797190049072,2.56546741170235,5.25429360100994
"404","ENSG00000179104.8","female_placenta",18.0098330090911,1.72839739647,10.4199607369657,"female_placenta",18.7325714631734,1.41708538410985,13.2190845189899
"405","ENSG00000136010.13","female_placenta",4.66561621057807,0.365086897807605,12.7794676790532,"female_placenta",4.81024096866789,0.325683016595072,14.7697015919272
"406","ENSG00000181234.9","female_placenta",2.89048944617583,0.246663032562796,11.7183731025441,"female_placenta",2.80998842555544,0.187727127468777,14.9684729290006
"407","ENSG00000120658.13","female_placenta",6.17545275963466,0.588848581143641,10.4873357215889,"female_placenta",6.45629461716306,0.449820761593291,14.3530382952856
"408","ENSG00000197168.12","female_placenta",1.3554037646298,0.303173221710727,4.47072388841472,"female_muscle",1.29107702654992,0.220204436334865,5.86308363282281
"409","ENSG00000185567.6","female_placenta",5.56985538515869,0.787403380099005,7.07370012109722,"female_placenta",5.30920858231034,0.591418804902772,8.97707096612047
"410","ENSG00000182809.10","female_placenta",36.9221253303872,9.57047586868251,3.85791948456895,"female_placenta",37.6364976091523,7.0236895930749,5.35850810466631
"411","ENSG00000166206.14","female_placenta",1.89000250709368,0.531379848848222,3.55678242445645,"female_placenta",1.90062452199041,0.399151671909605,4.76165992966413
"412","ENSG00000159433.11","female_placenta",28.5539208747207,4.18113638347119,6.82922494171672,"female_placenta",30.3116894493176,3.33280700961011,9.09494290005818
"413","ENSG00000166963.12","female_placenta",20.1177087621425,3.34232859786323,6.0190696914133,"female_placenta",21.0932093394181,2.47825329420217,8.51132101337877
"414","ENSG00000137766.17","female_placenta",2.04573022241418,0.194675780949342,10.5083961263087,"female_placenta",2.11026085780776,0.144692288913926,14.5844735310194
"415","ENSG00000166173.10","female_placenta",7.68859344766797,0.909228589138608,8.4561721216356,"female_placenta",8.00467773072816,0.67488024744366,11.8608860772687
"416","ENSG00000182175.14","female_placenta",3.44041375250064,0.476013093534088,7.22756117265137,"female_placenta",3.54482719488958,0.354680366198491,9.9944274696778
"417","ENSG00000167972.13","female_placenta",7.47482143839074,1.24674631209564,5.9954630431803,"female_placenta",7.84470437615297,0.960596942702834,8.16648901055244
"418","ENSG00000011638.10","female_placenta",3.14700787042603,0.753791113729062,4.17490709708362,"female_placenta",3.26625711711539,0.569542462067932,5.73487902070734
"419","ENSG00000103044.10","female_placenta",1.03864147465535,0.343737198949654,3.02161499491208,"female_placenta",1.08859183659498,0.262529695392417,4.14654744092018
"420","ENSG00000140945.16","female_placenta",14.9016687672733,1.12471477097197,13.2492869764619,"female_placenta",15.8132156909813,0.838085047218928,18.8682708794952
"421","ENSG00000177427.12","female_placenta",2.55477289192566,0.809916134917723,3.15436720146981,"female_placenta",2.63647009307925,0.577380312354685,4.56626254249498
"422","ENSG00000128482.15","female_placenta",1.21135795885615,0.381639017249059,3.17409359134161,"female_placenta",1.22065841138962,0.290508223355398,4.20180329937273
"423","ENSG00000161381.13","female_placenta",2.00430510133951,0.442994142708074,4.52445056967788,"female_placenta",2.07933413592208,0.335591648960884,6.19602466974512
"424","ENSG00000180340.6","female_placenta",5.71333887700375,0.873896271790323,6.5377769209371,"female_placenta",5.96297358106655,0.664588140148909,8.97243453626854
"425","ENSG00000006283.17","female_placenta",2.97343804908449,0.792961978444955,3.74978640831629,"female_placenta",3.08910507143258,0.609980253069936,5.06427061513154
"426","ENSG00000170921.15","female_placenta",34.9988264073641,8.52294256295114,4.10642523387433,"female_placenta",35.9263260377258,6.68442948644918,5.37462862171804
"427","ENSG00000159640.15","female_placenta",3.21762904347611,0.860314114707539,3.74006306355898,"female_placenta",3.28884829751865,0.655754753432991,5.01536325936023
"428","ENSG00000141431.11","female_placenta",4.23993101334509,0.852505414162292,4.97349452907748,"female_placenta",4.491334921992,0.648757101604097,6.92298382690049
"429","ENSG00000196628.16","female_placenta",146.802234419127,33.5256380517648,4.37880508619878,"female_placenta",155.217105826805,25.7938217201105,6.01760791832518
"430","ENSG00000142279.12","female_placenta",10.2928161436464,3.27537437178604,3.14248540023649,"female_placenta",10.6885589125523,2.49058321673514,4.29158874946718
"431","ENSG00000196267.12","female_placenta",5.1406401403577,1.4710656324605,3.49450087536848,"female_placenta",5.36912183732016,1.15753214368886,4.63842137481355
"432","ENSG00000258405.9","female_placenta",3.01277048921688,0.334557684156336,9.00523476785258,"female_placenta",3.120695493501,0.270106850105741,11.553559238795
"433","ENSG00000149639.14","female_placenta",63.4709835681846,12.1753395400397,5.21307708581388,"female_placenta",66.4041962536658,9.65254028486002,6.8794528998569
"434","ENSG00000101445.9","female_placenta",10.714992821047,2.30678886619827,4.64498202590425,"female_placenta",11.3993353034835,1.84992286181818,6.16205980193129
"435","ENSG00000124225.15","female_placenta",6.61184326483668,1.71871209636514,3.846975464256,"female_placenta",6.6642286755645,1.30345885093652,5.11272655118827
"436","ENSG00000169184.5","female_placenta",5.86671785853927,1.55707077146475,3.7677913978312,"female_placenta",6.12898066034468,1.18380544801751,5.17735466635057
"437","ENSG00000100320.22","female_placenta",31.0492001710697,9.62925331245954,3.22446602696539,"female_placenta",32.0678931152712,7.31035214564885,4.38664136506175
"438","ENSG00000011201.11","female_placenta",3.73056553216666,1.04330073624296,3.57573363323871,"female_placenta",3.79268721509696,0.821937805770898,4.61432384356598
"439","ENSG00000173698.17","female_placenta",1.18211161846449,0.0662139231760417,17.8529161506052,"female_placenta",1.19485156655378,0.0500725964953381,23.8623848209075
"440","ENSG00000124313.14","female_placenta",5.09757200708336,1.49346169285105,3.41325929649524,"female_placenta",5.31616537302261,1.10813262266797,4.7974089601507
"441","ENSG00000198205.6","female_placenta",5.24773495517297,1.44831862655546,3.62332905132462,"female_placenta",5.43766624223015,1.18358372668111,4.59423876794751
"442","ENSG00000022267.16","female_placenta",91.0577636628909,22.0321982361365,4.1329404668092,"female_placenta",94.8257876466266,16.5624923740913,5.72533321101856
"443","ENSG00000179542.15","female_placenta",1.77657983478147,0.406131461989988,4.37439598024855,"female_placenta",1.85333680664908,0.300748521226619,6.16241369729815
"444","ENSG00000130032.15","female_placenta",3.3370119340596,0.48628254063159,6.8622902432924,"female_placenta",3.6742077329299,0.370664970581282,9.91247629137427
