"","ensembl","tissue_TMM","nCPM_1_TMM","nCPM_term_placenta_TMM","nCPM_ratio_TMM","tissue_DESq","nCPM_1_DESq","nCPM_term_placenta_DESq","nCPM_ratio_DESq"
"1","ENSG00000196581.10","male_placenta_mid",1.18539628469662,0.338148509863531,3.50554933740509,"male_placenta_mid",1.2409105927105,0.330771816535566,3.7515608364326
"2","ENSG00000162444.11","male_placenta_mid",11.4689050122065,1.77167647582262,6.47347592448068,"male_placenta_mid",12.2475297827513,1.74165935776712,7.03210402661812
"3","ENSG00000188984.11","male_placenta_mid",5.54956508717795,1.34144951007427,4.13699140034774,"male_placenta_mid",5.36047884298633,1.30343083150325,4.11259171827636
"4","ENSG00000158747.14","male_placenta_mid",22.9462417239004,7.13482054295711,3.21609234398348,"male_placenta_mid",24.1822336230964,7.00541488392435,3.45193454260482
"5","ENSG00000158008.9","male_placenta_mid",4.55171225950033,1.45963827024465,3.11838374773321,"male_placenta_mid",4.60117167018492,1.39954368457765,3.28762275939493
"6","ENSG00000175793.11","male_placenta_mid",1.77787636321866,0.433672931500092,4.099578816388,"male_placenta_mid",1.7786964496985,0.403189390518769,4.41156561041925
"7","ENSG00000188060.7","male_placenta_mid",12.4790015003378,2.22595668612365,5.60612952539931,"male_placenta_mid",13.1383305493384,2.09665112151415,6.26634083969593
"8","ENSG00000121769.7","male_placenta_mid",5.43445303300416,1.20759015879245,4.50024620806651,"male_placenta_mid",5.73212643628798,1.13622827639293,5.04487219283539
"9","ENSG00000121753.12","male_placenta_mid",20.1800235823592,4.51694186380831,4.46762969079816,"male_placenta_mid",21.240548447561,4.40753201112069,4.81914785734256
"10","ENSG00000160097.17","male_placenta_mid",2.0706104076169,0.36126676865426,5.73152746744475,"male_placenta_mid",2.17090978889507,0.350007274414621,6.20247048443741
"11","ENSG00000171812.12","male_placenta_mid",57.2200779532461,15.157828952864,3.77495208127643,"male_placenta_mid",60.030886517753,14.7409367502,4.07239292421077
"12","ENSG00000169218.13","male_placenta_mid",1.33559668368193,0.320952392848231,4.16135449818408,"male_placenta_mid",1.38606576785214,0.320975516263854,4.31829126403754
"13","ENSG00000049089.14","male_placenta_mid",3.54403980769278,1.06894970527155,3.31544111964788,"male_placenta_mid",3.72161768535248,1.0589921090429,3.51430162092144
"14","ENSG00000117399.13","male_placenta_mid",16.0707372834565,5.28982293339641,3.03804824581114,"male_placenta_mid",16.7048047297796,5.04787545622759,3.30927434217316
"15","ENSG00000186603.5","male_placenta_mid",4.8380639311235,1.46422117125079,3.3041893028979,"male_placenta_mid",5.15062709190219,1.39133385645998,3.7019347067476
"16","ENSG00000137948.18","male_placenta_mid",11.1021853467424,0.694122834446145,15.9945542716529,"male_placenta_mid",11.6392625408759,0.714223994679764,16.2963756854663
"17","ENSG00000122477.12","male_placenta_mid",8.32526973920876,1.93338709982117,4.30605425058376,"male_placenta_mid",8.85899387280821,1.89498780110672,4.67496089823604
"18","ENSG00000143028.8","male_placenta_mid",7.0614282679902,0.812460273213554,8.69141359990424,"male_placenta_mid",7.52507829574241,0.805225075199601,9.34531043246148
"19","ENSG00000116774.11","male_placenta_mid",151.916692180163,37.4900860084857,4.05218307970212,"male_placenta_mid",160.857569280586,36.7758249598715,4.37400301573406
"20","ENSG00000173212.4","male_placenta_mid",5.06500235110762,1.33947508133668,3.7813337640094,"male_placenta_mid",5.40465921153596,1.31204241343338,4.11927172185916
"21","ENSG00000203859.9","male_placenta_mid",8.79783264491986,2.59729272176443,3.38730885864231,"male_placenta_mid",9.33395541699635,2.54535923326706,3.66704836590625
"22","ENSG00000092621.12","male_placenta_mid",29.6287161734202,6.47681615800574,4.57458038805028,"male_placenta_mid",30.9652238053492,6.19002890408309,5.00243606050431
"23","ENSG00000183598.3","male_placenta_mid",7.02010800339202,2.08432499064094,3.3680486655938,"male_placenta_mid",7.32953293011274,2.01623217512759,3.63526235744597
"24","ENSG00000203812.2","male_placenta_mid",1.02752687116916,0.1203976751188,8.53444113563878,"male_placenta_mid",1.05454156379821,0.129801097936096,8.12428847341018
"25","ENSG00000159164.9","male_placenta_mid",3.37479293742249,1.04717657266395,3.2227544289281,"male_placenta_mid",3.55376270413182,1.00793338802614,3.52579123417197
"26","ENSG00000143416.20","male_placenta_mid",38.8967086296782,11.4880070305056,3.38585348410657,"male_placenta_mid",40.9898859781425,11.1199320892288,3.68616333708071
"27","ENSG00000143556.8","male_placenta_mid",1.66030184148043,0.377904329387979,4.39344488106106,"male_placenta_mid",1.69632496597647,0.343331314640176,4.94078137834378
"28","ENSG00000160678.11","male_placenta_mid",7.64834798484596,0.357481426537021,21.3950919322906,"male_placenta_mid",8.09336130696385,0.331890370478978,24.385646667855
"29","ENSG00000143320.8","male_placenta_mid",21.1853171483116,4.90963738392215,4.31504722073534,"male_placenta_mid",22.0709959870255,4.80645451737509,4.5919494103689
"30","ENSG00000143297.18","male_placenta_mid",2.04816101088304,0.204607477432441,10.0101962869823,"male_placenta_mid",2.171075209936,0.199118262352595,10.9034459435544
"31","ENSG00000073754.5","male_placenta_mid",20.815061683357,1.70352527041235,12.2188159136134,"male_placenta_mid",21.8375742144102,1.88239187585136,11.60097134638
"32","ENSG00000162706.12","male_placenta_mid",152.299159146957,50.4791070063855,3.01707316509564,"male_placenta_mid",160.514906199207,48.22191526026,3.32867131744741
"33","ENSG00000213088.10","male_placenta_mid",5.82669584892154,1.89715055119739,3.07128806685585,"male_placenta_mid",6.1238190491391,1.82285617104471,3.35946365183021
"34","ENSG00000158874.11","male_placenta_mid",2.44581643855378,0.0093245404673949,262.298871146097,"male_placenta_mid",2.59196793634659,0.0096299537267604,269.156842274729
"35","ENSG00000173110.7","male_placenta_mid",9.46168669271947,2.45245069824846,3.85805378247848,"male_placenta_mid",9.66331239425954,2.40304635176531,4.02127590554412
"36","ENSG00000143153.12","male_placenta_mid",77.6011290427375,25.8110988877663,3.00650233375062,"male_placenta_mid",82.0964439934451,24.9926355309845,3.28482539953285
"37","ENSG00000010932.16","male_placenta_mid",7.91399909989702,1.04850426778758,7.54789402678935,"male_placenta_mid",8.3898759007389,1.0320728688212,8.12915071619075
"38","ENSG00000120337.8","male_placenta_mid",3.63003919267683,0.196453995087368,18.4778079522509,"male_placenta_mid",3.93983808288561,0.182955227320028,21.5344384557758
"39","ENSG00000135838.13","male_placenta_mid",104.256071663258,33.1867914677062,3.14149295706121,"male_placenta_mid",110.606632236967,32.58042583999,3.39487988217778
"40","ENSG00000143839.14","male_placenta_mid",12.9649867587792,0.952580384413139,13.6103860324256,"male_placenta_mid",13.5083028958475,0.89433464717875,15.1043045670438
"41","ENSG00000170498.8","male_placenta_mid",4966.90007425705,1320.64855325627,3.76095522310638,"male_placenta_mid",5007.1538856855,1233.82241596102,4.05824519064638
"42","ENSG00000170382.11","male_placenta_mid",4.14395759711946,0.447138644554726,9.26772411104421,"male_placenta_mid",4.29878748774618,0.437971219312102,9.8152282574596
"43","ENSG00000158715.5","male_placenta_mid",3.75307687871677,0.564798661343678,6.64498189458887,"male_placenta_mid",3.96875317017726,0.543521353348719,7.30192686216495
"44","ENSG00000276600.4","male_placenta_mid",17.9430928457521,5.86236465467251,3.06072615790811,"male_placenta_mid",19.0312696874723,5.55690987256712,3.42479365760893
"45","ENSG00000162892.15","male_placenta_mid",1.09922364732634,0.236980374526862,4.63845856232176,"male_placenta_mid",1.12404208028945,0.236951573738968,4.74376288181029
"46","ENSG00000143502.14","male_placenta_mid",1.07525105273207,0.290820077657693,3.69730680698629,"male_placenta_mid",1.12978083776473,0.279133891632247,4.04745131864243
"47","ENSG00000177614.10","male_placenta_mid",8.00359125915286,2.07651350389876,3.85434105972618,"male_placenta_mid",8.46945225285606,2.04235838589911,4.14689816994462
"48","ENSG00000135744.7","male_placenta_mid",1.1055983090569,0.331700727183051,3.333119943529,"male_placenta_mid",1.16418823023345,0.312459349995302,3.72588700018404
"49","ENSG00000162849.15","male_placenta_mid",14.4171228695298,2.98227922865886,4.83426324771515,"male_placenta_mid",15.0728949862567,2.94304514013676,5.12153034307733
"50","ENSG00000171848.14","male_placenta_mid",13.0120300290761,3.58290128021333,3.63170207924382,"male_placenta_mid",13.5379970841375,3.49127117939744,3.87766987681376
"51","ENSG00000196208.13","male_placenta_mid",9.01704070769421,2.41376148302837,3.73568008732213,"male_placenta_mid",9.32079276106582,2.42785722832449,3.83910250253812
"52","ENSG00000143867.6","male_placenta_mid",11.0628982540354,2.74646702870743,4.02804699215411,"male_placenta_mid",11.7218163762608,2.69029647074463,4.35707235381995
"53","ENSG00000157833.12","male_placenta_mid",2.50674926769285,0.816244637027413,3.07107594216103,"male_placenta_mid",2.60824267230326,0.792614434267376,3.29068278287676
"54","ENSG00000138080.13","male_placenta_mid",67.1563299137245,15.8935278926483,4.2253884957026,"male_placenta_mid",70.2148515498106,15.6673721554336,4.48159722340287
"55","ENSG00000115226.9","male_placenta_mid",2.6845598597557,0.850317305588113,3.15712715960656,"male_placenta_mid",2.8206783321435,0.829455837146182,3.40063714766093
"56","ENSG00000143891.16","male_placenta_mid",15.8034438464791,4.89094415561444,3.2311642381641,"male_placenta_mid",16.1509682046181,4.84509510562434,3.33346773438349
"57","ENSG00000162878.12","male_placenta_mid",14.5373735826202,4.25766230317639,3.41440268096761,"male_placenta_mid",15.2117509431981,4.10011699381978,3.71007728953276
"58","ENSG00000119866.21","male_placenta_mid",5.71658486983035,0.699239969708125,8.17542634500221,"male_placenta_mid",5.98500780863329,0.701326256479175,8.53384249247912
"59","ENSG00000143954.12","male_placenta_mid",1.61867558610579,0.27983177003239,5.78445966274105,"male_placenta_mid",1.77185388894009,0.259796459296642,6.8201618056578
"60","ENSG00000162951.10","male_placenta_mid",1.61862676769675,0.473746467727366,3.41665189708231,"male_placenta_mid",1.65526154860445,0.409615652442312,4.04101146705464
"61","ENSG00000115523.16","male_placenta_mid",3.75349650144133,0.913963814747897,4.10683272233997,"male_placenta_mid",3.761763148413,0.901825099859092,4.17127794402791
"62","ENSG00000214336.4","male_placenta_mid",18.1027322192603,5.59472845023091,3.23567665174404,"male_placenta_mid",18.9817017026702,5.30644909698207,3.57710049710373
"63","ENSG00000119147.9","male_placenta_mid",5.95412265764463,0.866148495654033,6.87425157178001,"male_placenta_mid",6.21476724733553,0.822066785206586,7.55992987330555
"64","ENSG00000198203.9","male_placenta_mid",3.64794153034635,0.288100321374844,12.6620529714719,"male_placenta_mid",3.85584431135672,0.28266742281263,13.6409221585914
"65","ENSG00000136689.18","male_placenta_mid",6.7253193741409,2.01458326763944,3.33831789540335,"male_placenta_mid",6.89304964940249,1.98596256529247,3.47088599244939
"66","ENSG00000019169.10","male_placenta_mid",8.80482099916357,1.86989125454661,4.70873425272983,"male_placenta_mid",9.21267553406528,1.87911393329569,4.90267001421654
"67","ENSG00000163075.12","male_placenta_mid",1.39015316692942,0.451131371009077,3.08148192802457,"male_placenta_mid",1.48580244373912,0.453150575514551,3.27882722437679
"68","ENSG00000144285.19","male_placenta_mid",2.50792013761531,0.108572657383242,23.0990029908064,"male_placenta_mid",2.72283914950554,0.104013014637692,26.1778697501461
"69","ENSG00000168542.14","male_placenta_mid",6178.2980145714,1781.29653738771,3.46842756660378,"male_placenta_mid",6475.67421888058,1768.09697768723,3.66251076756611
"70","ENSG00000021826.15","male_placenta_mid",133.435059873697,32.4401548468533,4.11326827826903,"male_placenta_mid",137.591103670231,31.6173470120533,4.35175992526438
"71","ENSG00000135925.8","male_placenta_mid",7.00155995644411,2.03027526481167,3.44857669193619,"male_placenta_mid",7.3545920751048,1.95062194816024,3.7703831242345
"72","ENSG00000163082.9","male_placenta_mid",4.61062405744309,0.93960718207955,4.9069697905446,"male_placenta_mid",4.62351880351623,0.893338255366456,5.17555223426497
"73","ENSG00000156966.6","male_placenta_mid",20.2397715028807,6.32057632108705,3.20220348188118,"male_placenta_mid",19.6495868708735,5.93568694430917,3.3104149621153
"74","ENSG00000178752.15","male_placenta_mid",3.24640388338957,0.374094006266994,8.67804302930367,"male_placenta_mid",3.42465033650924,0.363668540143981,9.41695516239424
"75","ENSG00000233608.3","male_placenta_mid",8.65941326779367,1.79830699732129,4.81531422648775,"male_placenta_mid",9.14632593891704,1.71869640007329,5.32166468640245
"76","ENSG00000134115.12","male_placenta_mid",18.0350689576644,1.00129091680812,18.011817200096,"male_placenta_mid",18.8646684321386,0.967664313041714,19.4950544087342
"77","ENSG00000163517.14","male_placenta_mid",13.2609727606641,4.40722649026407,3.00891565023007,"male_placenta_mid",14.0025645329812,4.2595673662757,3.28732083071248
"78","ENSG00000154764.5","male_placenta_mid",61.5530897315054,18.9197209557125,3.25338253537616,"male_placenta_mid",62.5911180057712,17.7371300066889,3.52881881015515
"79","ENSG00000206557.5","male_placenta_mid",9.43821246033183,2.76074281276267,3.41872209779912,"male_placenta_mid",8.99541540657134,2.5694140344977,3.50095986314244
"80","ENSG00000168356.11","male_placenta_mid",12.8185659334218,3.69326552311291,3.4707945727708,"male_placenta_mid",13.5381598406896,3.57185138664042,3.79023603594639
"81","ENSG00000144647.5","male_placenta_mid",15.0241869718503,4.31464856266033,3.48213458261052,"male_placenta_mid",15.845918658201,4.14088997595349,3.82669395956416
"82","ENSG00000249992.1","male_placenta_mid",1.79458047175401,0.469004898110314,3.82635763290453,"male_placenta_mid",1.86287347357809,0.44870487080416,4.15166759888183
"83","ENSG00000114854.7","male_placenta_mid",5.53385019405156,1.20700893943672,4.58476322191455,"male_placenta_mid",5.79616891905752,1.14469155736931,5.06352028347101
"84","ENSG00000144730.17","male_placenta_mid",4.05973103266576,1.1717232947486,3.46475234456852,"male_placenta_mid",4.26023014099399,1.12069418988661,3.80142074389181
"85","ENSG00000172986.12","male_placenta_mid",11.5998078526813,3.75822873605765,3.08650927533735,"male_placenta_mid",12.2148074604141,3.59359865886083,3.39904608721281
"86","ENSG00000269028.3","male_placenta_mid",947.09678648969,18.3706633410868,51.554849648323,"male_placenta_mid",987.320916513649,17.9379254589626,55.0409755449362
"87","ENSG00000091986.15","male_placenta_mid",81.8842978235738,24.4106068797202,3.35445563590643,"male_placenta_mid",86.1718492236598,23.857665971796,3.61191448172383
"88","ENSG00000172020.12","male_placenta_mid",2.7575945671656,0.762521780417483,3.61641416413812,"male_placenta_mid",2.94195762794889,0.779848188436216,3.77247478621221
"89","ENSG00000145103.13","male_placenta_mid",8.71932604113717,2.77295526905947,3.14441640600088,"male_placenta_mid",9.09924662563576,2.63220309745683,3.45689382191945
"90","ENSG00000121552.3","male_placenta_mid",18.1496238870694,5.48974881710412,3.30609368328867,"male_placenta_mid",19.0143898981597,5.30630702618566,3.58335652353457
"91","ENSG00000206384.10","male_placenta_mid",13.4906361659456,2.11702126666181,6.37246133441923,"male_placenta_mid",14.0973552593603,2.08286438902678,6.76825401290158
"92","ENSG00000091513.15","male_placenta_mid",2.78976154106584,0.640761100189703,4.3538247565901,"male_placenta_mid",2.95180451661459,0.6426435423071,4.59322209325806
"93","ENSG00000175093.4","male_placenta_mid",1.93522200733072,0.210371083696101,9.1990875044705,"male_placenta_mid",2.0409749906122,0.197332249131957,10.3428354949088
"94","ENSG00000175040.5","male_placenta_mid",40.9181275800891,12.3897162154219,3.3025879583228,"male_placenta_mid",43.1305226080608,12.0471231469799,3.58015121800039
"95","ENSG00000181744.8","male_placenta_mid",166.250146648048,29.1408893258951,5.70504711743012,"male_placenta_mid",176.097301130816,27.9159798410636,6.30811822237319
"96","ENSG00000198829.6","male_placenta_mid",2.28208311405943,0.609341333364984,3.74516381722706,"male_placenta_mid",2.42877210149776,0.619904533956784,3.91797763761328
"97","ENSG00000163898.9","male_placenta_mid",2.26028758915168,0.286429922692627,7.89124113815872,"male_placenta_mid",2.31366947647892,0.268781157642983,8.60800473057015
"98","ENSG00000145192.12","male_placenta_mid",5.33597133252686,0.00174331685505364,3060.81554655919,"male_placenta_mid",5.64701457858879,0.00179952168137859,3138.06420729684
"99","ENSG00000113889.13","male_placenta_mid",1.04125278609849,0.21383967219994,4.86931529302439,"male_placenta_mid",1.10016237568154,0.206064544986091,5.33892123827415
"100","ENSG00000163923.9","male_placenta_mid",3.77848147013362,1.03702887403208,3.64356438354747,"male_placenta_mid",3.90727210258783,0.97864369459793,3.99253796264749
"101","ENSG00000127241.16","male_placenta_mid",24.5368205305018,7.37628721546716,3.32644592242167,"male_placenta_mid",25.5503372828975,7.23744683855557,3.53029705818147
"102","ENSG00000205835.8","male_placenta_mid",1.12018882393653,0.0317879067476301,35.2394648955626,"male_placenta_mid",1.20572321573244,0.0302591886710047,39.8465150153812
"103","ENSG00000127418.14","male_placenta_mid",11.0322043161849,2.99614290632113,3.68213555264992,"male_placenta_mid",11.099478385394,2.86662749876721,3.87196396817072
"104","ENSG00000243449.6","male_placenta_mid",2.32664805051725,0.541446522855947,4.29709667031375,"male_placenta_mid",2.43199950362048,0.51552609187882,4.71751001924486
"105","ENSG00000163132.6","male_placenta_mid",7.34093948054087,2.39425124685074,3.06606898093787,"male_placenta_mid",7.78820194195075,2.33627160374112,3.33360296357638
"106","ENSG00000170801.9","male_placenta_mid",32.3146773035155,10.5332122560588,3.06788437543616,"male_placenta_mid",33.9468447909686,10.3057975215014,3.29395611743234
"107","ENSG00000137440.4","male_placenta_mid",2.31254090456735,0.218886917936599,10.5650028168297,"male_placenta_mid",2.29246105530178,0.210976760338803,10.8659411189193
"108","ENSG00000157765.12","male_placenta_mid",10.1914321388859,2.80652619521678,3.63133333879276,"male_placenta_mid",10.7376670247403,2.66032701458827,4.03622072243706
"109","ENSG00000169851.15","male_placenta_mid",1.84700442418731,0.301734956538408,6.12128089292897,"male_placenta_mid",1.96698274905905,0.299344455704406,6.57096769816705
"110","ENSG00000154277.12","male_placenta_mid",2.23122092265538,0.693752298832448,3.21616364574275,"male_placenta_mid",2.34422872168534,0.684127570200819,3.42659589204571
"111","ENSG00000163631.16","male_placenta_mid",65.6625785347926,0.065557052685034,1001.60967959108,"male_placenta_mid",69.412998698213,0.0663536468072604,1046.10676335303
"112","ENSG00000081051.7","male_placenta_mid",24.6667601505614,0.00387609302409075,6363.82047521878,"male_placenta_mid",26.0609526073781,0.00387916189326183,6718.19153839555
"113","ENSG00000118785.13","male_placenta_mid",6677.20993150009,471.539440473328,14.1604484341703,"male_placenta_mid",7146.84474505218,453.534105008053,15.7581197668151
"114","ENSG00000163106.10","male_placenta_mid",36.4804585335731,9.45443212414847,3.85855628921327,"male_placenta_mid",38.9540238877114,9.18870510041549,4.23933769361583
"115","ENSG00000155011.8","male_placenta_mid",15.0438628779314,1.35503777607369,11.1021723110347,"male_placenta_mid",15.8212661824466,1.29209691719789,12.2446435494618
"116","ENSG00000164093.16","male_placenta_mid",85.9523370041448,17.7273404965254,4.84857483394036,"male_placenta_mid",91.145207925337,17.203841204787,5.2979568248965
"117","ENSG00000145362.17","male_placenta_mid",35.9388957019516,3.90076252450168,9.21330008587046,"male_placenta_mid",38.137292353007,3.76438141369107,10.1310914495278
"118","ENSG00000138650.8","male_placenta_mid",173.836248056723,36.6701087770081,4.74054356134654,"male_placenta_mid",183.6833154705,35.4143237250187,5.18669555563857
"119","ENSG00000254535.3","male_placenta_mid",46.3782755570438,10.5858540297338,4.38115577890791,"male_placenta_mid",49.1048091055616,10.2688894587954,4.78190064296611
"120","ENSG00000171564.11","male_placenta_mid",3.13291170332311,0.087338734448645,35.8708163462714,"male_placenta_mid",3.26457805208307,0.0869824871423549,37.5314406305753
"121","ENSG00000171560.14","male_placenta_mid",3.12664371764116,0.0791506712499308,39.5024283214009,"male_placenta_mid",3.22552332641371,0.0783188452255003,41.1845107920909
"122","ENSG00000171557.16","male_placenta_mid",4.81562600643418,0.367815687626892,13.0924975971093,"male_placenta_mid",4.88946268224902,0.36354940017651,13.4492387551048
"123","ENSG00000164107.8","male_placenta_mid",48.6453506420733,14.6243995258309,3.32631439370564,"male_placenta_mid",51.4689810121847,14.1184661222081,3.6455079869636
"124","ENSG00000186352.8","male_placenta_mid",17.8701513832745,4.71577222153882,3.78944328601249,"male_placenta_mid",18.0192932458987,4.40822217397561,4.0876554163439
"125","ENSG00000179059.9","male_placenta_mid",8.94443988639205,0.381057280307811,23.4726912425526,"male_placenta_mid",8.74561793509933,0.386524993117549,22.6262676174206
"126","ENSG00000174358.15","male_placenta_mid",1.41010065694468,0.189353539440932,7.44691998421585,"male_placenta_mid",1.23562225276247,0.172493901813862,7.16328078714243
"127","ENSG00000154122.13","male_placenta_mid",82.9581198744178,24.1985241297947,3.42823055775847,"male_placenta_mid",87.6462443735388,23.0837683327858,3.7968776635596
"128","ENSG00000151388.10","male_placenta_mid",22.4236832874822,7.33414082134446,3.0574383330932,"male_placenta_mid",23.5711707335928,7.08625561319518,3.32632239369144
"129","ENSG00000164512.17","male_placenta_mid",1.93771054104116,0.624913065639876,3.10076816694023,"male_placenta_mid",2.02458941144625,0.599427259174498,3.37753977727742
"130","ENSG00000134061.5","male_placenta_mid",28.8116581763976,4.75462162432291,6.05971630402883,"male_placenta_mid",30.6088039719377,4.59688276949244,6.65860007896554
"131","ENSG00000145681.10","male_placenta_mid",342.482102702514,36.133955539572,9.4781237644311,"male_placenta_mid",361.328186850167,35.7837924018304,10.0975375329889
"132","ENSG00000184349.12","male_placenta_mid",14.1690573154791,4.05895196189748,3.49081670551611,"male_placenta_mid",14.9962759653972,3.84761712070967,3.89754892311926
"133","ENSG00000134986.13","male_placenta_mid",132.830010234269,43.5008200864413,3.0535058872527,"male_placenta_mid",140.206756343846,41.9128963036052,3.34519369237162
"134","ENSG00000198108.3","male_placenta_mid",8.75095149144977,2.85288420718362,3.06740507357947,"male_placenta_mid",9.26314635442247,2.76055691959185,3.35553535907241
"135","ENSG00000069011.15","male_placenta_mid",7.60605537230647,1.36183392421814,5.58515633738033,"male_placenta_mid",7.99842163049242,1.30537810782271,6.12728341509671
"136","ENSG00000145824.12","male_placenta_mid",208.24140253166,26.4715275932917,7.86661826741089,"male_placenta_mid",219.844770809794,25.628162819818,8.57824934059613
"137","ENSG00000145864.12","male_placenta_mid",1.69988286107281,0.494336601097255,3.43871535569016,"male_placenta_mid",1.801088203044,0.46849355785396,3.8444246945343
"138","ENSG00000137285.9","male_placenta_mid",4.80430514057104,1.56075699572518,3.07818907986941,"male_placenta_mid",5.02542724561016,1.46801804659592,3.42327347900338
"139","ENSG00000111863.12","male_placenta_mid",3.37572814297163,0.212838444008791,15.8605188019144,"male_placenta_mid",3.56282359252286,0.202072017214818,17.6314545755997
"140","ENSG00000172179.11","male_placenta_mid",3.5827124530369,0.668583820502659,5.35865862016123,"male_placenta_mid",3.59555640594835,0.668301475523824,5.38014135481311
"141","ENSG00000124610.4","male_placenta_mid",2.69427438574084,0.204722357386978,13.1606260309321,"male_placenta_mid",2.81533499985898,0.201637915107236,13.9623294476226
"142","ENSG00000275714.1","male_placenta_mid",12.1837268701147,3.16880223633292,3.84489973227684,"male_placenta_mid",12.7694557659191,3.05832066903638,4.17531617766639
"143","ENSG00000274267.1","male_placenta_mid",87.3389866637204,23.3088118478835,3.74703726786705,"male_placenta_mid",91.2988579716193,22.4801446626397,4.0613109631519
"144","ENSG00000278463.1","male_placenta_mid",14.7900398366862,4.29983826975406,3.43967351998385,"male_placenta_mid",15.4399963441282,4.17494838169335,3.69824844106594
"145","ENSG00000276410.3","male_placenta_mid",22.8662304733588,5.96440292839626,3.83378365745441,"male_placenta_mid",23.9786692015228,5.7342489189386,4.18165823292533
"146","ENSG00000278272.1","male_placenta_mid",36.5140310974006,9.28962230222443,3.93062601572695,"male_placenta_mid",38.0581753463527,8.9778323701979,4.23912741706869
"147","ENSG00000277775.1","male_placenta_mid",48.4783881056177,13.2590392036418,3.65625196223135,"male_placenta_mid",50.6481485373946,12.7877240861804,3.96068512239247
"148","ENSG00000275713.2","male_placenta_mid",42.3841197841651,13.6202725214423,3.11184080329084,"male_placenta_mid",44.3394767210436,12.9830733323228,3.41517571272247
"149","ENSG00000273983.1","male_placenta_mid",42.5303933089962,9.34053753531811,4.5533132486414,"male_placenta_mid",44.4723073263517,8.98094994217719,4.95184892608037
"150","ENSG00000278588.1","male_placenta_mid",31.358042432487,9.08228329515258,3.45266068161775,"male_placenta_mid",32.8235747149567,8.66422010744457,3.78840499293799
"151","ENSG00000276180.1","male_placenta_mid",10.3682399813486,2.88286499848934,3.59650555498842,"male_placenta_mid",10.8545980077027,2.80160372004409,3.8744230420753
"152","ENSG00000185130.5","male_placenta_mid",15.0533022521638,3.94789732594665,3.81299233727013,"male_placenta_mid",15.6749583336448,3.79644432922993,4.12885241407565
"153","ENSG00000196747.4","male_placenta_mid",35.2770726603075,10.7911434079678,3.26907643857834,"male_placenta_mid",36.9511890541799,10.4262456654519,3.54405509325569
"154","ENSG00000278828.1","male_placenta_mid",34.2777677925452,7.18116887869213,4.77328529262886,"male_placenta_mid",35.5479369746854,6.85926555046012,5.18246985966316
"155","ENSG00000276368.1","male_placenta_mid",22.705785697348,4.332814648615,5.24042395965541,"male_placenta_mid",23.702520078865,4.18779859259919,5.65989971933054
"156","ENSG00000273703.1","male_placenta_mid",17.7475335011681,2.63737765532514,6.72923480083862,"male_placenta_mid",18.49507644172,2.51915990855593,7.34176356923766
"157","ENSG00000273542.1","male_placenta_mid",2.78212984659636,0.556834727557373,4.99632962692634,"male_placenta_mid",2.8887648922985,0.544501286501954,5.30534080251091
"158","ENSG00000275221.1","male_placenta_mid",7.53585703528851,2.18749471427429,3.44497154032601,"male_placenta_mid",7.90460682446814,2.11100218990017,3.74448063686848
"159","ENSG00000184357.4","male_placenta_mid",109.678048869344,30.676589200088,3.57530128770083,"male_placenta_mid",114.868949185345,29.7456436234784,3.86170662969546
"160","ENSG00000275379.1","male_placenta_mid",16.8793933120089,4.73125657574532,3.56763431485427,"male_placenta_mid",17.5505503401354,4.608115163397,3.80861799625631
"161","ENSG00000275126.1","male_placenta_mid",14.047940847704,4.48098471472605,3.13501199893355,"male_placenta_mid",14.7447438822442,4.32952107768301,3.40562931042133
"162","ENSG00000197153.4","male_placenta_mid",17.2664344936647,4.27025374441927,4.04342119393489,"male_placenta_mid",17.9208719007662,4.06704794715874,4.40635864971442
"163","ENSG00000204632.11","male_placenta_mid",39.6407336774762,6.66078317813495,5.95136226736865,"male_placenta_mid",36.5590972989812,6.45868072703842,5.66045897669648
"164","ENSG00000095970.16","male_placenta_mid",17.4110675391055,2.27024460334955,7.66924740770971,"male_placenta_mid",18.3418647570953,2.18705584546134,8.38655528397184
"165","ENSG00000112559.13","male_placenta_mid",31.8686873818757,8.77937500339186,3.62994944054257,"male_placenta_mid",33.0462113458762,8.27076361115764,3.99554538123848
"166","ENSG00000146070.16","male_placenta_mid",42.7594241495158,7.93902007565582,5.38598262027742,"male_placenta_mid",44.406591157629,7.60863966345846,5.83633778464996
"167","ENSG00000112818.9","male_placenta_mid",1.2045643758347,0.389155266876389,3.09533103715468,"male_placenta_mid",1.2070220554813,0.384582941390359,3.13852208607492
"168","ENSG00000124749.16","male_placenta_mid",127.8076597317,42.4219388445564,3.01277271178048,"male_placenta_mid",134.147185440365,41.3146081108331,3.24696739420821
"169","ENSG00000146250.6","male_placenta_mid",7.38471768340207,1.69369026435277,4.36013469453583,"male_placenta_mid",7.74637845134811,1.57313059584961,4.92418014867003
"170","ENSG00000065609.14","male_placenta_mid",1.79084393211419,0.507407083146063,3.52940270563522,"male_placenta_mid",1.87190724916252,0.48670088494674,3.84611433235295
"171","ENSG00000135333.13","male_placenta_mid",4.84391569264806,1.1327210934314,4.27635339426247,"male_placenta_mid",5.07964913062312,1.10832232431682,4.58318759730321
"172","ENSG00000172461.10","male_placenta_mid",6.68675841359297,2.01749862683856,3.3143806516841,"male_placenta_mid",7.17025684833957,1.90433869501494,3.76522142154094
"173","ENSG00000112394.16","male_placenta_mid",99.7083908907219,31.9567030355536,3.12010881660072,"male_placenta_mid",105.063466682952,31.2162150674877,3.36566961932479
"174","ENSG00000185002.9","male_placenta_mid",4.00866981034403,0.991776122047607,4.0419099847532,"male_placenta_mid",4.22624062593598,0.953551118859178,4.43210703899359
"175","ENSG00000164434.11","male_placenta_mid",1.78585593130686,0.136540061524198,13.0793549627218,"male_placenta_mid",1.74081356278166,0.141579156217184,12.2956910416335
"176","ENSG00000118513.18","male_placenta_mid",2.71755816157155,0.723098528036815,3.75821282467497,"male_placenta_mid",2.91057140409526,0.704523565170851,4.13126195912188
"177","ENSG00000164694.16","male_placenta_mid",6.39258792743324,0.62347672391585,10.2531300403382,"male_placenta_mid",6.6821226166586,0.625453741785517,10.6836400044275
"178","ENSG00000026652.13","male_placenta_mid",45.8698674870958,13.0287473626984,3.52066597119093,"male_placenta_mid",48.2590626238169,12.8183467103564,3.76484297969774
"179","ENSG00000073067.13","male_placenta_mid",7.86885099691002,0.317537989028436,24.780817630628,"male_placenta_mid",8.21293881907876,0.305613137769466,26.8736445004339
"180","ENSG00000164638.10","male_placenta_mid",1.74766409069912,0.318285419774419,5.49087071578006,"male_placenta_mid",1.81732222316057,0.297868146300151,6.10109622574184
"181","ENSG00000106541.11","male_placenta_mid",4.9140565067961,0.58575483905312,8.38927172115169,"male_placenta_mid",5.1126490932255,0.561741003377186,9.10143475816838
"182","ENSG00000078549.14","male_placenta_mid",1.17281939684949,0.124399156608222,9.42787257427414,"male_placenta_mid",1.24952145916434,0.123747292734519,10.0973640033079
"183","ENSG00000086289.11","male_placenta_mid",4.75050210593821,1.41311725298274,3.36171828339869,"male_placenta_mid",4.97019083257883,1.3786676366914,3.60506818344308
"184","ENSG00000106633.15","male_placenta_mid",3.74880396389251,0.432337961335456,8.67100347217433,"male_placenta_mid",3.94495817476409,0.416451725139977,9.47278624776525
"185","ENSG00000146678.9","male_placenta_mid",63.4473786754741,13.7977297492492,4.5983926217229,"male_placenta_mid",63.3738919518761,13.7181501357352,4.61971120922418
"186","ENSG00000019991.16","male_placenta_mid",1077.48789283851,357.290373092861,3.01572047271049,"male_placenta_mid",1136.03815068646,344.307840437822,3.29948382599093
"187","ENSG00000164692.17","male_placenta_mid",1687.19691649542,541.832963454595,3.113869089356,"male_placenta_mid",1765.25343211793,547.145694766203,3.22629502343471
"188","ENSG00000106333.12","male_placenta_mid",84.9552534215401,9.99215355758108,8.5021965417139,"male_placenta_mid",88.968672604333,9.73917492321575,9.13513447553488
"189","ENSG00000173114.12","male_placenta_mid",15.6596348470134,2.61559689536279,5.9870214996724,"male_placenta_mid",16.5991551241608,2.46977032777194,6.72093066205692
"190","ENSG00000105989.9","male_placenta_mid",228.435187453577,39.9532317531351,5.7175646982713,"male_placenta_mid",240.964845227565,38.1242879744095,6.32050742532713
"191","ENSG00000128602.9","male_placenta_mid",12.7558039495825,3.14450919327838,4.05653256694207,"male_placenta_mid",13.385043551917,3.071740308156,4.35747889116062
"192","ENSG00000091704.9","male_placenta_mid",2.62568747908006,0.868990601218379,3.02153725874444,"male_placenta_mid",2.76369635431965,0.838584786938586,3.29566717327302
"193","ENSG00000266265.3","male_placenta_mid",1.53355194268295,0.472907812744958,3.24281371834727,"male_placenta_mid",1.61618706228743,0.461964628979535,3.49850824262787
"194","ENSG00000105929.16","male_placenta_mid",10.6191124408886,2.36319998132842,4.49353102775471,"male_placenta_mid",11.1509561866222,2.35276396375352,4.7395133376798
"195","ENSG00000174469.21","male_placenta_mid",2.14958908783855,0.687425655190446,3.12701318551025,"male_placenta_mid",2.28754081722805,0.670010521864414,3.41418640839041
"196","ENSG00000106538.9","male_placenta_mid",30.5104606632904,8.64150529001473,3.53068818907572,"male_placenta_mid",32.1063875112137,8.55036059389272,3.75497467722547
"197","ENSG00000055118.14","male_placenta_mid",4.29709523713824,1.38358312631444,3.105773086858,"male_placenta_mid",4.51909868384068,1.32515644891938,3.41023785344429
"198","ENSG00000091879.13","male_placenta_mid",960.943913716668,60.4741524064914,15.8901592742872,"male_placenta_mid",966.234352285328,56.4469759207893,17.1175574337449
"199","ENSG00000155189.11","male_placenta_mid",58.4583065396708,18.9737919558418,3.08100282092912,"male_placenta_mid",59.7565671553383,17.5732909252458,3.40041984222158
"200","ENSG00000136574.17","male_placenta_mid",6.79252370391948,2.1599934011145,3.14469650713503,"male_placenta_mid",7.1276071707303,2.09644259686228,3.39985801728991
"201","ENSG00000159167.11","male_placenta_mid",95.0989133964145,14.1760917785843,6.70840136207919,"male_placenta_mid",99.7653634391865,13.5400837713303,7.36814964545708
"202","ENSG00000188778.5","male_placenta_mid",3.76970242836258,0.980639085673768,3.84412826638715,"male_placenta_mid",3.99691394815756,0.947316672660663,4.2191951894309
"203","ENSG00000165061.14","male_placenta_mid",1.38435630490102,0.0682695198703007,20.2778092995386,"male_placenta_mid",1.46873468327759,0.070717286739939,20.7691040053449
"204","ENSG00000206579.8","male_placenta_mid",1.24761380990445,0.0744874976867358,16.7493048988088,"male_placenta_mid",1.31137104669932,0.0687795147423696,19.066302686365
"205","ENSG00000137561.4","male_placenta_mid",6.71237914161396,2.01836085583314,3.3256586017386,"male_placenta_mid",7.12574537998198,1.95410998767549,3.64654263318024
"206","ENSG00000147573.16","male_placenta_mid",3.76745338596381,0.994318770252744,3.78897944871962,"male_placenta_mid",3.84627871286001,0.918966338313556,4.18544026315319
"207","ENSG00000121005.8","male_placenta_mid",46.0120669093705,5.25787767534787,8.75107215314329,"male_placenta_mid",48.5487526669302,4.83850167829051,10.0338402040367
"208","ENSG00000156103.15","male_placenta_mid",15.6854826626302,4.89019652941551,3.207536255093,"male_placenta_mid",16.5932846817522,4.77077571000854,3.47811041440104
"209","ENSG00000156466.9","male_placenta_mid",20.9359259818554,4.93403897145437,4.24316186049181,"male_placenta_mid",21.9488771171214,4.8032680541086,4.56957156458234
"210","ENSG00000170961.6","male_placenta_mid",7.10160937257455,1.53362039085877,4.63061746890175,"male_placenta_mid",7.54867304063026,1.47251595355275,5.1263777634582
"211","ENSG00000164946.19","male_placenta_mid",35.210971263877,7.67838766550512,4.585724607532,"male_placenta_mid",36.8727875726997,7.53800657737247,4.89158336414618
"212","ENSG00000155886.11","male_placenta_mid",4.25288111322326,0.349133566637101,12.1812438551456,"male_placenta_mid",4.44026869237637,0.34319837620684,12.9379070537918
"213","ENSG00000174482.10","male_placenta_mid",7.67680536868138,0.648381571643977,11.8399499683755,"male_placenta_mid",8.08508102707986,0.598498735136066,13.508935863067
"214","ENSG00000122756.14","male_placenta_mid",13.7258837763928,1.26641789093963,10.8383527069479,"male_placenta_mid",14.3748228548637,1.21451674241101,11.8358375417101
"215","ENSG00000137142.4","male_placenta_mid",1.44373969451513,0.303975550917144,4.74952571073276,"male_placenta_mid",1.53036409096246,0.285644213789145,5.3575882762048
"216","ENSG00000165072.9","male_placenta_mid",16.2160711677429,4.77721527365646,3.39446104871284,"male_placenta_mid",14.7006941979191,4.5335340565955,3.24265661499381
"217","ENSG00000165092.12","male_placenta_mid",52.8853301076046,9.42238257512354,5.61273432552288,"male_placenta_mid",55.3586499627297,9.43673534420007,5.8662925199819
"218","ENSG00000135069.13","male_placenta_mid",7.32291575614342,2.27493562039237,3.21895516097304,"male_placenta_mid",7.71725946495876,2.18328509461988,3.53470075162235
"219","ENSG00000180447.6","male_placenta_mid",47.4476879241582,10.6149267105759,4.4699025455244,"male_placenta_mid",49.9325245053584,10.2470562317374,4.87286527722043
"220","ENSG00000106809.10","male_placenta_mid",46.4025166629214,2.43372547614557,19.0664547492068,"male_placenta_mid",48.4964563027795,2.32118092880495,20.8930099764983
"221","ENSG00000165152.8","male_placenta_mid",2.01500561346487,0.522350792999397,3.85757165581099,"male_placenta_mid",2.13756708944758,0.490108492706809,4.3614161379699
"222","ENSG00000106927.11","male_placenta_mid",1.44511801700282,0,Inf,"male_placenta_mid",1.51562107519442,0,Inf
"223","ENSG00000148204.11","male_placenta_mid",2.63525149596081,0.134921564843345,19.531729409013,"male_placenta_mid",2.73898822552723,0.130084435943596,21.0554645193284
"224","ENSG00000136859.9","male_placenta_mid",49.1581762378727,9.95598902260471,4.9375482562567,"male_placenta_mid",51.8816476734017,9.60283946309341,5.40274029080653
"225","ENSG00000107130.9","male_placenta_mid",5.82309142492488,1.57312042106589,3.70161835479789,"male_placenta_mid",6.00066623159252,1.52846510988738,3.92594256340903
"226","ENSG00000130707.17","male_placenta_mid",111.042010990617,31.5686266692554,3.51747993835793,"male_placenta_mid",116.780536007514,30.0521622145625,3.88592791339737
"227","ENSG00000130720.12","male_placenta_mid",3.5395183463397,0.684628712572653,5.16998232960334,"male_placenta_mid",3.67318044909989,0.662019353693202,5.54844874037043
"228","ENSG00000123453.17","male_placenta_mid",2.32575774645351,0.738057086762817,3.15118950575285,"male_placenta_mid",2.43199296479185,0.73184152500761,3.3231142012153
"229","ENSG00000130635.15","male_placenta_mid",450.968505750555,143.763784856469,3.13687140471986,"male_placenta_mid",469.875934554499,143.777119496583,3.26808560499549
"230","ENSG00000122133.16","male_placenta_mid",35.5868769694682,1.25295683094365,28.402316895999,"male_placenta_mid",36.5474931835114,1.2208223431651,29.9367826843327
"231","ENSG00000186193.8","male_placenta_mid",4.78975600718281,1.12763466897431,4.24761329087154,"male_placenta_mid",4.94520317471693,1.09241473150988,4.52685507809101
"232","ENSG00000151655.18","male_placenta_mid",1.84373751784016,0.0702010742975675,26.2636652827412,"male_placenta_mid",1.94864853911458,0.0675539709167085,28.845803032322
"233","ENSG00000099256.18","male_placenta_mid",3.34683627571111,1.01557050189768,3.29552332354796,"male_placenta_mid",3.53847713008995,0.971696391923237,3.64154602147528
"234","ENSG00000095739.10","male_placenta_mid",70.819859110116,15.8536723497697,4.46709491325805,"male_placenta_mid",74.4078822419461,15.2831505850774,4.8686219394186
"235","ENSG00000070748.18","male_placenta_mid",21.2426453256677,1.32620964736693,16.0175620557753,"male_placenta_mid",22.3590824377285,1.27231007138759,17.5736111350149
"236","ENSG00000187714.6","male_placenta_mid",6.05718378655703,0.149807089288281,40.433225258792,"male_placenta_mid",6.36165963463658,0.141297572856251,45.0231345524145
"237","ENSG00000107984.9","male_placenta_mid",37.7513562575429,9.83709235898338,3.8376539408078,"male_placenta_mid",39.3856505570972,9.51814268507214,4.13795546676013
"238","ENSG00000138336.8","male_placenta_mid",24.4849396071136,8.13060062710321,3.011455208548,"male_placenta_mid",25.2508716288364,7.77955442290173,3.24579921370586
"239","ENSG00000189129.13","male_placenta_mid",16.7972101638701,4.05242151362673,4.14498099651963,"male_placenta_mid",17.6253486204431,3.85778968263225,4.56876866558909
"240","ENSG00000165816.12","male_placenta_mid",1.78619123370861,0.580672997933731,3.07607076627396,"male_placenta_mid",1.88357010421365,0.557201369854718,3.38041183334629
"241","ENSG00000171798.17","male_placenta_mid",4.46870904593268,1.12785737387782,3.96212247171669,"male_placenta_mid",4.6902135428373,1.10738123272044,4.2354099963525
"242","ENSG00000148803.11","male_placenta_mid",4.3330198862087,1.43521884789243,3.01906562373508,"male_placenta_mid",4.58268322052627,1.42158582596334,3.22364160983443
"243","ENSG00000130598.15","male_placenta_mid",8.11830339948013,1.34678679440621,6.02790540655653,"male_placenta_mid",7.50638682502896,1.29158039647664,5.81178441969696
"244","ENSG00000110628.14","male_placenta_mid",9.08202951214373,2.22046024163404,4.09015632968967,"male_placenta_mid",9.53679232416996,2.14638283657336,4.44319259438134
"245","ENSG00000183801.7","male_placenta_mid",11.0603601334684,2.55455054803144,4.32966971117155,"male_placenta_mid",11.6397847569972,2.44167140537103,4.76713808884879
"246","ENSG00000255823.4","male_placenta_mid",434.729516502428,24.1579431785618,17.9953033786508,"male_placenta_mid",457.341841896211,23.0825329471389,19.8133299730825
"247","ENSG00000262655.3","male_placenta_mid",205.892971976758,36.1402649329741,5.69705209296634,"male_placenta_mid",216.078800634586,35.6957952589067,6.05334043035981
"248","ENSG00000129152.3","male_placenta_mid",1.02844344755505,0.127713305600691,8.05275098563799,"male_placenta_mid",1.09226404567805,0.120613288523208,9.05591795938704
"249","ENSG00000176971.3","male_placenta_mid",23.9518447431056,6.64803943410062,3.6028433616453,"male_placenta_mid",25.3447411749033,6.39696601906277,3.96199402957226
"250","ENSG00000121690.10","male_placenta_mid",2.58127464113527,0.734924503015775,3.51229906002993,"male_placenta_mid",2.42598811117273,0.704535132482403,3.44338841219295
"251","ENSG00000135374.9","male_placenta_mid",7.15075722694218,1.39909270645118,5.11099600045817,"male_placenta_mid",7.48661320722347,1.31946109190944,5.67399315760749
"252","ENSG00000110436.12","male_placenta_mid",52.7168978016686,15.4569556876339,3.41056148875706,"male_placenta_mid",54.353260787392,14.7633176343984,3.68164271293259
"253","ENSG00000149090.11","male_placenta_mid",104.065589009001,31.3011762894958,3.32465425728821,"male_placenta_mid",109.727526633577,30.8580153405991,3.55588411705828
"254","ENSG00000175264.7","male_placenta_mid",1.95100747882935,0.352993857553625,5.52702954196013,"male_placenta_mid",2.06584109514809,0.350265061279446,5.89793651585459
"255","ENSG00000110492.15","male_placenta_mid",50.5269092937681,10.5503427669375,4.78912490427406,"male_placenta_mid",52.713896754255,10.1638010362869,5.18643532730081
"256","ENSG00000166961.14","male_placenta_mid",1.00712362195924,0.236492592525173,4.25858421697516,"male_placenta_mid",1.01428973017259,0.242355680388761,4.18512876836877
"257","ENSG00000124920.13","male_placenta_mid",6.91584443426915,1.31375220113557,5.26419246208782,"male_placenta_mid",7.27565926444785,1.28023836873956,5.68305047099236
"258","ENSG00000134824.13","male_placenta_mid",79.2413572530062,21.797817197535,3.63528864082626,"male_placenta_mid",82.9755539947578,21.2918733694629,3.89705276538806
"259","ENSG00000167771.5","male_placenta_mid",2.93954092395692,0.606526562929116,4.84651638299386,"male_placenta_mid",2.98881145504077,0.561337781177147,5.32444377567659
"260","ENSG00000174807.3","male_placenta_mid",41.5443361454175,12.4571373248965,3.33498259366445,"male_placenta_mid",43.2664882840797,12.3250839166999,3.5104416794644
"261","ENSG00000085741.12","male_placenta_mid",7.67100127051964,2.20799192874296,3.47419805781937,"male_placenta_mid",8.00151064379778,2.10823982166981,3.79535125062777
"262","ENSG00000149260.16","male_placenta_mid",4.62466292550234,1.42519118161871,3.24494214190248,"male_placenta_mid",4.85656525507881,1.37230893665777,3.53897371455357
"263","ENSG00000123892.11","male_placenta_mid",24.4088792366138,6.95557475228212,3.50925410277638,"male_placenta_mid",25.6947076441297,6.70574580697996,3.83174495182688
"264","ENSG00000165323.15","male_placenta_mid",5.36744529738636,1.54252527542357,3.47964819954894,"male_placenta_mid",5.70855157530583,1.45741341832123,3.91690614587686
"265","ENSG00000149972.10","male_placenta_mid",24.0627616644857,7.33122456650653,3.28222951652838,"male_placenta_mid",25.630213400266,7.12661738795022,3.59640654254877
"266","ENSG00000262406.2","male_placenta_mid",44.2208451095193,1.48164546322182,29.8457668903879,"male_placenta_mid",39.146950502848,1.49248354905888,26.2294016758396
"267","ENSG00000118137.9","male_placenta_mid",3.40072893729171,0.125153106532321,27.1725491401483,"male_placenta_mid",3.57563736455513,0.122991619026677,29.0722033976931
"268","ENSG00000036672.15","male_placenta_mid",2.96058118356284,0.658559489340043,4.49554099741195,"male_placenta_mid",3.14090784776449,0.639221335335612,4.91364676699255
"269","ENSG00000184232.8","male_placenta_mid",16.1855694536557,4.27097883442327,3.78966276376813,"male_placenta_mid",16.661998727263,4.11094765753818,4.05307975563984
"270","ENSG00000166250.11","male_placenta_mid",136.207611136174,40.8224712414953,3.33658416538295,"male_placenta_mid",143.65505929767,39.5043834455442,3.63643339721261
"271","ENSG00000120457.11","male_placenta_mid",55.821192627612,16.085186491104,3.47034786687019,"male_placenta_mid",59.1822995333546,15.4202485434537,3.83796015781335
"272","ENSG00000043039.6","male_placenta_mid",6.68789113391934,1.64820134602564,4.05769061531594,"male_placenta_mid",7.03487740966428,1.55222647435508,4.53212049007677
"273","ENSG00000166106.3","male_placenta_mid",90.9696554191873,29.1353306354683,3.122314160679,"male_placenta_mid",95.4414372064379,28.9111686827644,3.30119609669518
"274","ENSG00000111186.12","male_placenta_mid",6.74314655318191,1.9015849718287,3.54606638834405,"male_placenta_mid",7.14016180862527,1.8796069998766,3.79875251001621
"275","ENSG00000048540.14","male_placenta_mid",2.73642949114689,0.788579022947114,3.47007644322084,"male_placenta_mid",2.89386436557935,0.774982505761549,3.73410282692207
"276","ENSG00000139174.11","male_placenta_mid",21.9220495677472,7.03996663167377,3.11394225494151,"male_placenta_mid",23.2549123960749,6.72662082484456,3.45714631486045
"277","ENSG00000173157.16","male_placenta_mid",6.23395406595414,1.38401025377353,4.50426869956862,"male_placenta_mid",5.69197685608815,1.38533860836311,4.1087260700932
"278","ENSG00000139209.15","male_placenta_mid",8.52581749521416,2.3827547495339,3.5781347185991,"male_placenta_mid",9.05993244702227,2.27031006470838,3.99061458073834
"279","ENSG00000139211.6","male_placenta_mid",28.3472372241391,8.50754197279891,3.33201262065747,"male_placenta_mid",29.6997857148778,8.17777380860722,3.63176903763447
"280","ENSG00000139219.18","male_placenta_mid",4.00131050915939,1.24846865356969,3.20497474863996,"male_placenta_mid",4.18581794560798,1.21729804206255,3.43861388170449
"281","ENSG00000177875.4","male_placenta_mid",5.81501621801629,0.928498905478319,6.26281429488672,"male_placenta_mid",6.13439560095609,0.879439612637375,6.9753460189944
"282","ENSG00000178401.15","male_placenta_mid",2.26732442237446,0.660854710759372,3.43089696639846,"male_placenta_mid",2.40245995362291,0.661651121642149,3.63100715020365
"283","ENSG00000110934.10","male_placenta_mid",61.4978683147466,18.6726985368401,3.29346442312101,"male_placenta_mid",63.5572399413127,18.045873656176,3.52198187531702
"284","ENSG00000167779.8","male_placenta_mid",3.53052975234791,1.11234242885121,3.17395943980499,"male_placenta_mid",3.63859666282131,1.09645663834755,3.31850484147278
"285","ENSG00000172551.10","male_placenta_mid",3.80726499841365,0.100463114943064,37.8971426535138,"male_placenta_mid",3.90573973600454,0.0967718673853003,40.3602807461978
"286","ENSG00000170439.6","male_placenta_mid",15.5484987020007,5.1507332506741,3.01869616330176,"male_placenta_mid",16.4157536685678,4.87418635750497,3.36789619118519
"287","ENSG00000166866.12","male_placenta_mid",5.46861335367044,1.58087575089159,3.45923033520264,"male_placenta_mid",5.73090645665146,1.51067794354446,3.79359907989733
"288","ENSG00000182379.9","male_placenta_mid",5.04510335356469,1.37741355771158,3.66273681954065,"male_placenta_mid",5.2926709688725,1.25929290766698,4.20289111186843
"289","ENSG00000175183.9","male_placenta_mid",83.406799894289,26.9469355339416,3.09522393703106,"male_placenta_mid",88.1065777602468,25.8332525157936,3.41058787337682
"290","ENSG00000111058.7","male_placenta_mid",11.9387401442268,3.92904829121625,3.03858320370278,"male_placenta_mid",12.618832847833,3.78008148206564,3.33824360868999
"291","ENSG00000133636.10","male_placenta_mid",2.11054514612428,0.317058128799071,6.65665048273149,"male_placenta_mid",2.23181293938813,0.308915042916393,7.22468196536536
"292","ENSG00000139329.4","male_placenta_mid",880.479372576109,231.703543787264,3.80002549026402,"male_placenta_mid",925.915134479312,225.572071812971,4.10474189928538
"293","ENSG00000185046.18","male_placenta_mid",9.52667032350154,2.64309366503586,3.604363496279,"male_placenta_mid",10.0827347662002,2.56579988042499,3.92966530364408
"294","ENSG00000151136.14","male_placenta_mid",14.4041957129523,2.80438035981595,5.13632027928538,"male_placenta_mid",15.2555724180445,2.71877681504375,5.61118968413706
"295","ENSG00000075035.9","male_placenta_mid",2.93513627363502,0.251418650938084,11.6742980788559,"male_placenta_mid",3.11979624226386,0.246736769200657,12.6442291206574
"296","ENSG00000183160.8","male_placenta_mid",11.0183066690185,2.60021028693015,4.2374675326844,"male_placenta_mid",11.4264906471804,2.5087555407249,4.55464490728289
"297","ENSG00000135144.7","male_placenta_mid",1.6903556580676,0.389070528101356,4.3445995930775,"male_placenta_mid",1.75501179176144,0.371802465493867,4.72028013431877
"298","ENSG00000157782.9","male_placenta_mid",1.29246516607474,0.399851840475783,3.23236017755186,"male_placenta_mid",1.35115745502164,0.385910782417745,3.50121716360603
"299","ENSG00000178882.14","male_placenta_mid",1.78680300640097,0.525602319877081,3.39953409417759,"male_placenta_mid",1.87580560260565,0.490075543116339,3.82758460191178
"300","ENSG00000075673.11","male_placenta_mid",15.7475839612039,1.59188513022665,9.89241224896785,"male_placenta_mid",16.6401886179515,1.41858933066301,11.7300957072434
"301","ENSG00000132975.7","male_placenta_mid",2.91649210098027,0.589507461840223,4.94733703942621,"male_placenta_mid",3.08157868557379,0.579517343334022,5.31749173863401
"302","ENSG00000134873.9","male_placenta_mid",2.29722927883602,0.220825477331456,10.4029177547657,"male_placenta_mid",2.30837845715587,0.201634773774797,11.4483152580322
"303","ENSG00000169508.6","male_placenta_mid",26.1897290996546,7.46924547306102,3.50634199854749,"male_placenta_mid",27.4333941452644,7.23663676185832,3.79090384774538
"304","ENSG00000139832.4","male_placenta_mid",31.7928938916845,9.75578365896734,3.25887647810446,"male_placenta_mid",32.9155588608786,9.43282719657852,3.48946908227236
"305","ENSG00000151320.10","male_placenta_mid",27.5327706856819,6.13224660914157,4.48983422236114,"male_placenta_mid",29.0185185572618,5.88031837936835,4.93485500021155
"306","ENSG00000129521.13","male_placenta_mid",33.1112375935358,9.91728007144284,3.33874180773424,"male_placenta_mid",32.4967830869186,9.76989731030183,3.32621542016132
"307","ENSG00000179841.8","male_placenta_mid",13.9443801283401,1.79426418787896,7.77164267254538,"male_placenta_mid",14.6084199279808,1.73757588187738,8.40735652488281
"308","ENSG00000100558.8","male_placenta_mid",2.76243952703066,0.829832111589123,3.328913750687,"male_placenta_mid",2.88699135232274,0.788758992847089,3.66016917525328
"309","ENSG00000081181.7","male_placenta_mid",23.3943987610922,7.68320969707864,3.04487313029962,"male_placenta_mid",24.4264159460505,7.3083849440352,3.34224539800498
"310","ENSG00000165548.10","male_placenta_mid",2.88115574432118,0.473770148792206,6.08133659679948,"male_placenta_mid",3.03629215635991,0.470576797117049,6.4522776621404
"311","ENSG00000211448.11","male_placenta_mid",59.3324063030113,17.9698241956628,3.30178000947454,"male_placenta_mid",56.1405493750688,16.4381746576432,3.41525446372875
"312","ENSG00000185070.10","male_placenta_mid",18.1304693456065,3.48359165815181,5.20453345993642,"male_placenta_mid",19.0594742761207,3.33339852851867,5.71773045228725
"313","ENSG00000100628.11","male_placenta_mid",16.8990353189601,2.69756845593988,6.26454364179321,"male_placenta_mid",17.474327282838,2.62209822393471,6.66425350634504
"314","ENSG00000168350.7","male_placenta_mid",2.78396199347168,0.493244809127478,5.64417899986895,"male_placenta_mid",2.82086979323285,0.462515056175554,6.09897938579139
"315","ENSG00000197406.7","male_placenta_mid",41.1352653607006,12.3193501543551,3.33907753617658,"male_placenta_mid",42.9109709659082,11.9070715302721,3.60382238880592
"316","ENSG00000034053.14","male_placenta_mid",1.01322540956884,0.299148589467912,3.3870305434869,"male_placenta_mid",1.04507904845571,0.288382948633629,3.62392802142894
"317","ENSG00000137880.5","male_placenta_mid",10.5602709940295,2.9142660065861,3.6236469046284,"male_placenta_mid",11.1113870866455,2.74875452440324,4.04233516961934
"318","ENSG00000137860.11","male_placenta_mid",16.4638898870769,1.18736126016283,13.8659483338871,"male_placenta_mid",17.5766882566486,1.12586806952285,15.6116766541729
"319","ENSG00000140284.10","male_placenta_mid",84.2388895496965,21.489554030944,3.91999244974541,"male_placenta_mid",89.4352738227697,20.4672975729349,4.36966695305369
"320","ENSG00000183578.7","male_placenta_mid",3.01745178414393,0.98298276413832,3.06968941290544,"male_placenta_mid",3.19596559458891,0.936307379969208,3.41337221404152
"321","ENSG00000137766.17","male_placenta_mid",1.50412798617001,0.225681639810441,6.66482212480106,"male_placenta_mid",1.58075158416874,0.218929546296179,7.22036660154687
"322","ENSG00000074410.13","male_placenta_mid",6.71392507726206,1.52894494272937,4.39121441827514,"male_placenta_mid",6.55574231790659,1.45064816676494,4.5191814721873
"323","ENSG00000166803.12","male_placenta_mid",2.9933306008892,0.730892423496403,4.09544620338226,"male_placenta_mid",3.13178442749488,0.700508436826188,4.47073049067637
"324","ENSG00000174498.13","male_placenta_mid",53.988276148391,13.995790257104,3.85746536327147,"male_placenta_mid",56.7288132355719,13.2596068755971,4.2783178843692
"325","ENSG00000205363.5","male_placenta_mid",2.23769217113885,0.39926539214857,5.604523244795,"male_placenta_mid",2.35252346454261,0.376063227338542,6.25565940385021
"326","ENSG00000129038.15","male_placenta_mid",41.8000416895829,9.05239585762141,4.61756670245375,"male_placenta_mid",43.5831508939684,8.72955753927257,4.99259563819774
"327","ENSG00000129009.12","male_placenta_mid",21.1782209482096,4.65338272312584,4.55114530832819,"male_placenta_mid",21.9043423427307,4.46288182353214,4.90811614756013
"328","ENSG00000140465.13","male_placenta_mid",8.10508295379327,0.666835322234701,12.1545495320066,"male_placenta_mid",8.52490418945606,0.594807301090089,14.3322117496417
"329","ENSG00000169783.12","male_placenta_mid",4.28818996550773,1.4291621662872,3.00049222310996,"male_placenta_mid",4.50021563394861,1.3612727067726,3.3058883878
"330","ENSG00000166426.7","male_placenta_mid",4.75807065835567,1.1423084597001,4.16531158283188,"male_placenta_mid",5.00315550602385,1.11686701550746,4.47963404465895
"331","ENSG00000136378.14","male_placenta_mid",18.5078014708016,2.43472924837423,7.6015850563918,"male_placenta_mid",19.3311249533035,2.44880225207449,7.89411433157873
"332","ENSG00000140600.16","male_placenta_mid",2.49803026144856,0.29645528424939,8.42633069527989,"male_placenta_mid",2.61066096455534,0.279075119479669,9.35468905082931
"333","ENSG00000157766.16","male_placenta_mid",13.5117877095416,3.10539657758736,4.35106672270476,"male_placenta_mid",12.779518350069,3.01327570554994,4.24107171027573
"334","ENSG00000140511.11","male_placenta_mid",14.3095945907568,2.46268903006669,5.81055684093793,"male_placenta_mid",13.2247627470946,2.45803517336548,5.38021704912692
"335","ENSG00000140470.13","male_placenta_mid",8.8412152778694,0.875998222679888,10.0927319816038,"male_placenta_mid",9.35341506450042,0.875170431080745,10.6875355157394
"336","ENSG00000242173.8","male_placenta_mid",2.41627053273671,0.497180180906332,4.85994942182124,"male_placenta_mid",2.5222679416208,0.493396154861749,5.11205431328817
"337","ENSG00000005513.9","male_placenta_mid",1.94671826708003,0.424808958865092,4.58257347557083,"male_placenta_mid",2.04466716399257,0.414170872072224,4.93677199886721
"338","ENSG00000162062.14","male_placenta_mid",2.47011332090214,0.720080266380292,3.43033052873249,"male_placenta_mid",2.58525866916349,0.703977869454141,3.67235786995418
"339","ENSG00000005001.9","male_placenta_mid",4.44866322415004,1.37670255655725,3.23139025417001,"male_placenta_mid",4.44978459291624,1.27150280300141,3.49962625517807
"340","ENSG00000184697.6","male_placenta_mid",3.27329302451202,0.463974975116132,7.05489131971551,"male_placenta_mid",3.29560826685172,0.426344276673039,7.72992261692562
"341","ENSG00000153446.15","male_placenta_mid",3.14591133873833,0.298323605533275,10.545298060188,"male_placenta_mid",3.28474044974806,0.280197628200483,11.7229416638667
"342","ENSG00000103310.10","male_placenta_mid",2.09396743304141,0.414062310662082,5.05713120736146,"male_placenta_mid",2.30605405498811,0.383979480130897,6.00567002747643
"343","ENSG00000140749.8","male_placenta_mid",11.4232557226091,3.5874916522689,3.1841901890934,"male_placenta_mid",12.1643394774397,3.4944204447894,3.48107495066262
"344","ENSG00000122254.6","male_placenta_mid",3.61878001128925,0.111803266542186,32.3673907141506,"male_placenta_mid",3.81539500380712,0.107961282068236,35.3404010281726
"345","ENSG00000205609.12","male_placenta_mid",2.21369163940097,0.572314839727564,3.86796127889108,"male_placenta_mid",2.2798331719005,0.612608817449043,3.72151543850434
"346","ENSG00000140795.12","male_placenta_mid",7.18334184010849,2.07887626252335,3.45539653783401,"male_placenta_mid",7.59510543616706,1.97449024718244,3.84661582755606
"347","ENSG00000198848.12","male_placenta_mid",10.4869221509403,3.0807621684309,3.40400250899001,"male_placenta_mid",11.0300067140225,2.96490072053633,3.72019428428863
"348","ENSG00000198417.6","male_placenta_mid",1.30140385990902,0.346628448239513,3.754463508459,"male_placenta_mid",1.25533483162324,0.33941621333856,3.69851168650883
"349","ENSG00000125144.13","male_placenta_mid",1.08209879276675,0.02404123093733,45.0101242980251,"male_placenta_mid",1.07837700206768,0.0259222860566645,41.6003819921752
"350","ENSG00000205358.3","male_placenta_mid",1.20903893938442,0.0261391733584677,46.2539087523499,"male_placenta_mid",1.16191600790567,0.0255080138564889,45.5510183757445
"351","ENSG00000140937.13","male_placenta_mid",507.395123566078,111.083898224593,4.56767480864067,"male_placenta_mid",536.095282666045,108.528886582061,4.93965523419142
"352","ENSG00000062038.13","male_placenta_mid",37.0244458842689,9.49127550998833,3.90089254550724,"male_placenta_mid",38.9611307107692,9.17178829148525,4.24793175251758
"353","ENSG00000157368.10","male_placenta_mid",1.45238025400865,0.159914688607491,9.08221919234388,"male_placenta_mid",1.50435472609253,0.15623417881612,9.6288452212693
"354","ENSG00000171724.2","male_placenta_mid",4.90873122103746,1.40074317997767,3.50437631337653,"male_placenta_mid",5.19632308318121,1.30309741401633,3.98767047443169
"355","ENSG00000167513.8","male_placenta_mid",13.8076712338323,3.84388796193756,3.59211074062428,"male_placenta_mid",14.407815197582,3.6816624278275,3.91339930806309
"356","ENSG00000129910.7","male_placenta_mid",2.60298538823091,0.553725487908481,4.7008589004325,"male_placenta_mid",2.76197834180411,0.551381981154566,5.0091922409591
"357","ENSG00000015413.9","male_placenta_mid",1.27882347108917,0.137338485245064,9.31147208160381,"male_placenta_mid",1.32321808161045,0.141296945404839,9.36480316555473
"358","ENSG00000185924.6","male_placenta_mid",2.89122688783068,0.684417884381119,4.22435905579098,"male_placenta_mid",3.022519788093,0.663101954321114,4.55815243552926
"359","ENSG00000188176.11","male_placenta_mid",9.69003215552147,1.03621914688026,9.35133478733259,"male_placenta_mid",10.1724057927741,1.02702547051697,9.90472591459066
"360","ENSG00000129195.15","male_placenta_mid",1.45183154323049,0.183008602367061,7.93313278420949,"male_placenta_mid",1.53577161299136,0.180644803164234,8.50160971193346
"361","ENSG00000108947.4","male_placenta_mid",1.8457488766742,0.516220063866959,3.57550782286116,"male_placenta_mid",1.93245584696926,0.49456835488504,3.90735846295392
"362","ENSG00000065325.12","male_placenta_mid",3.92297862143103,1.26811320526563,3.09355553206252,"male_placenta_mid",4.11554363951517,1.1965254085503,3.43957897601316
"363","ENSG00000109099.14","male_placenta_mid",247.855276013948,79.8169842621437,3.10529492319472,"male_placenta_mid",263.343301424797,76.5040616977422,3.44221333587794
"364","ENSG00000170425.3","male_placenta_mid",9.81721339539205,3.00867271857192,3.26297152056201,"male_placenta_mid",10.2510736545175,2.88931912167845,3.54792019254782
"365","ENSG00000166482.11","male_placenta_mid",111.485758046055,24.2582058686005,4.59579569280351,"male_placenta_mid",116.344969833778,23.1006668157518,5.03643339656521
"366","ENSG00000142494.13","male_placenta_mid",1.01578558786694,0.306829402695769,3.31058750870145,"male_placenta_mid",1.0671923511136,0.300730039173778,3.5486722711359
"367","ENSG00000256618.2","male_placenta_mid",8.34958462350292,1.6734120609277,4.98955685718801,"male_placenta_mid",8.33093208422174,1.61777902301345,5.14961064874215
"368","ENSG00000007171.17","male_placenta_mid",5.97427032147674,1.53242171432323,3.89858109268256,"male_placenta_mid",5.4535184341332,1.46416341153011,3.72466515088917
"369","ENSG00000109084.13","male_placenta_mid",23.100197173661,6.8115882724338,3.39130849513417,"male_placenta_mid",24.1210054456784,6.34832985936068,3.79958287928465
"370","ENSG00000109072.13","male_placenta_mid",42.0932102292841,6.56924351800935,6.40761909858982,"male_placenta_mid",44.2690480164086,6.65133620387151,6.65566236008956
"371","ENSG00000006042.11","male_placenta_mid",20.760649778171,6.45103721236136,3.21818788122782,"male_placenta_mid",21.8437615583572,6.26809435201361,3.48491269142111
"372","ENSG00000277632.1","male_placenta_mid",2.83872634998218,0.876867573244857,3.23734898700547,"male_placenta_mid",3.04618020462995,0.82982097443155,3.67088841869376
"373","ENSG00000276070.4","male_placenta_mid",1.34651298753529,0.381233728747675,3.53198808499575,"male_placenta_mid",1.43694952396396,0.392252171024463,3.66333096439215
"374","ENSG00000126353.3","male_placenta_mid",8.31364086977663,1.21559832589863,6.83913484631593,"male_placenta_mid",8.19005732789402,1.1373844691114,7.20078174998524
"375","ENSG00000161682.14","male_placenta_mid",4.53669047633928,0.598141446733913,7.58464490483211,"male_placenta_mid",4.7341198547877,0.562084019649798,8.4224416444667
"376","ENSG00000159184.7","male_placenta_mid",1.64069997492846,0.499750634800836,3.28303730035745,"male_placenta_mid",1.71679416166966,0.504729454074247,3.40141465454702
"377","ENSG00000108823.15","male_placenta_mid",4.80373297391989,1.0509898263696,4.57067504688725,"male_placenta_mid",4.96222864793159,1.00433247574235,4.94082265363745
"378","ENSG00000108821.13","male_placenta_mid",1274.21359926635,393.934877877439,3.23457929425275,"male_placenta_mid",1326.96936698228,388.626128307644,3.41451402858797
"379","ENSG00000006283.17","male_placenta_mid",3.05358898852348,0.373901559683312,8.16682602530414,"male_placenta_mid",3.16249796448106,0.375659752303065,8.41851687622288
"380","ENSG00000011028.13","male_placenta_mid",63.3618147525981,13.3346431241891,4.75166932946706,"male_placenta_mid",65.5691681274812,12.9608291279874,5.05902573670169
"381","ENSG00000091583.10","male_placenta_mid",1.37072869823846,0.00623456426379908,219.859582841672,"male_placenta_mid",1.45701695758196,0.00615106110478893,236.872457086728
"382","ENSG00000069188.16","male_placenta_mid",21.0606595003992,6.18518575588496,3.40501649127689,"male_placenta_mid",21.706017258256,5.91728743582746,3.66823776834506
"383","ENSG00000141540.10","male_placenta_mid",24.6277202336911,7.82227988172734,3.14840693583732,"male_placenta_mid",25.9545965455684,7.61851687194277,3.40677811466864
"384","ENSG00000170412.16","male_placenta_mid",17.2166678192085,4.18036192445231,4.11846345611909,"male_placenta_mid",17.1871267196015,4.18113449746829,4.11063713210098
"385","ENSG00000167900.11","male_placenta_mid",18.3404550114704,4.6296223776676,3.96154448793517,"male_placenta_mid",19.1499658828495,4.44517784191774,4.30803143628283
"386","ENSG00000183010.16","male_placenta_mid",17.1705520833432,5.18938016845782,3.30878670013609,"male_placenta_mid",17.0859891158638,5.06186403577032,3.37543422642794
"387","ENSG00000173762.7","male_placenta_mid",4.79790562625792,0.874021956829308,5.48945663065868,"male_placenta_mid",4.98713385504919,0.865253548269164,5.76378318820576
"388","ENSG00000088756.12","male_placenta_mid",119.213565524537,37.4095557419874,3.18671428088453,"male_placenta_mid",126.665254270388,35.6943738824513,3.54860557822143
"389","ENSG00000101680.14","male_placenta_mid",8.8319350784087,2.14931626218308,4.10918357330904,"male_placenta_mid",9.17426791282272,2.06196269213602,4.44928899432169
"390","ENSG00000118271.10","male_placenta_mid",1.18382754291678,0.173593844905167,6.8195248717689,"male_placenta_mid",1.23659237935559,0.162366285964703,7.6160661802932
"391","ENSG00000166396.12","male_placenta_mid",3.64865226669107,0.647239583898002,5.63725142507053,"male_placenta_mid",3.58584875497893,0.601464736745558,5.96186033179843
"392","ENSG00000130005.12","male_placenta_mid",6.64018197329633,2.14666315396439,3.09325753369058,"male_placenta_mid",6.97664935565031,2.06267478282111,3.38233123988086
"393","ENSG00000115255.10","male_placenta_mid",7.00061399770899,0.465175794744604,15.0493943941183,"male_placenta_mid",7.35889591661675,0.440123268959734,16.7200792041968
"394","ENSG00000176490.4","male_placenta_mid",2.10024623123599,0.384449038109432,5.46300295499286,"male_placenta_mid",2.16938339313602,0.361445112287318,6.00197186069996
"395","ENSG00000125648.14","male_placenta_mid",7.94669496069495,2.37787986327951,3.34192449476193,"male_placenta_mid",8.37332332301608,2.25972705955246,3.70545782846643
"396","ENSG00000104833.11","male_placenta_mid",1.01553221463701,0.216010037436332,4.70131956222791,"male_placenta_mid",1.07744032582496,0.202777879846716,5.31340167201383
"397","ENSG00000125657.4","male_placenta_mid",1.0733279329201,0.183898192086526,5.83653335980099,"male_placenta_mid",1.11741191376874,0.177625404328983,6.29083389276436
"398","ENSG00000105088.8","male_placenta_mid",5.99642674360078,1.48013412558643,4.05127254344264,"male_placenta_mid",6.29476912983206,1.44134538658107,4.36728711135886
"399","ENSG00000105371.9","male_placenta_mid",3.00591199724318,0.635829347411435,4.72754522810364,"male_placenta_mid",3.15639089965552,0.612858817458564,5.15027410839027
"400","ENSG00000105376.4","male_placenta_mid",1.88743177678004,0.455201669977812,4.14636391134514,"male_placenta_mid",2.00024095038237,0.443752711054997,4.50755770173642
"401","ENSG00000161888.11","male_placenta_mid",13.4565962176989,4.09761957388077,3.28400330364354,"male_placenta_mid",14.1544328950041,3.93932007496179,3.59311572191589
"402","ENSG00000187266.13","male_placenta_mid",17.8399870875693,5.71061740681832,3.1240032060752,"male_placenta_mid",18.7354615000987,5.64829175300995,3.31701376617358
"403","ENSG00000102575.11","male_placenta_mid",21.0187890080213,6.00860363177898,3.49811541850668,"male_placenta_mid",21.6353587527204,5.7249443607267,3.7791386936683
"404","ENSG00000105011.8","male_placenta_mid",13.4666313344122,4.39580056192301,3.06352191022084,"male_placenta_mid",14.1192474751514,4.19707268074778,3.36407028163158
"405","ENSG00000186204.14","male_placenta_mid",1.60483861747141,0.454249248022417,3.53294721886301,"male_placenta_mid",1.69057810799716,0.448991814878976,3.76527600720928
"406","ENSG00000004776.12","male_placenta_mid",5.18842743330738,1.60451218505954,3.23364788477119,"male_placenta_mid",5.44997632457052,1.54694380248405,3.5230603179114
"407","ENSG00000126259.19","male_placenta_mid",1.18993083545411,0.0315283953432751,37.741560345789,"male_placenta_mid",1.26371143142083,0.0298380148165996,42.3523964039926
"408","ENSG00000161243.8","male_placenta_mid",7.46305684707197,1.62839590743311,4.58307271162098,"male_placenta_mid",7.78555396945061,1.54713891112146,5.03222685014571
"409","ENSG00000167600.13","male_placenta_mid",4.953620221336,1.00529183005168,4.92754449330534,"male_placenta_mid",5.17025825458908,0.932800096351658,5.54272911721477
"410","ENSG00000079462.7","male_placenta_mid",6.29925214904111,2.06277733374672,3.0537722351251,"male_placenta_mid",6.60702442014384,1.9675181118116,3.35805011424286
"411","ENSG00000105464.3","male_placenta_mid",3.83192236783499,0.865224997717594,4.42881606280834,"male_placenta_mid",3.93648936956134,0.842367121998085,4.67312798275416
"412","ENSG00000104827.12","male_placenta_mid",518.315954484657,46.5966534764582,11.1234587854367,"male_placenta_mid",495.986536855955,41.9340539372877,11.8277745718957
"413","ENSG00000189052.6","male_placenta_mid",788.880627543652,72.1482547737456,10.9341609165399,"male_placenta_mid",760.444944652114,64.7506207594701,11.7442108775597
"414","ENSG00000213030.5","male_placenta_mid",657.746515959451,54.3228302110085,12.1081047030234,"male_placenta_mid",638.08828107815,49.0987533552548,12.9960179734351
"415","ENSG00000196337.11","male_placenta_mid",10.4551392085036,1.61289092415905,6.48223574942294,"male_placenta_mid",10.1007288622081,1.49694778542106,6.74754922020675
"416","ENSG00000104894.11","male_placenta_mid",12.7729011834913,3.8698848408836,3.30058947712121,"male_placenta_mid",13.3519108668933,3.786843705093,3.52586795407903
"417","ENSG00000142511.4","male_placenta_mid",10.4303199164743,0.906503680518255,11.5060977033333,"male_placenta_mid",9.51613382266147,0.797983312270651,11.9252291073399
"418","ENSG00000167618.9","male_placenta_mid",34.7393147013464,0.638736776624268,54.3875285918937,"male_placenta_mid",29.5081955731569,0.597978172432377,49.3466098488634
"419","ENSG00000105048.16","male_placenta_mid",8.93028493793018,1.48417454054178,6.01700453281612,"male_placenta_mid",9.41206616648816,1.40368368081582,6.70526151662451
"420","ENSG00000129991.12","male_placenta_mid",1.76568851971649,0.0662752653931872,26.6417419717793,"male_placenta_mid",1.8446422690855,0.0625506445094735,29.4903798921868
"421","ENSG00000101280.7","male_placenta_mid",5.84704466318983,0.0683239540759817,85.5782535168771,"male_placenta_mid",5.04984034705083,0.0640996587794421,78.781080012089
"422","ENSG00000088826.17","male_placenta_mid",4.79802331300433,1.59031217841033,3.01703236518029,"male_placenta_mid",5.00237524573093,1.52773102328877,3.27438218473972
"423","ENSG00000185052.11","male_placenta_mid",17.2011817789586,5.71413861415739,3.01028430362904,"male_placenta_mid",18.0737165344533,5.37174969105459,3.36458650792141
"424","ENSG00000149599.15","male_placenta_mid",1.29997155805965,0.347219782224875,3.74394439662925,"male_placenta_mid",1.37615558148873,0.325809585888176,4.22380323076514
"425","ENSG00000088305.18","male_placenta_mid",11.3272628747014,3.6815368046028,3.07677567165419,"male_placenta_mid",11.8964296017805,3.55440756289732,3.34695146554418
"426","ENSG00000101447.14","male_placenta_mid",18.680619787614,3.06980422428343,6.08528050090052,"male_placenta_mid",18.3841518680492,2.92108346793476,6.29360717345301
"427","ENSG00000019186.9","male_placenta_mid",18.490536758453,3.49733593762296,5.28703478540311,"male_placenta_mid",19.3698066452472,3.53191253649583,5.48422602346344
"428","ENSG00000101134.11","male_placenta_mid",5.39854878504571,0.822406591842941,6.56433063473876,"male_placenta_mid",5.73731859691449,0.77940919857533,7.36111224681675
"429","ENSG00000130700.6","male_placenta_mid",2.04085445866153,0.433297615087764,4.71005236954318,"male_placenta_mid",2.15354008223819,0.414612741048272,5.19410010602511
"430","ENSG00000092758.17","male_placenta_mid",4.70789342648472,1.04423884373887,4.50844503124231,"male_placenta_mid",4.87092709724702,1.0178006873311,4.7857376772064
"431","ENSG00000101197.12","male_placenta_mid",4.5180344206791,1.20722213055684,3.74250463632167,"male_placenta_mid",4.64380631706857,1.15709896495388,4.01331818428657
"432","ENSG00000142149.8","male_placenta_mid",25.8976367171688,7.68650962873252,3.36923232625147,"male_placenta_mid",26.1210764286252,7.40172040295941,3.52905473411037
"433","ENSG00000170262.12","male_placenta_mid",1.70015153390506,0.309886570218914,5.48636726239545,"male_placenta_mid",1.7851166433822,0.309739224942612,5.76328892058455
"434","ENSG00000142156.14","male_placenta_mid",803.584767337771,228.519189002226,3.5164870435889,"male_placenta_mid",839.926952014344,226.631327446987,3.70613790015777
"435","ENSG00000142173.14","male_placenta_mid",1211.59249271996,332.740100193332,3.64125782259484,"male_placenta_mid",1264.72134530324,330.001545989375,3.83247097073891
"436","ENSG00000128342.4","male_placenta_mid",2.26140855706335,0.577248593590172,3.91756442921518,"male_placenta_mid",2.37378434814321,0.571081004899493,4.15665085649449
"437","ENSG00000100162.14","male_placenta_mid",4.05026496717952,1.32570714953922,3.05517320969966,"male_placenta_mid",4.24603844174678,1.31089731985056,3.23903205647779
"438","ENSG00000159307.18","male_placenta_mid",9.36832043905048,2.189783712654,4.27819441021239,"male_placenta_mid",8.93297833408966,2.11856229033626,4.2165285273117
"439","ENSG00000100427.15","male_placenta_mid",10.4724739901392,2.79987707761968,3.74033348601232,"male_placenta_mid",10.9649606258585,2.75494513353871,3.9801012703923
"440","ENSG00000056998.19","male_placenta_mid",6.29676477967344,1.49198969148694,4.22038088842155,"male_placenta_mid",6.55117977880633,1.40698412554577,4.65618599375819
"441","ENSG00000124479.9","male_placenta_mid",1.07533430309066,0.35277235046564,3.0482386209443,"male_placenta_mid",1.07692662037135,0.348693854701799,3.08845884677931
"442","ENSG00000102312.21","male_placenta_mid",8.7841883524814,1.82560157402264,4.81166782362364,"male_placenta_mid",8.69279753540712,1.74735628080853,4.97482833402746
"443","ENSG00000256045.2","male_placenta_mid",90.0174689633445,0.617553559873398,145.764634539227,"male_placenta_mid",93.2254581441168,0.605623260659337,153.933087118588
"444","ENSG00000169083.16","male_placenta_mid",6.61554450652751,1.37664059903955,4.80557126612641,"male_placenta_mid",6.88561694742849,1.31488723596753,5.23665966105593
"445","ENSG00000186310.9","male_placenta_mid",4.3962830556169,0.652868718546262,6.73379338101245,"male_placenta_mid",4.62954912343839,0.621101238912837,7.45377538055126
"446","ENSG00000165194.15","male_placenta_mid",1.0065391509643,0.330826689824514,3.04249681758813,"male_placenta_mid",1.06723243210066,0.316556817206718,3.37137718757052
"447","ENSG00000101938.14","male_placenta_mid",11.212173710131,2.79604733949958,4.01000854017646,"male_placenta_mid",11.2265125505512,2.78789802568356,4.02687345345015
"448","ENSG00000171004.18","male_placenta_mid",58.8497910222394,17.0771810453474,3.44610687595145,"male_placenta_mid",62.1774116569522,16.4820734015415,3.77242657171621
"449","ENSG00000130032.15","male_placenta_mid",4.0441415555738,1.07983415488454,3.74515062084345,"male_placenta_mid",4.37867126959394,1.06858594447445,4.09763135313131
"450","ENSG00000011677.12","male_placenta_mid",17.2396403426699,5.21038033505195,3.30871054204875,"male_placenta_mid",18.1551364948016,4.85190149617686,3.74186007467531
