"","query","significant","p_value","term_size","query_size","intersection_size","precision","recall","term_id","source","term_name","effective_domain_size","source_order"
"1","query_1",TRUE,0.000432190434511393,3,42,3,0.0714285714285714,1,"CORUM:6417","CORUM","Fibrinogen complex",3383,2112
"2","query_1",TRUE,1.08214231147645e-14,4643,431,174,0.403712296983759,0.0374757699763084,"GO:0007275","GO:BP","multicellular organism development",21031,2835
"3","query_1",TRUE,1.17975680877309e-14,6453,428,216,0.504672897196262,0.0334728033472803,"GO:0032502","GO:BP","developmental process",21031,7884
"4","query_1",TRUE,6.093810564508e-14,3973,431,155,0.359628770301624,0.0390133400453058,"GO:0048731","GO:BP","system development",21031,13413
"5","query_1",TRUE,6.7374771645156e-14,5899,441,206,0.467120181405896,0.0349211730801831,"GO:0048856","GO:BP","anatomical structure development",21031,13525
"6","query_1",TRUE,1.57611137557886e-12,7669,428,237,0.553738317757009,0.0309036380232103,"GO:0032501","GO:BP","multicellular organismal process",21031,7883
"7","query_1",TRUE,5.58599877577471e-11,3039,428,122,0.285046728971963,0.0401447844685752,"GO:0048513","GO:BP","animal organ development",21031,13223
"8","query_1",TRUE,2.31995616193883e-10,1512,442,78,0.176470588235294,0.0515873015873016,"GO:0007155","GO:BP","cell adhesion",21031,2750
"9","query_1",TRUE,3.22720820927252e-09,115,421,19,0.0451306413301663,0.165217391304348,"GO:0006334","GO:BP","nucleosome assembly",21031,2146
"10","query_1",TRUE,9.51936926985594e-09,8976,395,236,0.59746835443038,0.0262923351158645,"GO:0050896","GO:BP","response to stimulus",21031,13774
"11","query_1",TRUE,1.44118845160699e-08,2955,371,102,0.274932614555256,0.0345177664974619,"GO:0051239","GO:BP","regulation of multicellular organismal process",21031,14037
"12","query_1",TRUE,2.92013050701072e-08,2684,427,105,0.245901639344262,0.0391207153502235,"GO:0009653","GO:BP","anatomical structure morphogenesis",21031,3608
"13","query_1",TRUE,4.37243856748205e-08,7394,310,166,0.535483870967742,0.0224506356505275,"GO:0051716","GO:BP","cellular response to stimulus",21031,14364
"14","query_1",TRUE,5.62343241632219e-08,2455,439,100,0.227790432801822,0.0407331975560081,"GO:0050793","GO:BP","regulation of developmental process",21031,13690
"15","query_1",TRUE,6.01264821147254e-08,135,421,19,0.0451306413301663,0.140740740740741,"GO:0034728","GO:BP","nucleosome organization",21031,9025
"16","query_1",TRUE,2.06397891355426e-07,1678,439,76,0.173120728929385,0.0452920143027414,"GO:0009719","GO:BP","response to endogenous stimulus",21031,3654
"17","query_1",TRUE,2.15529748907401e-07,423,440,33,0.075,0.0780141843971631,"GO:0001503","GO:BP","ossification",21031,325
"18","query_1",TRUE,2.35577287150781e-07,324,423,28,0.066193853427896,0.0864197530864197,"GO:0030198","GO:BP","extracellular matrix organization",21031,6944
"19","query_1",TRUE,2.53079225231026e-07,325,423,28,0.066193853427896,0.0861538461538462,"GO:0043062","GO:BP","extracellular structure organization",21031,10859
"20","query_1",TRUE,2.71802781336907e-07,326,423,28,0.066193853427896,0.0858895705521472,"GO:0045229","GO:BP","external encapsulating structure organization",21031,11733
"21","query_1",TRUE,3.91038250883054e-07,4366,441,148,0.335600907029478,0.0338983050847458,"GO:0030154","GO:BP","cell differentiation",21031,6924
"22","query_1",TRUE,3.96136203964583e-07,1637,371,66,0.177897574123989,0.0403176542455712,"GO:0051240","GO:BP","positive regulation of multicellular organismal process",21031,14038
"23","query_1",TRUE,3.97756350753004e-07,4367,441,148,0.335600907029478,0.0338905427066636,"GO:0048869","GO:BP","cellular developmental process",21031,13537
"24","query_1",TRUE,5.18296346914275e-07,6537,427,194,0.454332552693208,0.0296772219672633,"GO:0007154","GO:BP","cell communication",21031,2749
"25","query_1",TRUE,6.09343803775634e-07,535,423,36,0.0851063829787234,0.0672897196261682,"GO:0001501","GO:BP","skeletal system development",21031,323
"26","query_1",TRUE,1.01959866579802e-06,1035,437,54,0.123569794050343,0.0521739130434783,"GO:0009887","GO:BP","animal organ morphogenesis",21031,3785
"27","query_1",TRUE,1.24094720685702e-06,1110,244,39,0.15983606557377,0.0351351351351351,"GO:0051241","GO:BP","negative regulation of multicellular organismal process",21031,14039
"28","query_1",TRUE,1.32289047306829e-06,3957,437,135,0.308924485125858,0.0341167551175133,"GO:0042221","GO:BP","response to chemical",21031,10394
"29","query_1",TRUE,1.98701102982206e-06,1576,426,69,0.161971830985915,0.0437817258883249,"GO:0045595","GO:BP","regulation of cell differentiation",21031,11842
"30","query_1",TRUE,2.51088197888475e-06,2010,440,83,0.188636363636364,0.0412935323383085,"GO:0009888","GO:BP","tissue development",21031,3786
"31","query_1",TRUE,2.61644351100427e-06,1130,400,53,0.1325,0.0469026548672566,"GO:0072359","GO:BP","circulatory system development",21031,17886
"32","query_1",TRUE,3.00615085751739e-06,1411,324,53,0.16358024691358,0.03756201275691,"GO:2000026","GO:BP","regulation of multicellular organismal development",21031,26054
"33","query_1",TRUE,3.37504964671542e-06,6447,427,189,0.442622950819672,0.0293159609120521,"GO:0023052","GO:BP","signaling",21031,6877
"34","query_1",TRUE,4.67158560089725e-06,1704,403,69,0.1712158808933,0.0404929577464789,"GO:0007267","GO:BP","cell-cell signaling",21031,2828
"35","query_1",TRUE,5.94995116916418e-06,2683,437,100,0.22883295194508,0.0372717107715244,"GO:0070887","GO:BP","cellular response to chemical stimulus",21031,16854
"36","query_1",TRUE,8.58524670967658e-06,2846,405,98,0.241975308641975,0.0344342937456079,"GO:0065008","GO:BP","regulation of biological quality",21031,16385
"37","query_1",TRUE,1.15888549996521e-05,1328,439,61,0.138952164009112,0.045933734939759,"GO:0051094","GO:BP","positive regulation of developmental process",21031,13928
"38","query_1",TRUE,1.35900368688002e-05,928,423,47,0.111111111111111,0.0506465517241379,"GO:0051093","GO:BP","negative regulation of developmental process",21031,13927
"39","query_1",TRUE,1.38354379593434e-05,12680,386,286,0.740932642487047,0.0225552050473186,"GO:0065007","GO:BP","biological regulation",21031,16384
"40","query_1",TRUE,1.57491339623085e-05,2637,370,86,0.232432432432432,0.0326128175957527,"GO:0010033","GO:BP","response to organic substance",21031,3883
"41","query_1",TRUE,1.97583284445331e-05,5959,306,133,0.434640522875817,0.0223191810706494,"GO:0007165","GO:BP","signal transduction",21031,2760
"42","query_1",TRUE,2.03279267520754e-05,920,390,44,0.112820512820513,0.0478260869565217,"GO:0033993","GO:BP","response to lipid",21031,8654
"43","query_1",TRUE,2.81405805820965e-05,213,423,20,0.0472813238770686,0.0938967136150235,"GO:0051216","GO:BP","cartilage development",21031,14018
"44","query_1",TRUE,3.2398007251075e-05,1432,439,63,0.143507972665148,0.0439944134078212,"GO:0071495","GO:BP","cellular response to endogenous stimulus",21031,17229
"45","query_1",TRUE,5.34092278745394e-05,16,42,4,0.0952380952380952,0.25,"GO:0072378","GO:BP","blood coagulation, fibrin clot formation",21031,17891
"46","query_1",TRUE,6.04736710657482e-05,291,423,23,0.0543735224586288,0.0790378006872852,"GO:0061448","GO:BP","connective tissue development",21031,15973
"47","query_1",TRUE,6.79388400879122e-05,94,42,6,0.142857142857143,0.0638297872340425,"GO:1903035","GO:BP","negative regulation of response to wounding",21031,23289
"48","query_1",TRUE,8.49368748208691e-05,1777,390,66,0.169230769230769,0.0371412492965673,"GO:0010647","GO:BP","positive regulation of cell communication",21031,4343
"49","query_1",TRUE,8.67679317204961e-05,1778,390,66,0.169230769230769,0.0371203599550056,"GO:0023056","GO:BP","positive regulation of signaling",21031,6878
"50","query_1",TRUE,9.64656930773025e-05,49,42,5,0.119047619047619,0.102040816326531,"GO:0030195","GO:BP","negative regulation of blood coagulation",21031,6943
"51","query_1",TRUE,0.000103210390961158,12287,395,282,0.713924050632911,0.022951086514202,"GO:0050789","GO:BP","regulation of biological process",21031,13687
"52","query_1",TRUE,0.000103344262095089,864,320,36,0.1125,0.0416666666666667,"GO:0045597","GO:BP","positive regulation of cell differentiation",21031,11844
"53","query_1",TRUE,0.000107026935546089,50,42,5,0.119047619047619,0.1,"GO:1900047","GO:BP","negative regulation of hemostasis",21031,20842
"54","query_1",TRUE,0.000113251554483873,19,42,4,0.0952380952380952,0.210526315789474,"GO:0072376","GO:BP","protein activation cascade",21031,17889
"55","query_1",TRUE,0.000115967413783986,946,361,41,0.113573407202216,0.0433403805496829,"GO:0098609","GO:BP","cell-cell adhesion",21031,19347
"56","query_1",TRUE,0.000122201015124982,5717,235,102,0.434042553191489,0.0178415252754941,"GO:0048522","GO:BP","positive regulation of cellular process",21031,13230
"57","query_1",TRUE,0.000126344204521904,2799,427,97,0.227166276346604,0.0346552340121472,"GO:0007166","GO:BP","cell surface receptor signaling pathway",21031,2761
"58","query_1",TRUE,0.000134407617474415,6250,345,149,0.431884057971014,0.02384,"GO:0048518","GO:BP","positive regulation of biological process",21031,13226
"59","query_1",TRUE,0.000140413889394741,65,423,11,0.0260047281323877,0.169230769230769,"GO:0030199","GO:BP","collagen fibril organization",21031,6945
"60","query_1",TRUE,0.000144322383996202,53,42,5,0.119047619047619,0.0943396226415094,"GO:0050819","GO:BP","negative regulation of coagulation",21031,13710
"61","query_1",TRUE,0.000153532882823667,611,437,35,0.080091533180778,0.0572831423895254,"GO:0048729","GO:BP","tissue morphogenesis",21031,13411
"62","query_1",TRUE,0.000155799699758528,1091,428,50,0.116822429906542,0.0458295142071494,"GO:0035295","GO:BP","tube development",21031,9257
"63","query_1",TRUE,0.000162207927558144,1663,370,60,0.162162162162162,0.0360793746241732,"GO:1901700","GO:BP","response to oxygen-containing compound",21031,22187
"64","query_1",TRUE,0.000167156169445336,238,421,20,0.0475059382422803,0.0840336134453782,"GO:0065004","GO:BP","protein-DNA complex assembly",21031,16382
"65","query_1",TRUE,0.000184151025884062,405,42,9,0.214285714285714,0.0222222222222222,"GO:0032102","GO:BP","negative regulation of response to external stimulus",21031,7633
"66","query_1",TRUE,0.000213637619009465,2531,431,90,0.208816705336427,0.0355590675622284,"GO:0007399","GO:BP","nervous system development",21031,2932
"67","query_1",TRUE,0.000253611953481203,168,208,12,0.0576923076923077,0.0714285714285714,"GO:1903034","GO:BP","regulation of response to wounding",21031,23288
"68","query_1",TRUE,0.000257238801407625,23,42,4,0.0952380952380952,0.173913043478261,"GO:0034114","GO:BP","regulation of heterotypic cell-cell adhesion",21031,8705
"69","query_1",TRUE,0.000274804882267255,681,439,37,0.0842824601366743,0.0543318649045521,"GO:0071363","GO:BP","cellular response to growth factor stimulus",21031,17115
"70","query_1",TRUE,0.000280429081936545,711,439,38,0.0865603644646925,0.0534458509142053,"GO:0070848","GO:BP","response to growth factor",21031,16836
"71","query_1",TRUE,0.000298815926341733,57,45,5,0.111111111111111,0.087719298245614,"GO:0031638","GO:BP","zymogen activation",21031,7510
"72","query_1",TRUE,0.000392045613886399,967,439,46,0.104783599088838,0.047569803516029,"GO:0007167","GO:BP","enzyme-linked receptor protein signaling pathway",21031,2762
"73","query_1",TRUE,0.000411550652601554,27,103,5,0.0485436893203883,0.185185185185185,"GO:0042730","GO:BP","fibrinolysis",21031,10679
"74","query_1",TRUE,0.000466871090053572,292,365,20,0.0547945205479452,0.0684931506849315,"GO:0051962","GO:BP","positive regulation of nervous system development",21031,14486
"75","query_1",TRUE,0.000506888868896833,27,42,4,0.0952380952380952,0.148148148148148,"GO:0031639","GO:BP","plasminogen activation",21031,7511
"76","query_1",TRUE,0.00055209262466473,69,42,5,0.119047619047619,0.072463768115942,"GO:0030193","GO:BP","regulation of blood coagulation",21031,6941
"77","query_1",TRUE,0.000600235322983418,678,308,29,0.0941558441558442,0.0427728613569322,"GO:0061061","GO:BP","muscle structure development",21031,15656
"78","query_1",TRUE,0.00063772952113625,71,42,5,0.119047619047619,0.0704225352112676,"GO:1900046","GO:BP","regulation of hemostasis",21031,20841
"79","query_1",TRUE,0.00063772952113625,71,42,5,0.119047619047619,0.0704225352112676,"GO:0061045","GO:BP","negative regulation of wound healing",21031,15640
"80","query_1",TRUE,0.000706030117594174,463,377,26,0.0689655172413793,0.0561555075593952,"GO:0051960","GO:BP","regulation of nervous system development",21031,14484
"81","query_1",TRUE,0.000734061038465996,259,275,16,0.0581818181818182,0.0617760617760618,"GO:0010001","GO:BP","glial cell differentiation",21031,3861
"82","query_1",TRUE,0.000785559385920559,74,42,5,0.119047619047619,0.0675675675675676,"GO:0050818","GO:BP","regulation of coagulation",21031,13709
"83","query_1",TRUE,0.000886473047636947,592,442,33,0.0746606334841629,0.0557432432432432,"GO:0003013","GO:BP","circulatory system process",21031,1471
"84","query_1",TRUE,0.000932805603913041,681,423,35,0.08274231678487,0.0513950073421439,"GO:0045596","GO:BP","negative regulation of cell differentiation",21031,11843
"85","query_1",TRUE,0.00097949737574947,92,437,12,0.0274599542334096,0.130434782608696,"GO:2000027","GO:BP","regulation of animal organ morphogenesis",21031,26055
"86","query_1",TRUE,0.000984768100904884,1971,423,72,0.170212765957447,0.0365296803652968,"GO:0071310","GO:BP","cellular response to organic substance",21031,17066
"87","query_1",TRUE,0.00099018002077908,125,207,10,0.0483091787439614,0.08,"GO:0010811","GO:BP","positive regulation of cell-substrate adhesion",21031,4476
"88","query_1",TRUE,0.0010279875718617,542,189,19,0.100529100529101,0.0350553505535055,"GO:0044057","GO:BP","regulation of system process",21031,11253
"89","query_1",TRUE,0.00127719309209673,507,402,28,0.0696517412935323,0.0552268244575937,"GO:0008015","GO:BP","blood circulation",21031,3130
"90","query_1",TRUE,0.0013103866893951,1561,370,55,0.148648648648649,0.0352338244714926,"GO:0009967","GO:BP","positive regulation of signal transduction",21031,3843
"91","query_1",TRUE,0.00151350259797097,844,103,17,0.16504854368932,0.0201421800947867,"GO:0051050","GO:BP","positive regulation of transport",21031,13899
"92","query_1",TRUE,0.00163380449831731,1183,439,51,0.116173120728929,0.0431107354184277,"GO:0048646","GO:BP","anatomical structure formation involved in morphogenesis",21031,13329
"93","query_1",TRUE,0.00169424210803389,345,305,19,0.0622950819672131,0.0550724637681159,"GO:0042063","GO:BP","gliogenesis",21031,10292
"94","query_1",TRUE,0.00189359749854937,316,437,22,0.0503432494279176,0.069620253164557,"GO:0060485","GO:BP","mesenchyme development",21031,15147
"95","query_1",TRUE,0.00189881260352727,65,437,10,0.022883295194508,0.153846153846154,"GO:1905330","GO:BP","regulation of morphogenesis of an epithelium",21031,25192
"96","query_1",TRUE,0.00238064689007858,43,167,6,0.0359281437125748,0.13953488372093,"GO:1900026","GO:BP","positive regulation of substrate adhesion-dependent cell spreading",21031,20826
"97","query_1",TRUE,0.00245101749141106,215,103,9,0.087378640776699,0.0418604651162791,"GO:0010810","GO:BP","regulation of cell-substrate adhesion",21031,4475
"98","query_1",TRUE,0.00257224809477701,248,437,19,0.0434782608695652,0.0766129032258065,"GO:0048762","GO:BP","mesenchymal cell differentiation",21031,13438
"99","query_1",TRUE,0.00264768424739032,18,233,5,0.0214592274678112,0.277777777777778,"GO:0072087","GO:BP","renal vesicle development",21031,17633
"100","query_1",TRUE,0.00312528682807335,449,394,25,0.0634517766497462,0.0556792873051225,"GO:0034329","GO:BP","cell junction assembly",21031,8862
"101","query_1",TRUE,0.00324708364702741,599,420,31,0.0738095238095238,0.0517529215358932,"GO:0007507","GO:BP","heart development",21031,3027
"102","query_1",TRUE,0.00380198734332442,1496,439,59,0.134396355353075,0.0394385026737968,"GO:0016477","GO:BP","cell migration",21031,5292
"103","query_1",TRUE,0.00400241155788177,37,340,7,0.0205882352941176,0.189189189189189,"GO:1905332","GO:BP","positive regulation of morphogenesis of an epithelium",21031,25194
"104","query_1",TRUE,0.0054329374072132,201,365,15,0.0410958904109589,0.0746268656716418,"GO:0007416","GO:BP","synapse assembly",21031,2945
"105","query_1",TRUE,0.00577126377872013,14,42,3,0.0714285714285714,0.214285714285714,"GO:0034116","GO:BP","positive regulation of heterotypic cell-cell adhesion",21031,8707
"106","query_1",TRUE,0.00627159862001285,351,423,22,0.0520094562647754,0.0626780626780627,"GO:0031589","GO:BP","cell-substrate adhesion",21031,7495
"107","query_1",TRUE,0.00649382646875189,547,405,28,0.0691358024691358,0.0511882998171846,"GO:0010817","GO:BP","regulation of hormone levels",21031,4482
"108","query_1",TRUE,0.00662653592038236,643,385,30,0.0779220779220779,0.046656298600311,"GO:0043408","GO:BP","regulation of MAPK cascade",21031,11031
"109","query_1",TRUE,0.00672968984598892,752,400,34,0.085,0.0452127659574468,"GO:0001944","GO:BP","vasculature development",21031,560
"110","query_1",TRUE,0.00724829796121652,11738,230,162,0.704347826086957,0.0138013290168683,"GO:0050794","GO:BP","regulation of cellular process",21031,13691
"111","query_1",TRUE,0.00729264272822492,721,400,33,0.0825,0.0457697642163662,"GO:0001568","GO:BP","blood vessel development",21031,358
"112","query_1",TRUE,0.0076630115084175,101,400,11,0.0275,0.108910891089109,"GO:0032963","GO:BP","collagen metabolic process",21031,8227
"113","query_1",TRUE,0.0076763535576309,90,96,6,0.0625,0.0666666666666667,"GO:0070509","GO:BP","calcium ion import",21031,16660
"114","query_1",TRUE,0.0078320006869351,280,341,17,0.0498533724340176,0.0607142857142857,"GO:0098742","GO:BP","cell-cell adhesion via plasma-membrane adhesion molecules",21031,19410
"115","query_1",TRUE,0.00829723332857378,1594,375,54,0.144,0.0338770388958595,"GO:0051049","GO:BP","regulation of transport",21031,13898
"116","query_1",TRUE,0.00851499245773475,130,148,8,0.0540540540540541,0.0615384615384615,"GO:0061041","GO:BP","regulation of wound healing",21031,15636
"117","query_1",TRUE,0.00934872652170795,2274,370,69,0.186486486486486,0.0303430079155673,"GO:0048584","GO:BP","positive regulation of response to stimulus",21031,13280
"118","query_1",TRUE,0.00963699791481413,113,365,11,0.0301369863013699,0.0973451327433628,"GO:0051963","GO:BP","regulation of synapse assembly",21031,14487
"119","query_1",TRUE,0.010309205776216,5,15,2,0.133333333333333,0.4,"GO:0043152","GO:BP","induction of bacterial agglutination",21031,10908
"120","query_1",TRUE,0.0103528107959276,2006,265,49,0.184905660377358,0.0244267198404786,"GO:0008283","GO:BP","cell population proliferation",21031,3185
"121","query_1",TRUE,0.0111939157667119,4,20,2,0.1,0.5,"GO:0010903","GO:BP","negative regulation of very-low-density lipoprotein particle remodeling",21031,4546
"122","query_1",TRUE,0.0114395143673929,357,305,18,0.059016393442623,0.0504201680672269,"GO:0007517","GO:BP","muscle organ development",21031,3033
"123","query_1",TRUE,0.0132318707807346,121,423,12,0.0283687943262411,0.0991735537190083,"GO:0002062","GO:BP","chondrocyte differentiation",21031,660
"124","query_1",TRUE,0.0133130494288208,838,437,38,0.0869565217391304,0.045346062052506,"GO:0022603","GO:BP","regulation of anatomical structure morphogenesis",21031,6848
"125","query_1",TRUE,0.0143496032278543,61,42,4,0.0952380952380952,0.0655737704918033,"GO:0034113","GO:BP","heterotypic cell-cell adhesion",21031,8704
"126","query_1",TRUE,0.0145923208281548,1683,265,43,0.162264150943396,0.0255496137849079,"GO:0042127","GO:BP","regulation of cell population proliferation",21031,10326
"127","query_1",TRUE,0.01531708135475,62,42,4,0.0952380952380952,0.0645161290322581,"GO:1900024","GO:BP","regulation of substrate adhesion-dependent cell spreading",21031,20824
"128","query_1",TRUE,0.0154014581935188,501,437,27,0.0617848970251716,0.0538922155688623,"GO:0002009","GO:BP","morphogenesis of an epithelium",21031,618
"129","query_1",TRUE,0.0157891885021237,45,340,7,0.0205882352941176,0.155555555555556,"GO:0071604","GO:BP","transforming growth factor beta production",21031,17292
"130","query_1",TRUE,0.0158897102870263,1035,441,44,0.0997732426303855,0.042512077294686,"GO:0007417","GO:BP","central nervous system development",21031,2946
"131","query_1",TRUE,0.0160986023277402,266,420,18,0.0428571428571429,0.0676691729323308,"GO:0003007","GO:BP","heart morphogenesis",21031,1465
"132","query_1",TRUE,0.0163256308427181,134,389,12,0.0308483290488432,0.0895522388059701,"GO:0048565","GO:BP","digestive tract development",21031,13262
"133","query_1",TRUE,0.0163265963435773,1077,117,19,0.162393162393162,0.0176415970287837,"GO:0032101","GO:BP","regulation of response to external stimulus",21031,7632
"134","query_1",TRUE,0.0182349051347252,778,370,32,0.0864864864864865,0.0411311053984576,"GO:0030155","GO:BP","regulation of cell adhesion",21031,6925
"135","query_1",TRUE,0.0189757220438069,1225,437,49,0.112128146453089,0.04,"GO:0060429","GO:BP","epithelium development",21031,15095
"136","query_1",TRUE,0.0192669675643411,3443,439,107,0.24373576309795,0.0310775486494336,"GO:0010646","GO:BP","regulation of cell communication",21031,4342
"137","query_1",TRUE,0.0199908603182325,2018,377,63,0.16710875331565,0.031219028741328,"GO:0032879","GO:BP","regulation of localization",21031,8155
"138","query_1",TRUE,0.0207012543390001,244,255,13,0.0509803921568627,0.0532786885245902,"GO:0050769","GO:BP","positive regulation of neurogenesis",21031,13672
"139","query_1",TRUE,0.021820089060178,1742,427,62,0.14519906323185,0.0355912743972445,"GO:0022008","GO:BP","neurogenesis",21031,6799
"140","query_1",TRUE,0.022326157867304,11,85,3,0.0352941176470588,0.272727272727273,"GO:0034384","GO:BP","high-density lipoprotein particle clearance",21031,8900
"141","query_1",TRUE,0.0233208355608253,1541,64,16,0.25,0.0103828682673589,"GO:0022414","GO:BP","reproductive process",21031,6842
"142","query_1",TRUE,0.0252854170352718,3939,428,116,0.271028037383178,0.0294490987560295,"GO:0048583","GO:BP","regulation of response to stimulus",21031,13279
"143","query_1",TRUE,0.0255001613766043,1552,64,16,0.25,0.0103092783505155,"GO:0000003","GO:BP","reproduction",21031,3
"144","query_1",TRUE,0.0259159377612587,388,298,18,0.0604026845637584,0.0463917525773196,"GO:0050767","GO:BP","regulation of neurogenesis",21031,13670
"145","query_1",TRUE,0.0259459595732285,22,298,5,0.0167785234899329,0.227272727272727,"GO:0048670","GO:BP","regulation of collateral sprouting",21031,13353
"146","query_1",TRUE,0.0271637744766509,243,45,6,0.133333333333333,0.0246913580246914,"GO:0016485","GO:BP","protein processing",21031,5296
"147","query_1",TRUE,0.0271916163055413,29,33,3,0.0909090909090909,0.103448275862069,"GO:0006656","GO:BP","phosphatidylcholine biosynthetic process",21031,2392
"148","query_1",TRUE,0.0279528628697202,6,20,2,0.1,0.333333333333333,"GO:0010901","GO:BP","regulation of very-low-density lipoprotein particle remodeling",21031,4544
"149","query_1",TRUE,0.0290527509856933,1709,439,62,0.14123006833713,0.0362785254534816,"GO:0048870","GO:BP","cell motility",21031,13538
"150","query_1",TRUE,0.029779563777839,14,234,4,0.0170940170940171,0.285714285714286,"GO:0010838","GO:BP","positive regulation of keratinocyte proliferation",21031,4502
"151","query_1",TRUE,0.0299644043167846,939,420,39,0.0928571428571429,0.0415335463258786,"GO:0040007","GO:BP","growth",21031,10236
"152","query_1",TRUE,0.0301853363328709,3437,439,106,0.241457858769932,0.0308408495781205,"GO:0023051","GO:BP","regulation of signaling",21031,6876
"153","query_1",TRUE,0.0303752961113552,1712,402,58,0.144278606965174,0.0338785046728972,"GO:0042592","GO:BP","homeostatic process",21031,10601
"154","query_1",TRUE,0.0304884161238115,874,370,34,0.0918918918918919,0.0389016018306636,"GO:0009725","GO:BP","response to hormone",21031,3660
"155","query_1",TRUE,0.0319147296659211,54,437,8,0.0183066361556064,0.148148148148148,"GO:0060688","GO:BP","regulation of morphogenesis of a branching structure",21031,15336
"156","query_1",TRUE,0.0323741849426393,117,56,5,0.0892857142857143,0.0427350427350427,"GO:0043534","GO:BP","blood vessel endothelial cell migration",21031,11111
"157","query_1",TRUE,0.0348942508879625,934,379,36,0.0949868073878628,0.0385438972162741,"GO:0030334","GO:BP","regulation of cell migration",21031,7017
"158","query_1",TRUE,0.036098715060426,5874,20,15,0.75,0.00255362614913177,"GO:0048519","GO:BP","negative regulation of biological process",21031,13227
"159","query_1",TRUE,0.0376317433139823,134,85,6,0.0705882352941176,0.0447761194029851,"GO:0032368","GO:BP","regulation of lipid transport",21031,7794
"160","query_1",TRUE,0.0391073268149796,146,389,12,0.0308483290488432,0.0821917808219178,"GO:0055123","GO:BP","digestive system development",21031,14727
"161","query_1",TRUE,0.0401333062258943,14,10,2,0.2,0.142857142857143,"GO:1990169","GO:BP","stress response to copper ion",21031,25766
"162","query_1",TRUE,0.0401333062258943,14,10,2,0.2,0.142857142857143,"GO:0010273","GO:BP","detoxification of copper ion",21031,4085
"163","query_1",TRUE,0.0403295209832799,923,85,14,0.164705882352941,0.0151679306608884,"GO:0098657","GO:BP","import into cell",21031,19355
"164","query_1",TRUE,0.0419947222170427,667,408,30,0.0735294117647059,0.0449775112443778,"GO:0048589","GO:BP","developmental growth",21031,13285
"165","query_1",TRUE,0.0433923631486503,230,379,15,0.0395778364116095,0.0652173913043478,"GO:0002685","GO:BP","regulation of leukocyte migration",21031,1210
"166","query_1",TRUE,0.0434739917225517,254,343,15,0.043731778425656,0.0590551181102362,"GO:0006959","GO:BP","humoral immune response",21031,2621
"167","query_1",TRUE,0.0441294626899129,745,385,31,0.0805194805194805,0.0416107382550336,"GO:0000165","GO:BP","MAPK cascade",21031,56
"168","query_1",TRUE,0.0453190359323831,234,420,16,0.0380952380952381,0.0683760683760684,"GO:0048705","GO:BP","skeletal system morphogenesis",21031,13387
"169","query_1",TRUE,0.045441593676746,872,427,37,0.0866510538641686,0.0424311926605505,"GO:0035239","GO:BP","tube morphogenesis",21031,9225
"170","query_1",TRUE,0.0467610268930966,254,96,8,0.0833333333333333,0.031496062992126,"GO:1903522","GO:BP","regulation of blood circulation",21031,23661
"171","query_1",TRUE,1.44213109723868e-36,4213,401,191,0.476309226932668,0.0453358651792072,"GO:0005576","GO:CC","extracellular region",22097,198
"172","query_1",TRUE,3.95665304035106e-32,555,443,69,0.155756207674944,0.124324324324324,"GO:0031012","GO:CC","extracellular matrix",22097,1028
"173","query_1",TRUE,4.44012006639132e-32,556,443,69,0.155756207674944,0.12410071942446,"GO:0030312","GO:CC","external encapsulating structure",22097,927
"174","query_1",TRUE,8.7945360981686e-30,3303,401,156,0.389027431421446,0.0472297910990009,"GO:0005615","GO:CC","extracellular space",22097,232
"175","query_1",TRUE,1.86256527324723e-24,425,438,53,0.121004566210046,0.124705882352941,"GO:0062023","GO:CC","collagen-containing extracellular matrix",22097,2360
"176","query_1",TRUE,8.07786173864392e-18,6228,407,202,0.496314496314496,0.0324341682723186,"GO:0071944","GO:CC","cell periphery",22097,2793
"177","query_1",TRUE,9.11384135544949e-13,313,400,32,0.08,0.10223642172524,"GO:0005788","GO:CC","endoplasmic reticulum lumen",22097,353
"178","query_1",TRUE,1.70586175464357e-11,135,401,21,0.0523690773067332,0.155555555555556,"GO:0000786","GO:CC","nucleosome",22097,93
"179","query_1",TRUE,5.00339391502419e-11,136,45,10,0.222222222222222,0.0735294117647059,"GO:0072562","GO:CC","blood microparticle",22097,2814
"180","query_1",TRUE,5.56478941739185e-08,2133,405,81,0.2,0.0379746835443038,"GO:1903561","GO:CC","extracellular vesicle",22097,3690
"181","query_1",TRUE,5.69255067504817e-08,2134,405,81,0.2,0.0379568884723524,"GO:0065010","GO:CC","extracellular membrane-bounded organelle",22097,2398
"182","query_1",TRUE,5.69255067504817e-08,2134,405,81,0.2,0.0379568884723524,"GO:0043230","GO:CC","extracellular organelle",22097,1882
"183","query_1",TRUE,1.0574688990448e-07,91,438,15,0.0342465753424658,0.164835164835165,"GO:0005581","GO:CC","collagen trimer",22097,201
"184","query_1",TRUE,1.88261713104149e-07,2109,405,79,0.195061728395062,0.0374585111427217,"GO:0070062","GO:CC","extracellular exosome",22097,2418
"185","query_1",TRUE,1.90432238617047e-06,4004,377,114,0.302387267904509,0.0284715284715285,"GO:0031982","GO:CC","vesicle",22097,1228
"186","query_1",TRUE,2.42389470474478e-06,5742,407,158,0.388206388206388,0.0275165447579241,"GO:0005886","GO:CC","plasma membrane",22097,422
"187","query_1",TRUE,9.65072025054139e-06,12,400,6,0.015,0.5,"GO:0005583","GO:CC","fibrillar collagen trimer",22097,203
"188","query_1",TRUE,9.65072025054139e-06,12,400,6,0.015,0.5,"GO:0098643","GO:CC","banded collagen fibril",22097,3227
"189","query_1",TRUE,3.26489503651403e-05,66,15,4,0.266666666666667,0.0606060606060606,"GO:0031093","GO:CC","platelet alpha granule lumen",22097,1048
"190","query_1",TRUE,5.67079792168975e-05,903,92,17,0.184782608695652,0.0188261351052049,"GO:0009986","GO:CC","cell surface",22097,661
"191","query_1",TRUE,5.72099655000423e-05,2055,400,70,0.175,0.0340632603406326,"GO:0005783","GO:CC","endoplasmic reticulum",22097,348
"192","query_1",TRUE,9.27284278469235e-05,6,54,3,0.0555555555555556,0.5,"GO:0061696","GO:CC","pituitary gonadotropin complex",22097,2320
"193","query_1",TRUE,9.71376432612962e-05,320,20,6,0.3,0.01875,"GO:0034774","GO:CC","secretory granule lumen",22097,1567
"194","query_1",TRUE,0.000102607679803437,323,20,6,0.3,0.0185758513931889,"GO:0060205","GO:CC","cytoplasmic vesicle lumen",22097,2286
"195","query_1",TRUE,0.000104486376852602,324,20,6,0.3,0.0185185185185185,"GO:0031983","GO:CC","vesicle lumen",22097,1229
"196","query_1",TRUE,0.000109300816607198,1266,361,46,0.127423822714681,0.0363349131121643,"GO:0098590","GO:CC","plasma membrane region",22097,3217
"197","query_1",TRUE,0.000114648115072753,90,15,4,0.266666666666667,0.0444444444444444,"GO:0031091","GO:CC","platelet alpha granule",22097,1046
"198","query_1",TRUE,0.000119997467218197,8,42,3,0.0714285714285714,0.375,"GO:0005577","GO:CC","fibrinogen complex",22097,199
"199","query_1",TRUE,0.000146379159168169,9,172,4,0.0232558139534884,0.444444444444444,"GO:0005861","GO:CC","troponin complex",22097,402
"200","query_1",TRUE,0.000281943853031293,21,20,3,0.15,0.142857142857143,"GO:0034385","GO:CC","triglyceride-rich plasma lipoprotein particle",22097,1476
"201","query_1",TRUE,0.000281943853031293,21,20,3,0.15,0.142857142857143,"GO:0034361","GO:CC","very-low-density lipoprotein particle",22097,1470
"202","query_1",TRUE,0.000407382040743888,92,414,11,0.0265700483091787,0.119565217391304,"GO:0005604","GO:CC","basement membrane",22097,223
"203","query_1",TRUE,0.000493582980063247,21,400,6,0.015,0.285714285714286,"GO:0098644","GO:CC","complex of collagen trimers",22097,3228
"204","query_1",TRUE,0.000691671858460854,28,20,3,0.15,0.107142857142857,"GO:0034364","GO:CC","high-density lipoprotein particle",22097,1473
"205","query_1",TRUE,0.0013742752364866,113,307,10,0.0325732899022801,0.0884955752212389,"GO:0044853","GO:CC","plasma membrane raft",22097,2122
"206","query_1",TRUE,0.00160966271937788,407,307,19,0.0618892508143322,0.0466830466830467,"GO:0016324","GO:CC","apical plasma membrane",22097,732
"207","query_1",TRUE,0.00161696459495225,13,6,2,0.333333333333333,0.153846153846154,"GO:0042627","GO:CC","chylomicron",22097,1813
"208","query_1",TRUE,0.00168188301869895,2230,412,71,0.172330097087379,0.0318385650224215,"GO:0030054","GO:CC","cell junction",22097,868
"209","query_1",TRUE,0.00177086728357898,38,20,3,0.15,0.0789473684210526,"GO:0034358","GO:CC","plasma lipoprotein particle",22097,1467
"210","query_1",TRUE,0.00177086728357898,38,20,3,0.15,0.0789473684210526,"GO:1990777","GO:CC","lipoprotein particle",22097,4015
"211","query_1",TRUE,0.00223385320130723,41,20,3,0.15,0.0731707317073171,"GO:0032994","GO:CC","protein-lipid complex",22097,1343
"212","query_1",TRUE,0.00391114599793,473,307,20,0.0651465798045603,0.0422832980972516,"GO:0045177","GO:CC","apical part of cell",22097,2136
"213","query_1",TRUE,0.00608710239808289,4777,400,122,0.305,0.0255390412392715,"GO:0012505","GO:CC","endomembrane system",22097,687
"214","query_1",TRUE,0.00733816477992879,8,20,2,0.1,0.25,"GO:0034366","GO:CC","spherical high-density lipoprotein particle",22097,1475
"215","query_1",TRUE,0.00913825414604857,1069,20,7,0.35,0.00654817586529467,"GO:0099503","GO:CC","secretory vesicle",22097,3364
"216","query_1",TRUE,0.00944692864676086,23,172,4,0.0232558139534884,0.173913043478261,"GO:0005865","GO:CC","striated muscle thin filament",22097,405
"217","query_1",TRUE,0.0147793341981312,1468,375,46,0.122666666666667,0.0313351498637602,"GO:0045202","GO:CC","synapse",22097,2140
"218","query_1",TRUE,0.0179459369061505,519,442,25,0.0565610859728507,0.0481695568400771,"GO:0005911","GO:CC","cell-cell junction",22097,439
"219","query_1",TRUE,0.0182737300116573,27,172,4,0.0232558139534884,0.148148148148148,"GO:0036379","GO:CC","myofilament",22097,1701
"220","query_1",TRUE,0.0262112361817222,10,195,3,0.0153846153846154,0.3,"GO:0072534","GO:CC","perineuronal net",22097,2808
"221","query_1",TRUE,0.0312687159144502,289,321,14,0.043613707165109,0.0484429065743945,"GO:0045121","GO:CC","membrane raft",22097,2130
"222","query_1",TRUE,0.0324322763100877,290,321,14,0.043613707165109,0.0482758620689655,"GO:0098857","GO:CC","membrane microdomain",22097,3289
"223","query_1",TRUE,0.035099710253401,896,20,6,0.3,0.00669642857142857,"GO:0030141","GO:CC","secretory granule",22097,916
"224","query_1",TRUE,0.0358062155199148,11,195,3,0.0153846153846154,0.272727272727273,"GO:0098966","GO:CC","perisynaptic extracellular matrix",22097,3314
"225","query_1",TRUE,0.0368511299146141,23,90,3,0.0333333333333333,0.130434782608696,"GO:0016327","GO:CC","apicolateral plasma membrane",22097,733
"226","query_1",TRUE,0.0409268507507661,82,298,7,0.023489932885906,0.0853658536585366,"GO:0005901","GO:CC","caveola",22097,435
"227","query_1",TRUE,0.0474314645662402,12,195,3,0.0153846153846154,0.25,"GO:0099535","GO:CC","synapse-associated extracellular matrix",22097,3370
"228","query_1",TRUE,2.72299359804005e-13,100,401,21,0.0523690773067332,0.21,"GO:0030527","GO:MF","structural constituent of chromatin",20212,3934
"229","query_1",TRUE,1.63200882070463e-12,167,438,26,0.0593607305936073,0.155688622754491,"GO:0005201","GO:MF","extracellular matrix structural constituent",20212,1350
"230","query_1",TRUE,2.12835783750183e-12,1501,310,66,0.212903225806452,0.0439706862091939,"GO:0005102","GO:MF","signaling receptor binding",20212,1277
"231","query_1",TRUE,7.69788110802297e-10,555,379,39,0.102902374670185,0.0702702702702703,"GO:0030545","GO:MF","signaling receptor regulator activity",20212,3937
"232","query_1",TRUE,1.95646966521667e-09,519,379,37,0.0976253298153034,0.0712909441233141,"GO:0030546","GO:MF","signaling receptor activator activity",20212,3938
"233","query_1",TRUE,6.12315091881917e-09,513,379,36,0.0949868073878628,0.0701754385964912,"GO:0048018","GO:MF","receptor ligand activity",20212,7244
"234","query_1",TRUE,7.39613335342527e-08,45,438,12,0.0273972602739726,0.266666666666667,"GO:0030020","GO:MF","extracellular matrix structural constituent conferring tensile strength",20212,3825
"235","query_1",TRUE,1.02210031984298e-06,1100,412,54,0.131067961165049,0.0490909090909091,"GO:0005198","GO:MF","structural molecule activity",20212,1347
"236","query_1",TRUE,1.63637530128659e-06,130,148,11,0.0743243243243243,0.0846153846153846,"GO:0005179","GO:MF","hormone activity",20212,1342
"237","query_1",TRUE,2.69397837332655e-06,4,172,4,0.0232558139534884,1,"GO:0031014","GO:MF","troponin T binding",20212,4086
"238","query_1",TRUE,4.01587582643771e-06,247,211,16,0.0758293838862559,0.0647773279352227,"GO:0005539","GO:MF","glycosaminoglycan binding",20212,1507
"239","query_1",TRUE,1.30789461337518e-05,11,400,6,0.015,0.545454545454545,"GO:0048407","GO:MF","platelet-derived growth factor binding",20212,7271
"240","query_1",TRUE,1.84679487299187e-05,1124,156,28,0.17948717948718,0.0249110320284698,"GO:0140677","GO:MF","molecular function activator activity",20212,10572
"241","query_1",TRUE,0.000237844211758257,134,400,14,0.035,0.104477611940299,"GO:0019838","GO:MF","growth factor binding",20212,3710
"242","query_1",TRUE,0.000260802802470323,363,442,25,0.0565610859728507,0.068870523415978,"GO:0046982","GO:MF","protein heterodimerization activity",20212,6271
"243","query_1",TRUE,0.000359063649605684,2063,149,36,0.241610738255034,0.0174503150751333,"GO:0098772","GO:MF","molecular function regulator activity",20212,9183
"244","query_1",TRUE,0.000529676804429375,195,336,15,0.0446428571428571,0.0769230769230769,"GO:0031406","GO:MF","carboxylic acid binding",20212,4116
"245","query_1",TRUE,0.000599417809365398,1113,442,50,0.113122171945701,0.0449236298292902,"GO:0046983","GO:MF","protein dimerization activity",20212,6272
"246","query_1",TRUE,0.0011204864616745,207,336,15,0.0446428571428571,0.072463768115942,"GO:0043177","GO:MF","organic acid binding",20212,5726
"247","query_1",TRUE,0.00148351507823783,3,20,2,0.1,0.666666666666667,"GO:0070653","GO:MF","high-density lipoprotein particle receptor binding",20212,8695
"248","query_1",TRUE,0.00434730876725896,238,368,16,0.0434782608695652,0.0672268907563025,"GO:0005125","GO:MF","cytokine activity",20212,1293
"249","query_1",TRUE,0.00531325005824663,48,210,6,0.0285714285714286,0.125,"GO:0005504","GO:MF","fatty acid binding",20212,1488
"250","query_1",TRUE,0.00541744965840539,176,396,14,0.0353535353535354,0.0795454545454545,"GO:0008201","GO:MF","heparin binding",20212,1610
"251","query_1",TRUE,0.00566178378486338,37,427,7,0.0163934426229508,0.189189189189189,"GO:0005109","GO:MF","frizzled binding",20212,1280
"252","query_1",TRUE,0.00573514617188598,292,378,18,0.0476190476190476,0.0616438356164384,"GO:0001664","GO:MF","G protein-coupled receptor binding",20212,232
"253","query_1",TRUE,0.00614831085456557,11,85,3,0.0352941176470588,0.272727272727273,"GO:0008035","GO:MF","high-density lipoprotein particle binding",20212,1529
"254","query_1",TRUE,0.00740437131599777,6,20,2,0.1,0.333333333333333,"GO:0060228","GO:MF","phosphatidylcholine-sterol O-acyltransferase activator activity",20212,8385
"255","query_1",TRUE,0.00994033140480017,16,210,4,0.019047619047619,0.25,"GO:0019841","GO:MF","retinol binding",20212,3712
"256","query_1",TRUE,0.0103599657141338,7,20,2,0.1,0.285714285714286,"GO:0034190","GO:MF","apolipoprotein receptor binding",20212,4932
"257","query_1",TRUE,0.0105136999035413,80,210,7,0.0333333333333333,0.0875,"GO:0033293","GO:MF","monocarboxylic acid binding",20212,4529
"258","query_1",TRUE,0.0107750032288396,1296,7,5,0.714285714285714,0.00385802469135802,"GO:0030234","GO:MF","enzyme regulator activity",20212,3856
"259","query_1",TRUE,0.0206579379941391,19,210,4,0.019047619047619,0.210526315789474,"GO:0016918","GO:MF","retinal binding",20212,3080
"260","query_1",TRUE,0.0271211069332121,497,28,6,0.214285714285714,0.0120724346076459,"GO:0140678","GO:MF","molecular function inhibitor activity",20212,10573
"261","query_1",TRUE,0.0299093462345103,11,21,2,0.0952380952380952,0.181818181818182,"GO:0019855","GO:MF","calcium channel inhibitor activity",20212,3715
"262","query_1",TRUE,0.031925336603943,69,291,7,0.0240549828178694,0.101449275362319,"GO:0005518","GO:MF","collagen binding",20212,1494
"263","query_1",TRUE,0.0368438573137183,390,5,3,0.6,0.00769230769230769,"GO:0004857","GO:MF","enzyme inhibitor activity",20212,1127
"264","query_1",TRUE,0.0403061214744548,2162,437,73,0.167048054919908,0.0337650323774283,"GO:0042802","GO:MF","identical protein binding",20212,5644
"265","query_1",TRUE,0.0429207190104717,168,28,4,0.142857142857143,0.0238095238095238,"GO:0004866","GO:MF","endopeptidase inhibitor activity",20212,1135
"266","query_1",TRUE,0.0491690637551759,174,28,4,0.142857142857143,0.0229885057471264,"GO:0030414","GO:MF","peptidase inhibitor activity",20212,3925
"267","query_1",TRUE,0.00113100987042383,3,42,3,0.0714285714285714,1,"HP:0034287","HP","Afibrinogenemia",4958,14270
"268","query_1",TRUE,0.0111769784802927,5,42,3,0.0714285714285714,0.6,"HP:0012223","HP","Splenic rupture",4958,8615
"269","query_1",TRUE,0.0111769784802927,5,42,3,0.0714285714285714,0.6,"HP:0400008","HP","Menometrorrhagia",4958,16569
"270","query_1",TRUE,0.0222220607363559,6,42,3,0.0714285714285714,0.5,"HP:0100310","HP","Epidural hemorrhage",4958,15850
"271","query_1",TRUE,0.0451544980152967,9,381,4,0.010498687664042,0.444444444444444,"HPA:0070000","HPA","cartilage",11019,86
"272","query_1",TRUE,0.0451544980152967,9,381,4,0.010498687664042,0.444444444444444,"HPA:0070111","HPA","cartilage; chondrocytes[≥Low]",11019,87
"273","query_1",TRUE,0.0451544980152967,9,381,4,0.010498687664042,0.444444444444444,"HPA:0070112","HPA","cartilage; chondrocytes[≥Medium]",11019,88
"274","query_1",TRUE,0.0467466331410942,4,381,3,0.0078740157480315,0.75,"HPA:0200271","HPA","eye; hyaloid membrane[≥Low]",11019,332
"275","query_1",TRUE,0.0467466331410942,4,381,3,0.0078740157480315,0.75,"HPA:0200272","HPA","eye; hyaloid membrane[≥Medium]",11019,333
"276","query_1",TRUE,0.00134646685183964,132,401,19,0.0473815461346633,0.143939393939394,"KEGG:05322","KEGG","Systemic lupus erythematosus",8484,484
"277","query_1",TRUE,0.00216019725098092,103,442,17,0.0384615384615385,0.16504854368932,"KEGG:04974","KEGG","Protein digestion and absorption",8484,405
"278","query_1",TRUE,0.00775011936906949,188,401,22,0.0548628428927681,0.117021276595745,"KEGG:04613","KEGG","Neutrophil extracellular trap formation",8484,323
"279","query_1",TRUE,0.0202729558969106,187,401,21,0.0523690773067332,0.112299465240642,"KEGG:05034","KEGG","Alcoholism",8484,422
"280","query_1",TRUE,0.0229965710561725,51,20,3,0.15,0.0588235294117647,"KEGG:04979","KEGG","Cholesterol metabolism",8484,410
"281","query_1",TRUE,0.0265485363817518,89,400,13,0.0325,0.146067415730337,"KEGG:04512","KEGG","ECM-receptor interaction",8484,314
"282","query_1",TRUE,0.00836835493037545,89,436,12,0.0275229357798165,0.134831460674157,"MIRNA:hsa-miR-6822-3p","MIRNA","hsa-miR-6822-3p",14819,2267
"283","query_1",TRUE,7.02419036503868e-09,64,413,18,0.0435835351089588,0.28125,"REAC:R-HSA-5334118","REAC","DNA methylation",10842,433
"284","query_1",TRUE,1.00787055672389e-08,67,401,18,0.0448877805486284,0.26865671641791,"REAC:R-HSA-5625886","REAC","Activated PKN1 stimulates transcription of AR (androgen receptor) regulated genes KLK2 and KLK3",10842,65
"285","query_1",TRUE,2.57495205647335e-08,62,401,17,0.0423940149625935,0.274193548387097,"REAC:R-HSA-73728","REAC","RNA Polymerase I Promoter Opening",10842,1832
"286","query_1",TRUE,6.09980037144517e-08,72,413,18,0.0435835351089588,0.25,"REAC:R-HSA-212300","REAC","PRC2 methylates histones and DNA",10842,1651
"287","query_1",TRUE,6.09980037144517e-08,72,413,18,0.0435835351089588,0.25,"REAC:R-HSA-9710421","REAC","Defective pyroptosis",10842,688
"288","query_1",TRUE,6.98061844654974e-08,84,400,19,0.0475,0.226190476190476,"REAC:R-HSA-216083","REAC","Integrin cell surface interactions",10842,1182
"289","query_1",TRUE,9.90071919270637e-08,67,401,17,0.0423940149625935,0.253731343283582,"REAC:R-HSA-427359","REAC","SIRT1 negatively regulates rRNA expression",10842,2075
"290","query_1",TRUE,1.06286826170653e-07,107,42,9,0.214285714285714,0.0841121495327103,"REAC:R-HSA-8957275","REAC","Post-translational protein phosphorylation",10842,1727
"291","query_1",TRUE,1.27593608068284e-07,68,401,17,0.0423940149625935,0.25,"REAC:R-HSA-68616","REAC","Assembly of the ORC complex at the origin of replication",10842,173
"292","query_1",TRUE,2.27429919375998e-07,110,401,21,0.0523690773067332,0.190909090909091,"REAC:R-HSA-977225","REAC","Amyloid fiber formation",10842,140
"293","query_1",TRUE,3.35916526598648e-07,72,401,17,0.0423940149625935,0.236111111111111,"REAC:R-HSA-2299718","REAC","Condensation of Prophase Chromosomes",10842,380
"294","query_1",TRUE,4.01338172895861e-07,124,42,9,0.214285714285714,0.0725806451612903,"REAC:R-HSA-381426","REAC","Regulation of Insulin-like Growth Factor (IGF) transport and uptake by Insulin-like Growth Factor Binding Proteins (IGFBPs)",10842,1930
"295","query_1",TRUE,5.65090915932863e-07,94,401,19,0.0473815461346633,0.202127659574468,"REAC:R-HSA-3214815","REAC","HDACs deacetylate histones",10842,1059
"296","query_1",TRUE,5.65090915932863e-07,94,401,19,0.0473815461346633,0.202127659574468,"REAC:R-HSA-5625740","REAC","RHO GTPases activate PKNs",10842,1806
"297","query_1",TRUE,6.63801694151684e-07,75,401,17,0.0423940149625935,0.226666666666667,"REAC:R-HSA-427389","REAC","ERCC6 (CSB) and EHMT2 (G9a) positively regulate rRNA expression",10842,800
"298","query_1",TRUE,1.27307511740389e-06,88,401,18,0.0448877805486284,0.204545454545455,"REAC:R-HSA-9616222","REAC","Transcriptional regulation of granulopoiesis",10842,2482
"299","query_1",TRUE,6.12558505336445e-06,86,401,17,0.0423940149625935,0.197674418604651,"REAC:R-HSA-912446","REAC","Meiotic recombination",10842,1366
"300","query_1",TRUE,1.0533269138516e-05,89,401,17,0.0423940149625935,0.191011235955056,"REAC:R-HSA-5250924","REAC","B-WICH complex positively regulates rRNA expression",10842,193
"301","query_1",TRUE,1.25522601259761e-05,90,401,17,0.0423940149625935,0.188888888888889,"REAC:R-HSA-201722","REAC","Formation of the beta-catenin:TCF transactivating complex",10842,937
"302","query_1",TRUE,1.25522601259761e-05,90,401,17,0.0423940149625935,0.188888888888889,"REAC:R-HSA-73772","REAC","RNA Polymerase I Promoter Escape",10842,1831
"303","query_1",TRUE,1.38483870356685e-05,113,401,19,0.0473815461346633,0.168141592920354,"REAC:R-HSA-9610379","REAC","HCMV Late Events",10842,1057
"304","query_1",TRUE,1.70334000658837e-05,135,412,21,0.0509708737864078,0.155555555555556,"REAC:R-HSA-9609690","REAC","HCMV Early Events",10842,1055
"305","query_1",TRUE,1.76904462268903e-05,92,401,17,0.0423940149625935,0.184782608695652,"REAC:R-HSA-1912408","REAC","Pre-NOTCH Transcription and Translation",10842,1736
"306","query_1",TRUE,2.72121839888046e-05,103,413,18,0.0435835351089588,0.174757281553398,"REAC:R-HSA-9645723","REAC","Diseases of programmed cell death",10842,744
"307","query_1",TRUE,2.90670783139018e-05,95,401,17,0.0423940149625935,0.178947368421053,"REAC:R-HSA-8936459","REAC","RUNX1 regulates genes involved in megakaryocyte differentiation and platelet function",10842,1868
"308","query_1",TRUE,3.50010614735506e-05,125,20,6,0.3,0.048,"REAC:R-HSA-114608","REAC","Platelet degranulation ",10842,1714
"309","query_1",TRUE,3.66218163062531e-05,75,400,15,0.0375,0.2,"REAC:R-HSA-3000178","REAC","ECM proteoglycans",10842,785
"310","query_1",TRUE,3.70241704119033e-05,105,413,18,0.0435835351089588,0.171428571428571,"REAC:R-HSA-427413","REAC","NoRC negatively regulates rRNA expression",10842,1554
"311","query_1",TRUE,4.42509342055953e-05,130,20,6,0.3,0.0461538461538462,"REAC:R-HSA-76005","REAC","Response to elevated platelet cytosolic Ca2+",10842,2023
"312","query_1",TRUE,5.23557341149456e-05,44,438,12,0.0273972602739726,0.272727272727273,"REAC:R-HSA-8948216","REAC","Collagen chain trimerization",10842,372
"313","query_1",TRUE,5.79115077539767e-05,108,413,18,0.0435835351089588,0.166666666666667,"REAC:R-HSA-5250941","REAC","Negative epigenetic regulation of rRNA expression",10842,1518
"314","query_1",TRUE,7.88365491379633e-05,297,400,31,0.0775,0.104377104377104,"REAC:R-HSA-1474244","REAC","Extracellular matrix organization",10842,858
"315","query_1",TRUE,8.57356600052566e-05,102,401,17,0.0423940149625935,0.166666666666667,"REAC:R-HSA-5578749","REAC","Transcriptional regulation by small RNAs",10842,2480
"316","query_1",TRUE,0.000101992568444223,60,400,13,0.0325,0.216666666666667,"REAC:R-HSA-2022090","REAC","Assembly of collagen fibrils and other multimeric structures",10842,172
"317","query_1",TRUE,0.000114687396097979,104,401,17,0.0423940149625935,0.163461538461538,"REAC:R-HSA-5250913","REAC","Positive epigenetic regulation of rRNA expression",10842,1721
"318","query_1",TRUE,0.000200759286704041,108,401,17,0.0423940149625935,0.157407407407407,"REAC:R-HSA-1912422","REAC","Pre-NOTCH Expression and Processing",10842,1733
"319","query_1",TRUE,0.000220969064492305,17,42,4,0.0952380952380952,0.235294117647059,"REAC:R-HSA-5602498","REAC","MyD88 deficiency (TLR2/4)",10842,1450
"320","query_1",TRUE,0.000229916505862873,109,401,17,0.0423940149625935,0.155963302752294,"REAC:R-HSA-73854","REAC","RNA Polymerase I Promoter Clearance",10842,1830
"321","query_1",TRUE,0.000262867377566111,110,401,17,0.0423940149625935,0.154545454545455,"REAC:R-HSA-73864","REAC","RNA Polymerase I Transcription",10842,1833
"322","query_1",TRUE,0.000283306613873024,18,42,4,0.0952380952380952,0.222222222222222,"REAC:R-HSA-5603041","REAC","IRAK4 deficiency (TLR2/4)",10842,1124
"323","query_1",TRUE,0.000295523156783057,159,412,21,0.0509708737864078,0.132075471698113,"REAC:R-HSA-9609646","REAC","HCMV Infection",10842,1056
"324","query_1",TRUE,0.000300047215793366,111,401,17,0.0423940149625935,0.153153153153153,"REAC:R-HSA-2559582","REAC","Senescence-Associated Secretory Phenotype (SASP)",10842,2126
"325","query_1",TRUE,0.000327979592260595,78,393,14,0.0356234096692112,0.17948717948718,"REAC:R-HSA-3214858","REAC","RMTs methylate histone arginines",10842,1827
"326","query_1",TRUE,0.000500136216951934,141,401,19,0.0473815461346633,0.134751773049645,"REAC:R-HSA-3214847","REAC","HATs acetylate histones",10842,1054
"327","query_1",TRUE,0.000549467549262579,21,42,4,0.0952380952380952,0.19047619047619,"REAC:R-HSA-5686938","REAC","Regulation of TLR by endogenous ligand",10842,1948
"328","query_1",TRUE,0.000567835865297103,116,401,17,0.0423940149625935,0.146551724137931,"REAC:R-HSA-1500620","REAC","Meiosis",10842,1365
"329","query_1",TRUE,0.000575171272530043,129,401,18,0.0448877805486284,0.13953488372093,"REAC:R-HSA-8939236","REAC","RUNX1 regulates transcription of genes involved in differentiation of HSCs",10842,1871
"330","query_1",TRUE,0.000921131883765276,120,401,17,0.0423940149625935,0.141666666666667,"REAC:R-HSA-5619507","REAC","Activation of HOX genes during differentiation",10842,81
"331","query_1",TRUE,0.000921131883765276,120,401,17,0.0423940149625935,0.141666666666667,"REAC:R-HSA-5617472","REAC","Activation of anterior HOX genes in hindbrain development during early embryogenesis",10842,96
"332","query_1",TRUE,0.000950289440470997,147,401,19,0.0473815461346633,0.129251700680272,"REAC:R-HSA-9018519","REAC","Estrogen-dependent gene expression",10842,836
"333","query_1",TRUE,0.0010942132841346,67,438,13,0.0296803652968037,0.194029850746269,"REAC:R-HSA-1650814","REAC","Collagen biosynthesis and modifying enzymes",10842,371
"334","query_1",TRUE,0.00116354080158358,122,401,17,0.0423940149625935,0.139344262295082,"REAC:R-HSA-2559580","REAC","Oxidative Stress Induced Senescence",10842,1604
"335","query_1",TRUE,0.00154155871360385,64,400,12,0.03,0.1875,"REAC:R-HSA-1442490","REAC","Collagen degradation",10842,373
"336","query_1",TRUE,0.00234570295747704,142,401,18,0.0448877805486284,0.126760563380282,"REAC:R-HSA-68867","REAC","Assembly of the pre-replicative complex",10842,176
"337","query_1",TRUE,0.00234570295747704,142,401,18,0.0448877805486284,0.126760563380282,"REAC:R-HSA-1474165","REAC","Reproduction",10842,1997
"338","query_1",TRUE,0.00248383675806038,258,20,6,0.3,0.0232558139534884,"REAC:R-HSA-76002","REAC","Platelet activation, signaling and aggregation",10842,1712
"339","query_1",TRUE,0.00280877970732018,31,42,4,0.0952380952380952,0.129032258064516,"REAC:R-HSA-5602358","REAC","Diseases associated with the TLR signaling cascade",10842,727
"340","query_1",TRUE,0.00280877970732018,31,42,4,0.0952380952380952,0.129032258064516,"REAC:R-HSA-5260271","REAC","Diseases of Immune System",10842,733
"341","query_1",TRUE,0.00425850061943747,134,401,17,0.0423940149625935,0.126865671641791,"REAC:R-HSA-68875","REAC","Mitotic Prophase",10842,1438
"342","query_1",TRUE,0.00425850061943747,134,401,17,0.0423940149625935,0.126865671641791,"REAC:R-HSA-211000","REAC","Gene Silencing by RNA",10842,1009
"343","query_1",TRUE,0.00583911683007383,51,393,10,0.0254452926208651,0.196078431372549,"REAC:R-HSA-3214842","REAC","HDMs demethylate histones",10842,1063
"344","query_1",TRUE,0.0059010800662717,89,438,14,0.0319634703196347,0.157303370786517,"REAC:R-HSA-1474290","REAC","Collagen formation",10842,374
"345","query_1",TRUE,0.00696070571352364,51,401,10,0.0249376558603491,0.196078431372549,"REAC:R-HSA-171306","REAC","Packaging Of Telomere Ends",10842,1662
"346","query_1",TRUE,0.00736730882495831,42,392,9,0.0229591836734694,0.214285714285714,"REAC:R-HSA-419037","REAC","NCAM1 interactions",10842,1464
"347","query_1",TRUE,0.00742826931484497,140,400,17,0.0425,0.121428571428571,"REAC:R-HSA-1474228","REAC","Degradation of the extracellular matrix",10842,703
"348","query_1",TRUE,0.00945655208169171,14,42,3,0.0714285714285714,0.214285714285714,"REAC:R-HSA-354194","REAC","GRB2:SOS provides linkage to MAPK signaling for Integrins ",10842,992
"349","query_1",TRUE,0.0114289864302104,159,401,18,0.0448877805486284,0.113207547169811,"REAC:R-HSA-69002","REAC","DNA Replication Pre-Initiation",10842,432
"350","query_1",TRUE,0.0117888286328822,15,42,3,0.0714285714285714,0.2,"REAC:R-HSA-372708","REAC","p130Cas linkage to MAPK signaling for integrins",10842,2637
"351","query_1",TRUE,0.0118062522073999,54,401,10,0.0249376558603491,0.185185185185185,"REAC:R-HSA-110331","REAC","Cleavage of the damaged purine",10842,365
"352","query_1",TRUE,0.0118062522073999,54,401,10,0.0249376558603491,0.185185185185185,"REAC:R-HSA-73927","REAC","Depurination",10842,708
"353","query_1",TRUE,0.0118062522073999,54,401,10,0.0249376558603491,0.185185185185185,"REAC:R-HSA-110330","REAC","Recognition and association of DNA glycosylase with site containing an affected purine",10842,1895
"354","query_1",TRUE,0.0123233151813378,12,54,3,0.0555555555555556,0.25,"REAC:R-HSA-209822","REAC","Glycoprotein hormones",10842,1043
"355","query_1",TRUE,0.0127395960294454,32,20,3,0.15,0.09375,"REAC:R-HSA-8963899","REAC","Plasma lipoprotein remodeling",10842,1708
"356","query_1",TRUE,0.01494230697057,79,401,12,0.029925187032419,0.151898734177215,"REAC:R-HSA-2559586","REAC","DNA Damage/Telomere Stress Induced Senescence",10842,427
"357","query_1",TRUE,0.0202460558860743,14,54,3,0.0555555555555556,0.214285714285714,"REAC:R-HSA-209952","REAC","Peptide hormone biosynthesis",10842,1674
"358","query_1",TRUE,0.0207563734110094,11,10,2,0.2,0.181818181818182,"REAC:R-HSA-5661231","REAC","Metallothioneins bind metals",10842,1400
"359","query_1",TRUE,0.0216758303903528,19,400,6,0.015,0.31578947368421,"REAC:R-HSA-3000480","REAC","Scavenging by Class A Receptors",10842,2112
"360","query_1",TRUE,0.0252184221786937,15,54,3,0.0555555555555556,0.2,"REAC:R-HSA-8866910","REAC","TFAP2 (AP-2) family regulates transcription of growth factors and their receptors",10842,2354
"361","query_1",TRUE,0.0262816174683706,59,401,10,0.0249376558603491,0.169491525423729,"REAC:R-HSA-110329","REAC","Cleavage of the damaged pyrimidine ",10842,366
"362","query_1",TRUE,0.0262816174683706,59,401,10,0.0249376558603491,0.169491525423729,"REAC:R-HSA-110328","REAC","Recognition and association of DNA glycosylase with site containing an affected pyrimidine",10842,1896
"363","query_1",TRUE,0.0262816174683706,59,401,10,0.0249376558603491,0.169491525423729,"REAC:R-HSA-73928","REAC","Depyrimidination",10842,709
"364","query_1",TRUE,0.0305150101040047,60,401,10,0.0249376558603491,0.166666666666667,"REAC:R-HSA-73929","REAC","Base-Excision Repair, AP Site Formation",10842,200
"365","query_1",TRUE,0.0342916945456569,14,10,2,0.2,0.142857142857143,"REAC:R-HSA-5660526","REAC","Response to metal ions",10842,2024
"366","query_1",TRUE,0.0361654298231783,36,437,8,0.0183066361556064,0.222222222222222,"REAC:R-HSA-1266695","REAC","Interleukin-7 signaling",10842,1221
"367","query_1",TRUE,0.0391541967120017,22,42,3,0.0714285714285714,0.136363636363636,"REAC:R-HSA-140875","REAC","Common Pathway of Fibrin Clot Formation",10842,375
"368","query_1",TRUE,0.0392611654091987,327,401,27,0.0673316708229426,0.0825688073394495,"REAC:R-HSA-195721","REAC","Signaling by WNT",10842,2243
"369","query_1",TRUE,0.045195875983286,194,331,17,0.0513595166163142,0.0876288659793814,"REAC:R-HSA-2559583","REAC","Cellular Senescence",10842,324
"370","query_1",TRUE,0.0499215788010546,72,424,11,0.0259433962264151,0.152777777777778,"REAC:R-HSA-774815","REAC","Nucleosome assembly",10842,1573
"371","query_1",TRUE,0.0499215788010546,72,424,11,0.0259433962264151,0.152777777777778,"REAC:R-HSA-606279","REAC","Deposition of new CENPA-containing nucleosomes at the centromere",10842,707
"372","query_1",TRUE,9.35248901252378e-06,2843,443,109,0.246049661399549,0.0383397819205065,"TF:M01100_1","TF","Factor: LRF; motif: GGGGKYNNB; match class: 1",20045,4867
"373","query_1",TRUE,5.8968800267496e-05,2764,442,104,0.235294117647059,0.0376266280752533,"TF:M10107_1","TF","Factor: DB1; motif: GGRRRRGRRGGAGGGGGNGRRR; match class: 1",20045,1221
"374","query_1",TRUE,0.000112909532799397,1861,232,49,0.211206896551724,0.0263299301450833,"TF:M09737_1","TF","Factor: ZNF644; motif: TCCWGCCTCTSN; match class: 1",20045,11061
"375","query_1",TRUE,0.000140326743322477,6014,443,186,0.419864559819413,0.0309278350515464,"TF:M10107","TF","Factor: DB1; motif: GGRRRRGRRGGAGGGGGNGRRR",20045,1220
"376","query_1",TRUE,0.000216820828337187,4711,356,128,0.359550561797753,0.027170452133305,"TF:M00444_1","TF","Factor: VDR; motif: GGGKNARNRRGGWSA; match class: 1",20045,9069
"377","query_1",TRUE,0.00135398418560085,8039,443,229,0.516930022573363,0.028486130115686,"TF:M13128_1","TF","Factor: MED8; motif: CYYNSCYYCCTSCNCC; match class: 1",20045,5085
"378","query_1",TRUE,0.00174395940989508,5755,443,175,0.395033860045147,0.0304083405734144,"TF:M09984_1","TF","Factor: MAZ; motif: GGGGGAGGGGGNGRGRRRGNRG; match class: 1",20045,5063
"379","query_1",TRUE,0.00199832479953516,714,290,29,0.1,0.0406162464985994,"TF:M10139","TF","Factor: ZNF320; motif: GKGGGNCCMGGGGGCCWRTG",20045,10128
"380","query_1",TRUE,0.0025627358800831,7378,226,119,0.526548672566372,0.0161290322580645,"TF:M09737","TF","Factor: ZNF644; motif: TCCWGCCTCTSN",20045,11060
"381","query_1",TRUE,0.0084530775814795,4748,442,147,0.332579185520362,0.0309604043807919,"TF:M09729_1","TF","Factor: LUMAN; motif: CYCAGCYYCY; match class: 1",20045,4897
"382","query_1",TRUE,0.0104781595329379,1559,327,50,0.152905198776758,0.032071840923669,"TF:M04903_1","TF","Factor: HNF-4alpha; motif: AGTCCAAR; match class: 1",20045,3647
"383","query_1",TRUE,0.0126545178331861,4064,425,125,0.294117647058824,0.030757874015748,"TF:M10112_1","TF","Factor: Miz-1; motif: NNRGGWGGGGGAGGGGMRR; match class: 1",20045,5275
"384","query_1",TRUE,0.0140216125011452,13344,260,206,0.792307692307692,0.0154376498800959,"TF:M04595","TF","Factor: SALL2; motif: GGGTGGG",20045,7532
"385","query_1",TRUE,0.015292530787796,3591,443,117,0.26410835214447,0.0325814536340852,"TF:M12732_1","TF","Factor: ZNF532; motif: NGGRGCTGGG; match class: 1",20045,10701
"386","query_1",TRUE,0.0162086948823682,2679,326,73,0.223926380368098,0.0272489734975737,"TF:M00033_1","TF","Factor: p300; motif: NNNGGGAGTNNNNS; match class: 1",20045,6361
"387","query_1",TRUE,0.0165953346385029,11356,376,255,0.678191489361702,0.0224550898203593,"TF:M13132","TF","Factor: ZNF609; motif: GNSNGGGNGCTGN",20045,10978
"388","query_1",TRUE,0.0192481297436183,7076,435,198,0.455172413793103,0.0279819106840023,"TF:M12464","TF","Factor: ZNF148; motif: NNCCCCTCCCCC",20045,9666
"389","query_1",TRUE,0.0193036645469957,1113,62,14,0.225806451612903,0.0125786163522013,"TF:M10012","TF","Factor: Rev-ErbAalpha; motif: NRNNMASTGGGTCANNNNN",20045,7272
"390","query_1",TRUE,0.0257419366979674,2645,58,21,0.362068965517241,0.00793950850661626,"TF:M12579","TF","Factor: AHDC1; motif: WRWGYAAACA",20045,10
"391","query_1",TRUE,0.0302881231821758,4060,263,83,0.315589353612167,0.0204433497536946,"TF:M10008_1","TF","Factor: CSX; motif: NKRAGWGS; match class: 1",20045,5897
"392","query_1",TRUE,0.0383014540607243,8542,428,226,0.52803738317757,0.0264575040974011,"TF:M00947","TF","Factor: CP2/LBP-1c/LSF; motif: GCTGGNTNGNNCYNG",20045,954
"393","query_1",TRUE,0.0386949643963686,5945,434,170,0.391705069124424,0.0285954583683768,"TF:M09610","TF","Factor: ER-beta; motif: NRGGTCANKSTGACCTNN",20045,2146
"394","query_1",TRUE,0.0447283595440014,3940,170,57,0.335294117647059,0.0144670050761421,"TF:M12723","TF","Factor: BRCA2; motif: TGMCYCWGN",20045,604
"395","query_1",TRUE,0.0447655144744081,4877,443,147,0.331828442437923,0.0301414804182899,"TF:M09738_1","TF","Factor: ZNF511; motif: GGRRGRGGCWGNG; match class: 1",20045,10639
"396","query_1",TRUE,0.0486865321936184,458,36,7,0.194444444444444,0.0152838427947598,"TF:M07230_1","TF","Factor: TAL1::GATA1; motif: NTTATCWNNNNNNNNCAG; match class: 1",20045,8297
"397","query_1",TRUE,0.000803778148665631,7,42,3,0.0714285714285714,0.428571428571429,"WP:WP4927","WP","COVID 19 thrombosis and anticoagulation",8286,576
"398","query_1",TRUE,0.00131748331032828,94,42,6,0.142857142857143,0.0638297872340425,"WP:WP2806","WP","Complement system",8286,150
"399","query_1",TRUE,0.00165053923787522,217,20,6,0.3,0.0276497695852535,"WP:WP5115","WP","Network map of SARS CoV 2 signaling pathway",8286,649
"400","query_1",TRUE,0.00371099238307264,69,20,4,0.2,0.0579710144927536,"WP:WP176","WP","Folate metabolism",8286,45
"401","query_1",TRUE,0.00887850000042731,86,20,4,0.2,0.0465116279069767,"WP:WP15","WP","Selenium micronutrient network",8286,24
"402","query_1",TRUE,0.0335412712688173,22,42,3,0.0714285714285714,0.136363636363636,"WP:WP272","WP","Blood clotting cascade",8286,147
"403","query_1",TRUE,0.0473500471713062,10,20,2,0.1,0.2,"WP:WP3601","WP","Lipid particles composition",8286,229
