"","ensembl","tissue","rank","nCPM_1","nCPM_2","nCPM_ratio"
"1","ENSG00000187634.11","female_placenta_early",1,3.64290892604234,0.766673249146548,4.75157954199861
"7","ENSG00000186891.13","female_placenta_early",1,2.26969312432072,0.140929722987913,16.1051414577419
"60","ENSG00000162490.6","female_placenta_early",1,4.57350867339553,0.229037329930598,19.9683984911166
"64","ENSG00000120949.14","female_placenta_early",1,9.95408249923263,1.02512311805429,9.71013366484773
"77","ENSG00000142623.10","female_placenta_early",1,4.22352285968501,1.13617864666786,3.71730526011168
"79","ENSG00000179023.8","female_placenta_early",1,2.04318836228659,0.0255573813332755,79.9451374005354
"84","ENSG00000162543.5","female_placenta_early",1,8.13814736287486,2.46274852390514,3.30449791518719
"89","ENSG00000162551.13","female_placenta_early",1,45.7441875009718,1.82912780263963,25.0087432026116
"93","ENSG00000162552.14","female_placenta_early",1,13.8593428176624,3.53432266895008,3.92135753178968
"115","ENSG00000020633.18","female_placenta_early",1,4.24673482789933,0.564718202327663,7.52009552799092
"130","ENSG00000176083.17","female_placenta_early",1,1.4257232032394,0.0296970054609489,48.0089888226004
"135","ENSG00000175793.11","female_placenta_early",1,7.62264145787901,1.77677034791346,4.29016696886607
"141","ENSG00000000938.12","female_placenta_early",1,11.6469725887553,2.78081549630533,4.18832986375033
"146","ENSG00000130768.14","female_placenta_early",1,12.8732307017148,1.76975233171311,7.2740295187257
"161","ENSG00000162512.15","female_placenta_early",1,125.889014355322,40.0251381848223,3.14524871279669
"162","ENSG00000084628.9","female_placenta_early",1,2.56614432072781,0.523958327453661,4.89761148219323
"204","ENSG00000185090.14","female_placenta_early",1,4.7181533796996,1.19804850597335,3.93819895953741
"215","ENSG00000183682.7","female_placenta_early",1,1.70517149985309,0.119819002487809,14.2312276387594
"263","ENSG00000117472.9","female_placenta_early",1,78.1225792325551,0.329005875091114,237.450407871653
"269","ENSG00000142973.13","female_placenta_early",1,15.499483391675,1.45856304404748,10.6265433331317
"270","ENSG00000162366.7","female_placenta_early",1,24.4796936954204,0.422663545988097,57.9176840013304
"276","ENSG00000085831.15","female_placenta_early",1,21.3353219248707,1.21804113306188,17.5160931316322
"298","ENSG00000006555.10","female_placenta_early",1,3.08643113261441,0.387001090831006,7.97525176476099
"299","ENSG00000143001.4","female_placenta_early",1,1.14627868325972,0.125879114571604,9.10618641671237
"301","ENSG00000187889.12","female_placenta_early",1,4.2025246520845,0.383846314019493,10.9484564488252
"302","ENSG00000021852.12","female_placenta_early",1,2.85337807810818,0.0540781737979415,52.7639503650694
"319","ENSG00000118473.21","female_placenta_early",1,2.37788690793206,0.758226980776709,3.13611486826308
"323","ENSG00000116717.12","female_placenta_early",1,43.4636427852276,6.06844373988667,7.16223873009644
"328","ENSG00000116761.11","female_placenta_early",1,3.07834665860314,0.685689139580354,4.48942017732278
"336","ENSG00000117069.14","female_placenta_early",1,11.1003275631358,0.28762893149174,38.5925278989349
"338","ENSG00000154027.18","female_placenta_early",1,1.61017957623894,0.481363572991082,3.34503827581646
"364","ENSG00000162676.11","female_placenta_early",1,1.47759314994192,0.308358057262816,4.79180976510873
"371","ENSG00000198691.12","female_placenta_early",1,36.9308017468134,3.46142600935899,10.6692448854778
"379","ENSG00000117600.12","female_placenta_early",1,9.0871668945547,0.721052301073283,12.6026459953439
"380","ENSG00000099260.10","female_placenta_early",1,46.2617930619225,11.1318919145754,4.15578891862489
"395","ENSG00000116299.16","female_placenta_early",1,58.7666212954284,0.64083472051085,91.7032417478594
"403","ENSG00000134184.12","female_placenta_early",1,12.9436724566062,3.37287346565561,3.83758020821283
"404","ENSG00000134201.11","female_placenta_early",1,2.10008932820656,0.479578768712905,4.37902898379506
"409","ENSG00000177301.14","female_placenta_early",1,1.22803886521358,0.114181293398525,10.7551668812104
"410","ENSG00000064886.13","female_placenta_early",1,18.8013119495264,3.64061529587591,5.16432262722857
"411","ENSG00000134216.18","female_placenta_early",1,1.34545625363644,0.0401873289882625,33.4796137864601
"416","ENSG00000171385.9","female_placenta_early",1,22.562569030078,2.34733446750902,9.61199579454107
"435","ENSG00000116824.4","female_placenta_early",1,4.58901684161179,0.332489879662479,13.8019745030142
"446","ENSG00000174827.13","female_placenta_early",1,3.08190781125316,0.248360806813288,12.408994199999
"451","ENSG00000198483.12","female_placenta_early",1,1.73895585102396,0.466919421509039,3.72431681124726
"492","ENSG00000143365.17","female_placenta_early",1,15.9013241709365,0.246193182952475,64.5888077819201
"498","ENSG00000188015.9","female_placenta_early",1,3.6890062084108,0.374628804828754,9.847097075456
"500","ENSG00000189334.8","female_placenta_early",1,1.37589875922222,0.247796644291753,5.55253184785768
"502","ENSG00000160678.11","female_placenta_early",1,18.6741616963315,4.96823204696218,3.75871366711822
"505","ENSG00000169418.9","female_placenta_early",1,54.3849044686862,10.248546793565,5.30659668772105
"527","ENSG00000185499.16","female_placenta_early",1,8.46054883654621,0.367839279847678,23.000667139327
"533","ENSG00000143627.19","female_placenta_early",1,1.36939149928106,0.0153665756614427,89.1149420307799
"556","ENSG00000027869.11","female_placenta_early",1,5.194831542549,0.517123704075523,10.04562641706
"557","ENSG00000198400.11","female_placenta_early",1,4.78075662229782,0.303806671970098,15.7361804837794
"559","ENSG00000163554.13","female_placenta_early",1,14.1713775442164,4.23247713952536,3.34824668321909
"560","ENSG00000163564.14","female_placenta_early",1,1.95877754532726,0.601472816964697,3.2566351962706
"563","ENSG00000181036.13","female_placenta_early",1,1.03134759051601,0.0713425863523035,14.4562685942309
"569","ENSG00000122223.12","female_placenta_early",1,1.07593691005844,0.178017522240293,6.0439944142471
"581","ENSG00000162747.10","female_placenta_early",1,24.061651277933,3.07473839216538,7.8255930128051
"583","ENSG00000198574.5","female_placenta_early",1,5.65249638081285,0.222906833114212,25.3581117359316
"588","ENSG00000117152.13","female_placenta_early",1,2.62220614249846,0.375568156152548,6.98197144657114
"589","ENSG00000143248.12","female_placenta_early",1,63.9351209218506,12.4615942460462,5.13057315617028
"595","ENSG00000198821.10","female_placenta_early",1,7.0108489633605,0.345967828252283,20.2644534862592
"601","ENSG00000143185.3","female_placenta_early",1,2.89925464430263,0.168215005206398,17.2354103651174
"602","ENSG00000143184.4","female_placenta_early",1,4.22345966919021,1.10849642349809,3.81007965353845
"614","ENSG00000117560.7","female_placenta_early",1,3.06831159708916,0.083394728549937,36.7926324653943
"622","ENSG00000198797.6","female_placenta_early",1,15.4950625171951,0.541177672337807,28.6321171571228
"642","ENSG00000000971.15","female_placenta_early",1,23.2855498719584,6.9198486940583,3.36503743094158
"648","ENSG00000116833.13","female_placenta_early",1,7.72935288034721,1.10675831783863,6.9837766346692
"660","ENSG00000143851.15","female_placenta_early",1,5.38554541503925,0.836960415611631,6.43464770207038
"673","ENSG00000174567.7","female_placenta_early",1,15.3427417547112,3.95538865879155,3.8789466922825
"676","ENSG00000174514.12","female_placenta_early",1,14.7247779531106,2.43397509795744,6.04968307418898
"681","ENSG00000196188.10","female_placenta_early",1,4.92707655783214,0.111025239190128,44.3779864269839
"682","ENSG00000263961.7","female_placenta_early",1,3.57615166556374,0.236610061610381,15.1141149333391
"685","ENSG00000143479.16","female_placenta_early",1,5.01109760279503,1.39394305315333,3.59490840853154
"687","ENSG00000162896.5","female_placenta_early",1,69.5832297593122,0.374959015383699,185.575561339969
"688","ENSG00000182795.12","female_placenta_early",1,3.39994162648243,0.460743298336457,7.37925356431257
"690","ENSG00000123838.10","female_placenta_early",1,51.3253576211933,0.306346033993468,167.540467072891
"692","ENSG00000196878.14","female_placenta_early",1,90.2143137949772,14.7950671613554,6.09759407044912
"693","ENSG00000123689.5","female_placenta_early",1,15.0156855162627,3.33172925077698,4.50687447449728
"694","ENSG00000009790.14","female_placenta_early",1,3.61159008048015,0.886420937660426,4.07435105268654
"697","ENSG00000143469.18","female_placenta_early",1,5.73329358087657,0.111663944271127,51.3441793436544
"699","ENSG00000143473.12","female_placenta_early",1,6.1210437386776,0.82025178849202,7.46239608929198
"715","ENSG00000082482.13","female_placenta_early",1,1.82128793503304,0.0505262581293423,36.0463648499503
"719","ENSG00000196660.10","female_placenta_early",1,3.55008192496311,0.438936619069438,8.08791468000418
"735","ENSG00000243709.1","female_placenta_early",1,3.31109922173464,0.304809125087345,10.8628612112115
"738","ENSG00000203685.9","female_placenta_early",1,6.80452835076184,0.917497983744057,7.4163959717867
"775","ENSG00000168243.10","female_placenta_early",1,4.64556341646984,0.746533010115106,6.22285063557143
"796","ENSG00000184731.5","female_placenta_early",1,7.25346202263764,0.284136360537788,25.5281021017829
"806","ENSG00000118004.17","female_placenta_early",1,23.6102163475706,5.48699814886884,4.30293863912418
"814","ENSG00000205795.4","female_placenta_early",1,18.9624593910465,0.187762800592428,100.991566653332
"821","ENSG00000196208.13","female_placenta_early",1,55.0970064741806,11.1432284709517,4.94443837509104
"829","ENSG00000143869.6","female_placenta_early",1,72.3520281933905,3.24017970866293,22.3296343718067
"851","ENSG00000138028.15","female_placenta_early",1,1.14827590527832,0.214704207493973,5.34817607293771
"860","ENSG00000157992.12","female_placenta_early",1,3.28928009874761,0.995597601798271,3.30382485133194
"862","ENSG00000115226.9","female_placenta_early",1,10.725203170497,2.57450235934717,4.16593254675309
"872","ENSG00000189350.12","female_placenta_early",1,1.63778788120168,0.493991242954652,3.31541885521243
"874","ENSG00000158089.14","female_placenta_early",1,2.38971956335009,0.44631265461725,5.35436210160671
"887","ENSG00000115828.16","female_placenta_early",1,17.7459985567072,5.73744607689024,3.09301356716641
"896","ENSG00000162878.12","female_placenta_early",1,58.2038522978702,15.1836738242785,3.83331813969838
"905","ENSG00000138079.13","female_placenta_early",1,6.55848701476421,0.104899066282755,62.5218817209091
"908","ENSG00000170577.7","female_placenta_early",1,1.19450894085488,0.124551990279737,9.59044442543293
"916","ENSG00000119888.10","female_placenta_early",1,45.0976899756501,1.37695964720068,32.7516424082089
"957","ENSG00000075340.22","female_placenta_early",1,5.21877572716378,1.37997819412077,3.78178129871743
"962","ENSG00000124374.8","female_placenta_early",1,31.1405548946839,3.8400405399673,8.10943389023416
"1001","ENSG00000115523.16","female_placenta_early",1,308.974688754436,5.03575114084399,61.3562267301898
"1002","ENSG00000168874.12","female_placenta_early",1,19.5971105304504,2.79139402654879,7.02054613002084
"1034","ENSG00000115085.13","female_placenta_early",1,5.29500905846693,0.381929308156233,13.8638458620226
"1041","ENSG00000170500.12","female_placenta_early",1,26.8832052833065,5.62801794219314,4.77667369923675
"1049","ENSG00000115598.9","female_placenta_early",1,3.06448800696106,0.334109230927582,9.17211415695751
"1051","ENSG00000115616.2","female_placenta_early",1,2.36130312556992,0.265872388743681,8.881340167468
"1072","ENSG00000125538.11","female_placenta_early",1,13.3679265183474,1.5290905319437,8.74240356544147
"1073","ENSG00000125618.16","female_placenta_early",1,33.7103866625758,2.44060096688057,13.81233029079
"1090","ENSG00000186684.12","female_placenta_early",1,1.21942991714041,0.238652222776833,5.10965245976659
"1100","ENSG00000152076.18","female_placenta_early",1,1.3319435143204,0.135900468327224,9.80087508685635
"1103","ENSG00000152086.8","female_placenta_early",1,2.94038574000905,0.310441847683541,9.47161525403118
"1110","ENSG00000163040.14","female_placenta_early",1,1.4481716112208,0.303069221912667,4.77835262215478
"1117","ENSG00000168702.17","female_placenta_early",1,1.91052437520894,0.190836117863027,10.0113353625241
"1123","ENSG00000123610.4","female_placenta_early",1,2.83728008522315,0.846144653663421,3.35318562014074
"1126","ENSG00000177519.3","female_placenta_early",1,2.57117888587679,0.0701824461595324,36.6356407702322
"1127","ENSG00000144278.14","female_placenta_early",1,25.5600204077079,0.384606543715468,66.4575806765711
"1129","ENSG00000136542.8","female_placenta_early",1,1.784816469427,0.273836541088787,6.51781702445731
"1132","ENSG00000153237.17","female_placenta_early",1,1.27868016433152,0.0966003695005729,13.2368040716856
"1137","ENSG00000054219.10","female_placenta_early",1,2.18491122311502,0.632131929938397,3.45641648465368
"1148","ENSG00000073737.16","female_placenta_early",1,27.2588667468025,7.43476266988911,3.66640711440612
"1168","ENSG00000128710.5","female_placenta_early",1,7.204961749618,0.309722435323552,23.2626407644358
"1169","ENSG00000128709.12","female_placenta_early",1,2.62755476795007,0.174421330539018,15.064411903235
"1170","ENSG00000175879.8","female_placenta_early",1,2.79722672694698,0.31113512257015,8.99039203237591
"1187","ENSG00000064989.12","female_placenta_early",1,68.3271587740332,14.889506661855,4.58894712402249
"1203","ENSG00000118997.13","female_placenta_early",1,1.93853129297431,0.297865302043816,6.50808026202781
"1212","ENSG00000138356.13","female_placenta_early",1,85.2050161909851,5.76563465026963,14.7780810542688
"1226","ENSG00000114948.12","female_placenta_early",1,2.82261392121671,0.624518045997888,4.51966750889734
"1233","ENSG00000144452.14","female_placenta_early",1,24.6459680920633,7.27880184435777,3.38599245027777
"1239","ENSG00000115457.9","female_placenta_early",1,328.647427935206,31.5046152860819,10.4317232554938
"1251","ENSG00000163501.6","female_placenta_early",1,1.58692099074812,0.0412138303532973,38.504574244727
"1258","ENSG00000123999.4","female_placenta_early",1,189.700227140493,59.2899818545395,3.19953255519455
"1261","ENSG00000163082.9","female_placenta_early",1,16.8810847853111,4.36940338834525,3.86347592221376
"1269","ENSG00000187957.7","female_placenta_early",1,67.2255356128413,0.71724382943365,93.7275900524985
"1273","ENSG00000135914.5","female_placenta_early",1,14.6946107631875,3.80080562176018,3.86618317944455
"1277","ENSG00000171596.6","female_placenta_early",1,2.10441639108561,0.537260162782574,3.91694105921874
"1283","ENSG00000167165.18","female_placenta_early",1,1.09975775050954,0.0353297304601762,31.1283934574364
"1285","ENSG00000144481.16","female_placenta_early",1,1.3409635907205,0.0284544047251818,47.1267490454216
"1289","ENSG00000115648.13","female_placenta_early",1,32.1992646825711,6.18264313569231,5.20800958035006
"1291","ENSG00000132329.10","female_placenta_early",1,27.6676054513897,2.62213394406357,10.5515606912562
"1301","ENSG00000162804.13","female_placenta_early",1,18.4842027045225,3.77638649606663,4.89467980138555
"1315","ENSG00000134121.9","female_placenta_early",1,1.44760661020407,0.121310231326836,11.933095785663
"1321","ENSG00000180914.10","female_placenta_early",1,8.45075696862711,1.14775123383667,7.36288205971094
"1327","ENSG00000134072.10","female_placenta_early",1,8.08117688195783,2.44343200177251,3.30730582070448
"1355","ENSG00000131386.18","female_placenta_early",1,31.7061788866869,5.52577917023878,5.73786572171628
"1361","ENSG00000151789.11","female_placenta_early",1,2.44495717520479,0.127423271309783,19.1876817324896
"1367","ENSG00000163508.12","female_placenta_early",1,6.51512584494709,0.277101076718502,23.5117305284439
"1376","ENSG00000206557.5","female_placenta_early",1,44.9992029219968,8.74581531305515,5.14522675259619
"1379","ENSG00000173705.8","female_placenta_early",1,4.13884744610836,0.695987417041654,5.9467274044994
"1384","ENSG00000008226.19","female_placenta_early",1,1.45485110065032,0.381622680646781,3.81227629915657
"1391","ENSG00000168329.13","female_placenta_early",1,13.4142944771368,2.22011098334995,6.04217292637138
"1394","ENSG00000170011.13","female_placenta_early",1,3.12419830708546,0.234441653270053,13.3261229969518
"1396","ENSG00000168032.9","female_placenta_early",1,18.9709543565984,0.91259051555159,20.7880248954066
"1422","ENSG00000121797.9","female_placenta_early",1,34.4440314192624,7.48050322231888,4.60450726316045
"1423","ENSG00000012223.12","female_placenta_early",1,2.39685224832047,0.525198888690643,4.5637039604101
"1424","ENSG00000241186.9","female_placenta_early",1,1.01503958770624,0.266538724783594,3.80822557221418
"1467","ENSG00000188338.14","female_placenta_early",1,1.18453387251219,0.341825555664934,3.4653168930216
"1499","ENSG00000157388.16","female_placenta_early",1,6.72440710410494,1.47789190307846,4.54999928621163
"1525","ENSG00000187098.15","female_placenta_early",1,47.0332578698178,12.7525228244275,3.68815320053577
"1526","ENSG00000163412.12","female_placenta_early",1,33.8428918052188,10.3553138392875,3.26816669494078
"1529","ENSG00000113805.8","female_placenta_early",1,1.487820346709,0.0437070718461043,34.0407234771462
"1536","ENSG00000080224.17","female_placenta_early",1,2.97721801054016,0.902583741633317,3.29855045378125
"1542","ENSG00000181458.10","female_placenta_early",1,109.25996627546,25.8813502031976,4.22157134066217
"1543","ENSG00000144820.7","female_placenta_early",1,8.0954943396168,1.72645624092138,4.6890816852076
"1547","ENSG00000170044.8","female_placenta_early",1,4.95041606038741,0.153438131252067,32.26327132631
"1553","ENSG00000153283.12","female_placenta_early",1,17.2037932011723,0.96654631790434,17.7992434325066
"1571","ENSG00000185565.11","female_placenta_early",1,9.67568926738562,1.76068913527693,5.49539897391585
"1576","ENSG00000144837.8","female_placenta_early",1,4.83059190441752,1.41134372542271,3.42268989290381
"1579","ENSG00000113924.11","female_placenta_early",1,19.8126391145144,0.245290280520699,80.7722143431708
"1590","ENSG00000173175.14","female_placenta_early",1,51.9696255620016,14.8633724780897,3.49648948370302
"1595","ENSG00000173702.7","female_placenta_early",1,9.22483712727048,0.0637363340946828,144.734353776397
"1599","ENSG00000144908.13","female_placenta_early",1,1.02654862828218,0.176595863003421,5.81298231353412
"1610","ENSG00000169704.4","female_placenta_early",1,2.00054791567567,0.648133558855914,3.08662911886099
"1623","ENSG00000091513.15","female_placenta_early",1,11.0350310009594,3.62766115961701,3.04191337487662
"1638","ENSG00000183770.6","female_placenta_early",1,2.74777225843302,0.157155419449999,17.4844257235892
"1639","ENSG00000206262.8","female_placenta_early",1,5.12179714486047,0.392468411648971,13.0502149799548
"1642","ENSG00000114115.9","female_placenta_early",1,60.198108130363,12.746105846699,4.72286272014234
"1649","ENSG00000120756.12","female_placenta_early",1,20.5636995453225,5.36724022782779,3.83133578383634
"1653","ENSG00000153002.11","female_placenta_early",1,2.97451080395894,0.893639591757826,3.32853516271359
"1654","ENSG00000163751.3","female_placenta_early",1,1.54628195153972,0.361198980831046,4.2809698631542
"1658","ENSG00000047457.13","female_placenta_early",1,376.889390054136,2.68922548306029,140.147931970823
"1665","ENSG00000114771.13","female_placenta_early",1,3.99295784853262,0.591201213669979,6.75397437658437
"1682","ENSG00000196542.8","female_placenta_early",1,2.7405124220203,0.122730650220038,22.3294867020338
"1685","ENSG00000114248.9","female_placenta_early",1,1.58015273673515,0.0335632741616296,47.079814952667
"1687","ENSG00000173890.16","female_placenta_early",1,23.7237137816328,5.67225838526512,4.18241063264327
"1691","ENSG00000169760.17","female_placenta_early",1,7.9776445209865,2.48773194862006,3.20679425506903
"1713","ENSG00000090539.15","female_placenta_early",1,13.7879606527347,1.91527623710707,7.19894101206035
"1717","ENSG00000163898.9","female_placenta_early",1,16.4661398920649,2.02476528535166,8.1323697177103
"1727","ENSG00000157005.3","female_placenta_early",1,3.49335237095138,0.0695320990197664,50.2408588292193
"1731","ENSG00000127249.14","female_placenta_early",1,7.04518664464571,0.823227863409614,8.5580031456494
"1733","ENSG00000172061.8","female_placenta_early",1,10.5620494047273,2.62458803102087,4.02426943958098
"1737","ENSG00000189058.8","female_placenta_early",1,175.409307483075,25.5046833460911,6.87753323979059
"1746","ENSG00000163975.11","female_placenta_early",1,17.1306472482553,2.87202723981848,5.96465347220662
"1747","ENSG00000161267.11","female_placenta_early",1,4.28016467335394,1.14653057686714,3.73314481071177
"1760","ENSG00000145217.13","female_placenta_early",1,2.51938261662336,0.638531324210426,3.94558970108271
"1763","ENSG00000159674.11","female_placenta_early",1,110.043071448407,16.8374147360927,6.53562753980981
"1781","ENSG00000184160.7","female_placenta_early",1,45.7468516073277,5.98423165752639,7.64456562268804
"1785","ENSG00000072840.12","female_placenta_early",1,55.6909414942801,15.180151508663,3.66866835699884
"1791","ENSG00000163995.19","female_placenta_early",1,1.99120287022365,0.431371250169364,4.61598418865854
"1797","ENSG00000004468.12","female_placenta_early",1,5.88802448957312,0.652842849232241,9.01905335487335
"1801","ENSG00000109819.8","female_placenta_early",1,6.13878067839412,0.383035731104713,16.0266528156245
"1806","ENSG00000157765.12","female_placenta_early",1,65.2736257816517,9.72356034630752,6.71293471289445
"1810","ENSG00000169851.15","female_placenta_early",1,10.1749817388228,1.76136138542579,5.77677120834752
"1811","ENSG00000197057.9","female_placenta_early",1,2.32287418966059,0.0761099262181164,30.519990033937
"1818","ENSG00000134962.6","female_placenta_early",1,1.77190003327147,0.562637261017001,3.14927601856417
"1823","ENSG00000168421.12","female_placenta_early",1,2.09678630115564,0.35723114472738,5.86955065957588
"1827","ENSG00000178343.4","female_placenta_early",1,4.51585850616129,0.0291217124723421,155.068439414411
"1831","ENSG00000151834.15","female_placenta_early",1,5.2232185035756,0.31844912919853,16.4020498869673
"1837","ENSG00000109182.11","female_placenta_early",1,5.44235404965161,0.0401372484476072,135.593600960358
"1845","ENSG00000128039.10","female_placenta_early",1,27.4069749955074,8.9532571680689,3.06111781232558
"1851","ENSG00000128040.10","female_placenta_early",1,2.1713301656651,0.0633942671144589,34.2512070018058
"1854","ENSG00000163453.11","female_placenta_early",1,568.660446283998,33.5273942087051,16.9610689916471
"1856","ENSG00000035720.7","female_placenta_early",1,1.58002139793084,0.175436241609815,9.00624285741906
"1857","ENSG00000087128.9","female_placenta_early",1,2.89002284319946,0.201614852747504,14.3343746942039
"1858","ENSG00000171234.13","female_placenta_early",1,5.81894060244481,0.042674321071337,136.356957916624
"1867","ENSG00000081051.7","female_placenta_early",1,100.197331825251,31.9536850078407,3.13570506189395
"1873","ENSG00000138769.10","female_placenta_early",1,1.94694277637934,0.0712970110762294,27.3074950406786
"1882","ENSG00000156234.7","female_placenta_early",1,1.68077142635593,0.137847015402038,12.1930200770316
"1900","ENSG00000152583.12","female_placenta_early",1,474.819988450533,134.516786938978,3.52981958055488
"1916","ENSG00000164035.9","female_placenta_early",1,9.69272444055893,0.375459458690349,25.8156352602446
"1925","ENSG00000169836.4","female_placenta_early",1,2.17699845426981,0.319131145109973,6.82164209801464
"1927","ENSG00000236699.8","female_placenta_early",1,4.75332959200897,0.991097555077451,4.79602594886586
"1940","ENSG00000205403.13","female_placenta_early",1,4.51817230219017,0.790458088082046,5.7158910387684
"1946","ENSG00000174607.10","female_placenta_early",1,4.68550720880158,0.179325311090705,26.1285324436526
"1974","ENSG00000170153.10","female_placenta_early",1,25.765722308701,5.98489693999773,4.30512380865004
"1976","ENSG00000164136.16","female_placenta_early",1,20.1797591702156,1.36499979232694,14.783708601021
"1977","ENSG00000109452.12","female_placenta_early",1,51.883261321775,15.3104809721429,3.38874143902961
"1979","ENSG00000197465.13","female_placenta_early",1,1.77268748982822,0.180044223207598,9.84584486103863
"1980","ENSG00000250361.8","female_placenta_early",1,2.45998437693266,0.659407873146904,3.73059600455304
"1981","ENSG00000170180.21","female_placenta_early",1,4.38695003161601,0.926619390613161,4.73436027354563
"1986","ENSG00000151617.16","female_placenta_early",1,40.2116067292542,12.6735969383481,3.17286457229683
"2002","ENSG00000145423.4","female_placenta_early",1,2.16454826013844,0.0875853828780295,24.7135787846331
"2004","ENSG00000171564.11","female_placenta_early",1,21.3435253994833,2.95412024708094,7.22500223901634
"2005","ENSG00000171560.14","female_placenta_early",1,14.8789938795533,2.66933678469362,5.57404144912388
"2006","ENSG00000171557.16","female_placenta_early",1,6.58964367005841,2.05037542325761,3.21387175992817
"2010","ENSG00000171509.15","female_placenta_early",1,49.1289970419007,1.84744623609995,26.592923832855
"2014","ENSG00000248771.5","female_placenta_early",1,1.79579034968174,0.00867262790878795,207.064152707632
"2024","ENSG00000109576.13","female_placenta_early",1,5.57108764052513,1.77318510939397,3.14185338632197
"2037","ENSG00000179059.9","female_placenta_early",1,27.4801233258386,6.87516833885743,3.9970109779749
"2044","ENSG00000174358.15","female_placenta_early",1,5.43673387780974,0.488436929523507,11.1308821040897
"2049","ENSG00000113430.9","female_placenta_early",1,1.36052709762524,0.235793522516622,5.7699935227412
"2051","ENSG00000145536.15","female_placenta_early",1,4.17512357714041,0.380755826629947,10.9653570218327
"2062","ENSG00000039139.9","female_placenta_early",1,2.35300276953936,0.149127086684926,15.778506922158
"2074","ENSG00000082196.20","female_placenta_early",1,3.77466882108423,0.978529711417256,3.8574902499559
"2077","ENSG00000145626.11","female_placenta_early",1,1.68178646432617,0.0148841971407044,112.991412867472
"2083","ENSG00000182836.9","female_placenta_early",1,2.43679284813263,0.353775869945228,6.88795662776519
"2094","ENSG00000113088.5","female_placenta_early",1,1.9688552117812,0.0862334639136719,22.8316841563064
"2095","ENSG00000145649.7","female_placenta_early",1,35.6302190316144,0.561874704935039,63.4131038800435
"2099","ENSG00000067113.16","female_placenta_early",1,88.5833370942812,21.3013881606081,4.15857109529111
"2103","ENSG00000152932.7","female_placenta_early",1,1.10611468753494,0.203297046242146,5.44087928467713
"2110","ENSG00000164197.11","female_placenta_early",1,14.1365065578684,0.973244487857816,14.5251339557894
"2111","ENSG00000186479.4","female_placenta_early",1,1.26171342434322,0.0374867543141159,33.6575797886058
"2112","ENSG00000145642.11","female_placenta_early",1,2.55652549354382,0.0237697661676798,107.553666094536
"2136","ENSG00000214944.9","female_placenta_early",1,11.7171984881249,2.87935295007763,4.06938596666622
"2141","ENSG00000164220.6","female_placenta_early",1,2.70052787720005,0.360931166066404,7.48211329775608
"2142","ENSG00000181104.6","female_placenta_early",1,80.2991939161778,9.23921070073838,8.69113136577353
"2151","ENSG00000132840.9","female_placenta_early",1,2.44681442266416,0.44311183907899,5.52188907376042
"2154","ENSG00000113296.14","female_placenta_early",1,1.48546921512899,0.310569559510495,4.78304833696617
"2158","ENSG00000131730.15","female_placenta_early",1,2.33861455345762,0.251369548696133,9.30349187317293
"2184","ENSG00000173930.8","female_placenta_early",1,7.60245739966264,0.784611100964952,9.68945938989746
"2204","ENSG00000113083.13","female_placenta_early",1,40.0767131429068,9.8005685217877,4.08922329901699
"2205","ENSG00000064692.18","female_placenta_early",1,12.8202582597824,2.56430078015281,4.99951423756866
"2240","ENSG00000152377.13","female_placenta_early",1,140.000774553429,7.98611972789559,17.5305128552487
"2241","ENSG00000112981.4","female_placenta_early",1,1.95041956295458,0.150850916654263,12.9294511840771
"2248","ENSG00000170476.15","female_placenta_early",1,1.11975930514503,0.0702876989821966,15.9310849744656
"2262","ENSG00000112852.6","female_placenta_early",1,2.09504093513235,0.515944580388159,4.0605929682529
"2263","ENSG00000113205.5","female_placenta_early",1,1.04511903856712,0.190523296323475,5.48551835253098
"2264","ENSG00000081818.3","female_placenta_early",1,1.95565289192403,0.117886116450082,16.5893402108308
"2266","ENSG00000113212.6","female_placenta_early",1,2.36878359961433,0.416389072865288,5.68887070766309
"2267","ENSG00000272674.3","female_placenta_early",1,3.63770536204696,0.500365427409556,7.27009733841872
"2272","ENSG00000113248.5","female_placenta_early",1,2.8162523512562,0.720717518364679,3.90756749974155
"2288","ENSG00000176049.15","female_placenta_early",1,1.87699820158579,0.318758035059661,5.88847337208136
"2300","ENSG00000211445.11","female_placenta_early",1,1533.90005515367,178.1009794716,8.61253014837162
"2304","ENSG00000086570.12","female_placenta_early",1,63.6365788857904,18.3636400854983,3.46535755381331
"2307","ENSG00000155511.17","female_placenta_early",1,2.33681906984202,0.11509842280931,20.3027896717017
"2315","ENSG00000113249.12","female_placenta_early",1,12.5457660870595,0.102171539008544,122.791202019678
"2317","ENSG00000113263.12","female_placenta_early",1,6.04001431875585,0.279278345327799,21.6272203692215
"2324","ENSG00000135083.15","female_placenta_early",1,4.36585934751675,1.42793917141721,3.0574547115923
"2332","ENSG00000145936.8","female_placenta_early",1,1.8804016508967,0.388148916631624,4.84453664643694
"2333","ENSG00000094755.16","female_placenta_early",1,51.8134601419115,0.418484635453049,123.812096675469
"2368","ENSG00000087116.15","female_placenta_early",1,121.524074946449,37.6982619303887,3.22359888025734
"2385","ENSG00000219607.3","female_placenta_early",1,22.8342010691811,4.04481073871845,5.64530766559818
"2405","ENSG00000112183.14","female_placenta_early",1,3.04982289230788,0.559942634812761,5.44667025279779
"2414","ENSG00000172179.11","female_placenta_early",1,25.6890826355847,4.41782677392415,5.81486870132898
"2415","ENSG00000146038.11","female_placenta_early",1,16.9545425991094,1.441934861995,11.7581889764783
"2423","ENSG00000124610.4","female_placenta_early",1,10.608727159427,2.75814879493812,3.84632155411507
"2507","ENSG00000196260.4","female_placenta_early",1,2.05578747129613,0.00710879547336856,289.189283753859
"2518","ENSG00000204396.10","female_placenta_early",1,1.94878161959093,0.143880607380982,13.5444355918706
"2522","ENSG00000204385.11","female_placenta_early",1,16.7195574788005,2.53888901395497,6.58538336528366
"2525","ENSG00000244731.7","female_placenta_early",1,7.24298681054245,0.604826391903612,11.9753154086846
"2526","ENSG00000224389.9","female_placenta_early",1,5.73526710236641,0.571508868373709,10.0353072712358
"2531","ENSG00000198502.5","female_placenta_early",1,15.1596613997804,2.95319499655884,5.13330864282411
"2532","ENSG00000196126.11","female_placenta_early",1,35.0237122011323,7.74255626058178,4.52353344585198
"2533","ENSG00000196735.11","female_placenta_early",1,10.0377575781306,2.73200241647339,3.67413934834211
"2539","ENSG00000204257.14","female_placenta_early",1,7.56086978921184,2.46639147353249,3.0655594905957
"2540","ENSG00000204252.13","female_placenta_early",1,1.00996406733366,0.332011133209897,3.04195843545753
"2562","ENSG00000124507.10","female_placenta_early",1,2.21448403768361,0.112193963817063,19.7379962552568
"2563","ENSG00000124664.10","female_placenta_early",1,1.17780121555376,0.0370674618331503,31.7745310120054
"2584","ENSG00000124731.12","female_placenta_early",1,51.4842392383762,15.7371831347808,3.2715028348746
"2619","ENSG00000172348.14","female_placenta_early",1,1.88185679157297,0.379812540985167,4.95469893303619
"2621","ENSG00000153292.15","female_placenta_early",1,15.3573214402002,0.148619399795359,103.333222051404
"2625","ENSG00000112077.16","female_placenta_early",1,4.17529952776382,0.501750463687871,8.32146620667837
"2626","ENSG00000096006.11","female_placenta_early",1,14.9161393255724,0.168211933483789,88.6746797129581
"2627","ENSG00000170927.14","female_placenta_early",1,17.645159693836,1.85658022033194,9.50411918677083
"2640","ENSG00000185760.15","female_placenta_early",1,1.49724718157596,0.411134274821875,3.64174741262972
"2643","ENSG00000111799.20","female_placenta_early",1,21.9145356988447,3.64464345168864,6.01280646223192
"2663","ENSG00000135346.8","female_placenta_early",1,61218.0863522906,13582.6037116303,4.50709507926464
"2667","ENSG00000118432.12","female_placenta_early",1,41.1385244251372,4.67338280659527,8.80272944195387
"2677","ENSG00000112214.10","female_placenta_early",1,3.35753949178112,0.07202012703729,46.6194608354784
"2689","ENSG00000057657.16","female_placenta_early",1,33.4619293179707,8.48580296569802,3.94328379450161
"2697","ENSG00000146285.13","female_placenta_early",1,1.90285740911482,0.11184478283987,17.0133765813571
"2721","ENSG00000047936.10","female_placenta_early",1,1.82923569162784,0.403296525667874,4.53570902600403
"2733","ENSG00000164483.16","female_placenta_early",1,5.88516945856516,0.217681876994655,27.035642745352
"2734","ENSG00000164484.11","female_placenta_early",1,8.12402837880333,2.06024706501253,3.94323016727798
"2735","ENSG00000154269.14","female_placenta_early",1,5.06554157341826,0.210512613454217,24.0628886331314
"2736","ENSG00000079931.14","female_placenta_early",1,19.4037368252698,4.13075196018966,4.69738609635106
"2742","ENSG00000118514.13","female_placenta_early",1,6.33858247646288,0.360761058568244,17.5700295969273
"2746","ENSG00000197442.9","female_placenta_early",1,84.2809308926542,17.8984461579225,4.7088406529272
"2748","ENSG00000016402.13","female_placenta_early",1,14.2688018447228,2.54379718821148,5.60925293527628
"2750","ENSG00000177468.6","female_placenta_early",1,6.40108802815096,0.02543505649318,251.663998853995
"2766","ENSG00000009765.14","female_placenta_early",1,1.28813283025442,0.0709341350239586,18.1595621039059
"2771","ENSG00000091831.23","female_placenta_early",1,23.3529034518018,1.05011639694676,22.2383952099986
"2775","ENSG00000091844.7","female_placenta_early",1,1.33338999086661,0.382477645506053,3.48619064808981
"2786","ENSG00000164674.15","female_placenta_early",1,10.8104988047611,2.45771485560786,4.39859765671936
"2787","ENSG00000112096.17","female_placenta_early",1,338.979725314731,79.2898304856026,4.27519800759673
"2792","ENSG00000122194.18","female_placenta_early",1,3.48283722029337,0.787579251502555,4.42220540174054
"2800","ENSG00000186340.15","female_placenta_early",1,35.8968354934505,2.01797081421376,17.7885801125605
"2816","ENSG00000225968.7","female_placenta_early",1,3.77040577749754,0.959174857007875,3.93088470777814
"2825","ENSG00000198286.9","female_placenta_early",1,6.90920424697691,0.722553238312903,9.56220784936108
"2847","ENSG00000106541.11","female_placenta_early",1,92.1893127226004,4.7553443308837,19.3864642196096
"2849","ENSG00000173452.13","female_placenta_early",1,1.4911960520307,0.0333542019910133,44.7078917502651
"2850","ENSG00000183742.12","female_placenta_early",1,27.2007992557293,2.78727867803301,9.75890910015678
"2865","ENSG00000106004.4","female_placenta_early",1,1.69164005741364,0.165157970604176,10.2425577840738
"2884","ENSG00000086289.11","female_placenta_early",1,22.1647605601857,4.73233945697591,4.68367934331354
"2885","ENSG00000106483.11","female_placenta_early",1,15.7302945666936,0.141026490042338,111.541417232827
"2893","ENSG00000002746.14","female_placenta_early",1,2.59192628398972,0.627982721620226,4.12738471100355
"2907","ENSG00000122679.8","female_placenta_early",1,6.40962268805678,0.449691274920327,14.2533845896663
"2908","ENSG00000164742.15","female_placenta_early",1,37.8709720759238,1.35107803266492,28.0301886051878
"2911","ENSG00000179869.14","female_placenta_early",1,3.04469483756554,0.645862326980367,4.71415456572697
"2924","ENSG00000214652.5","female_placenta_early",1,1.32040796996094,0.0603131795015112,21.8925279826751
"2938","ENSG00000185274.11","female_placenta_early",1,11.214046119806,0.614706028211286,18.2429415121199
"2941","ENSG00000176428.5","female_placenta_early",1,1.8506594817312,0.527463311388331,3.50860323699121
"2945","ENSG00000165215.6","female_placenta_early",1,23.1391060551037,3.74932649236574,6.17153670191668
"2950","ENSG00000158517.13","female_placenta_early",1,20.3396208608862,4.2439305513411,4.79263753608286
"2953","ENSG00000177679.15","female_placenta_early",1,3.68333006365376,0.931211477198279,3.95541738245724
"2969","ENSG00000164647.8","female_placenta_early",1,1.97553647573292,0.461298072028569,4.28255957594935
"2970","ENSG00000157214.13","female_placenta_early",1,3.94859891487733,1.14750616156678,3.44102632920593
"2991","ENSG00000106236.3","female_placenta_early",1,2.51389332175783,0.239557942310894,10.4938842666103
"3002","ENSG00000106258.14","female_placenta_early",1,3.1370549239247,0.407668915363655,7.69510454611516
"3010","ENSG00000213420.7","female_placenta_early",1,2.36848772620738,0.625323060240446,3.78762255352723
"3014","ENSG00000085514.15","female_placenta_early",1,16.1258747183505,3.9298418644685,4.1034411242223
"3019","ENSG00000106327.12","female_placenta_early",1,1.5163702612656,0.386879185195425,3.91949300787437
"3031","ENSG00000160963.13","female_placenta_early",1,5.23977996359504,0.40753371553497,12.8572919585727
"3043","ENSG00000189056.13","female_placenta_early",1,7.95257808917032,0.570750915216929,13.9335354129879
"3045","ENSG00000187416.11","female_placenta_early",1,4.02353806517944,0.0291467897682627,138.043952598875
"3072","ENSG00000174697.4","female_placenta_early",1,3010.8848353643,393.626485909833,7.64909106257142
"3076","ENSG00000135248.15","female_placenta_early",1,1.15461391485046,0.0190909140167249,60.4797608872442
"3114","ENSG00000159784.17","female_placenta_early",1,3.454583023733,0.332103713697631,10.402121028006
"3138","ENSG00000127377.9","female_placenta_early",1,1.15029595458876,0.323590814160479,3.5547855632833
"3141","ENSG00000130226.16","female_placenta_early",1,4.02467889787284,0.400738000072495,10.0431675986424
"3148","ENSG00000164825.3","female_placenta_early",1,34.6561078380291,0.422247419286367,82.0753573736479
"3162","ENSG00000158856.18","female_placenta_early",1,10.1995523002927,2.27836049138301,4.47670697366305
"3165","ENSG00000168490.13","female_placenta_early",1,21.9584560072902,5.16268334043199,4.25330289683287
"3167","ENSG00000104635.13","female_placenta_early",1,84.4286827525375,27.1809273093388,3.10617374424638
"3183","ENSG00000120885.21","female_placenta_early",1,159.650090994251,45.3378903208443,3.52133921239937
"3187","ENSG00000168079.16","female_placenta_early",1,260.141158344857,16.6341579478822,15.6389736805389
"3194","ENSG00000177669.3","female_placenta_early",1,1.60823969181301,0.0134648800746164,119.439585269297
"3208","ENSG00000147465.11","female_placenta_early",1,2.1191591096733,0.537084812565258,3.94566939912458
"3212","ENSG00000169495.4","female_placenta_early",1,323.919694526093,86.4631349028929,3.74633298792472
"3217","ENSG00000029534.20","female_placenta_early",1,19.4583174373631,4.99196977995545,3.89792372451757
"3218","ENSG00000104368.17","female_placenta_early",1,52.8532909920024,10.8237730174889,4.8830745902194
"3240","ENSG00000185942.11","female_placenta_early",1,2.0210348282272,0.105663308878805,19.1271203757712
"3241","ENSG00000172817.3","female_placenta_early",1,5.5338608855966,0.832131915377754,6.65022069617947
"3248","ENSG00000137573.13","female_placenta_early",1,31.394647180922,3.98031492753442,7.88747819016653
"3257","ENSG00000137558.8","female_placenta_early",1,40.4566509272054,1.47268964153426,27.4712673914494
"3262","ENSG00000104435.13","female_placenta_early",1,1.40187797865447,0.374210560432598,3.74622773080979
"3294","ENSG00000156486.7","female_placenta_early",1,10.8367169324856,1.16128101828477,9.3316921243504
"3295","ENSG00000164920.9","female_placenta_early",1,30.823114483842,6.04007055434908,5.10310503933571
"3298","ENSG00000132554.19","female_placenta_early",1,9.4381373744509,2.02349175311204,4.66428259958829
"3308","ENSG00000176406.22","female_placenta_early",1,3.94590937519767,0.622148023036241,6.34239638975404
"3312","ENSG00000205038.11","female_placenta_early",1,1.43672945689625,0.40804022705125,3.52104856738989
"3316","ENSG00000177570.14","female_placenta_early",1,4.8558155713277,0.611432797224912,7.94169955122888
"3318","ENSG00000136999.4","female_placenta_early",1,19.4670510519918,0.472708930384577,41.181898205634
"3320","ENSG00000155792.9","female_placenta_early",1,86.141147946503,8.29739090371371,10.3817150410436
"3338","ENSG00000184156.16","female_placenta_early",1,3.90757861638716,0.533140509159276,7.32935980150735
"3342","ENSG00000131773.13","female_placenta_early",1,5.4791307307337,1.81019588171712,3.02681648216783
"3345","ENSG00000198576.3","female_placenta_early",1,1.23718150805724,0.406722653279239,3.04183083504779
"3346","ENSG00000167653.4","female_placenta_early",1,108.415672711588,26.884890632231,4.03258745570695
"3350","ENSG00000167656.4","female_placenta_early",1,11.3856086965211,2.2750000196682,5.00466312003885
"3397","ENSG00000106688.11","female_placenta_early",1,128.471344020358,5.5296144202389,23.2333277253729
"3414","ENSG00000176399.3","female_placenta_early",1,2.37094631774996,0.104742420709007,22.6359702372821
"3418","ENSG00000184434.7","female_placenta_early",1,1.1087734481381,0.0447974850489533,24.7507967674182
"3436","ENSG00000137077.7","female_placenta_early",1,12.0373474440859,0.275379556878954,43.7118411421406
"3464","ENSG00000154330.12","female_placenta_early",1,7.41981331575796,2.14220687618274,3.46363061301509
"3465","ENSG00000181778.4","female_placenta_early",1,20.3457489012253,0.0643098161522871,316.370814263348
"3468","ENSG00000165072.9","female_placenta_early",1,88.5534304839024,7.78067796203217,11.381197231915
"3469","ENSG00000119138.4","female_placenta_early",1,26.7995400931664,5.47756512854753,4.89260090281624
"3473","ENSG00000198963.10","female_placenta_early",1,225.827118842246,7.70348285005789,29.3149375727563
"3480","ENSG00000106772.17","female_placenta_early",1,71.8990872015934,14.5857858972903,4.92939411752579
"3491","ENSG00000148053.15","female_placenta_early",1,14.2684997904503,4.69531220693381,3.03888200860835
"3498","ENSG00000148082.9","female_placenta_early",1,1.65673533808217,0.537750083268014,3.08086486572696
"3501","ENSG00000165023.6","female_placenta_early",1,12.7179018562549,1.55098095602122,8.19990845592362
"3506","ENSG00000127083.7","female_placenta_early",1,28.008180831537,2.61689783042454,10.7028178578119
"3508","ENSG00000106823.12","female_placenta_early",1,8.9909663043246,1.4789733229836,6.0791943739639
"3524","ENSG00000136842.13","female_placenta_early",1,6.35501622454619,0.94963466799541,6.69206426294549
"3548","ENSG00000188959.9","female_placenta_early",1,2.24771285816146,0.0534916918270638,42.0198498381433
"3566","ENSG00000106927.11","female_placenta_early",1,5.23754494056877,1.63380648105038,3.20573152409185
"3567","ENSG00000136883.14","female_placenta_early",1,8.04103415731551,0.75677186555166,10.6254401403439
"3570","ENSG00000095397.13","female_placenta_early",1,9.79140904697358,2.80414453713498,3.49176332293397
"3572","ENSG00000041982.15","female_placenta_early",1,23.3932620633194,3.88380606673354,6.02328274413408
"3574","ENSG00000078725.12","female_placenta_early",1,1.88774111100542,0.0720006958797692,26.2183731412496
"3612","ENSG00000148346.11","female_placenta_early",1,20.4233667879276,0.247452820315491,82.5343868050837
"3653","ENSG00000126878.12","female_placenta_early",1,94.2660672249775,30.910840829916,3.04961187382989
"3661","ENSG00000165702.14","female_placenta_early",1,2.15829909102868,0.436661626737051,4.94272672219115
"3676","ENSG00000130558.19","female_placenta_early",1,3.04160786890189,0.527305063783139,5.76821289573807
"3677","ENSG00000160345.12","female_placenta_early",1,6.13032039174767,0.815441324915237,7.51779460329031
"3678","ENSG00000122140.10","female_placenta_early",1,53.7138379157525,16.2809934225199,3.29917447429562
"3679","ENSG00000122136.13","female_placenta_early",1,1.22212750955099,0.0346792072492376,35.2409298392442
"3680","ENSG00000122133.16","female_placenta_early",1,6138.24849249023,23.7065593924021,258.926164311196
"3696","ENSG00000176919.12","female_placenta_early",1,1.89360978951009,0.351189676490459,5.3919859160824
"3697","ENSG00000184925.11","female_placenta_early",1,1.03154575405207,0.0485448350207663,21.2493410186851
"3727","ENSG00000134460.17","female_placenta_early",1,4.04101235378047,0.726006686945956,5.56608145137
"3746","ENSG00000148468.16","female_placenta_early",1,19.2307651847658,4.59029563273736,4.18943935715482
"3747","ENSG00000077943.7","female_placenta_early",1,1.56913865506114,0.197090362021409,7.96151896504554
"3754","ENSG00000165995.19","female_placenta_early",1,5.95618114953202,0.781542355454075,7.62105995659248
"3770","ENSG00000148516.21","female_placenta_early",1,94.020937881313,27.7393373524435,3.38944426417709
"3783","ENSG00000107562.16","female_placenta_early",1,39.4739306557984,1.21155252223303,32.581278922224
"3786","ENSG00000197444.9","female_placenta_early",1,1.98941152307683,0.410532739351709,4.84592660312159
"3790","ENSG00000107984.9","female_placenta_early",1,261.390789130453,42.3196436573031,6.17658294212373
"3797","ENSG00000165449.11","female_placenta_early",1,5.59235942470159,0.469441181885642,11.9128010930748
"3801","ENSG00000183346.7","female_placenta_early",1,1.78396108212543,0.202250766337667,8.820540532079
"3807","ENSG00000108176.14","female_placenta_early",1,2.00090148549557,0.124839620290592,16.0277761245831
"3817","ENSG00000156510.12","female_placenta_early",1,3.85849030687655,0.073367819529892,52.5910451148749
"3819","ENSG00000099284.13","female_placenta_early",1,9.75538343037532,2.21414225285638,4.40594248982434
"3823","ENSG00000180644.7","female_placenta_early",1,28.6833080069415,3.38797558359905,8.46620859542063
"3830","ENSG00000107742.12","female_placenta_early",1,20.5399117967134,2.70862841030382,7.58314123804435
"3856","ENSG00000151224.12","female_placenta_early",1,1.29188407376793,0.279799882472151,4.6171716097719
"3859","ENSG00000148600.14","female_placenta_early",1,13.8033887673422,0.226127464435194,61.0425133533398
"3865","ENSG00000152766.5","female_placenta_early",1,1.016041778405,0.170126082455751,5.9722869282508
"3878","ENSG00000138207.13","female_placenta_early",1,19.5185674027721,1.92129298593356,10.1590790918794
"3883","ENSG00000108242.12","female_placenta_early",1,1.5589846885948,0.342267043592722,4.55487818000351
"3884","ENSG00000138109.10","female_placenta_early",1,6.4495132959181,0.290009737524617,22.2389542881147
"3894","ENSG00000187122.16","female_placenta_early",1,38.0256934349673,0.254722707844753,149.282699437001
"3930","ENSG00000059915.16","female_placenta_early",1,14.6618107469069,1.73301964294831,8.46026806826229
"3949","ENSG00000108018.15","female_placenta_early",1,2.15161099692782,0.19944935367069,10.7877561763391
"3953","ENSG00000150594.6","female_placenta_early",1,27.4212942559529,3.42502654926258,8.00615524041903
"3955","ENSG00000197142.10","female_placenta_early",1,66.9915135264466,14.3910320046597,4.6550875228931
"3958","ENSG00000148702.14","female_placenta_early",1,7.02742356568152,0.278849850170678,25.2014607911038
"3964","ENSG00000151892.14","female_placenta_early",1,5.87075420040506,0.742591708710277,7.90576319603851
"3967","ENSG00000165646.13","female_placenta_early",1,125.720015086645,0.717295862983173,175.269399385333
"3969","ENSG00000170370.11","female_placenta_early",1,8.66286581392548,0.258204095186815,33.5504586310211
"3978","ENSG00000187908.17","female_placenta_early",1,1.39839645348349,0.0298398369476902,46.8634079983381
"4027","ENSG00000184956.15","female_placenta_early",1,1.15598223100454,0.00985389563897138,117.312205584228
"4028","ENSG00000117983.17","female_placenta_early",1,2.16609695631849,0.535586488218216,4.04434578535512
"4036","ENSG00000110665.11","female_placenta_early",1,1.48737403730409,0.44606195763493,3.33445614862633
"4037","ENSG00000064201.15","female_placenta_early",1,1.64090287145713,0.442286786850607,3.71004271491245
"4050","ENSG00000167346.7","female_placenta_early",1,5.69870972026018,0.035618912782462,159.991119186156
"4062","ENSG00000149054.15","female_placenta_early",1,2.69242032989089,0.788816831032868,3.41323894720333
"4063","ENSG00000149050.9","female_placenta_early",1,1.9133429260845,0.579112505332606,3.30392265486582
"4069","ENSG00000130413.15","female_placenta_early",1,2.25042254521274,0.131594132223737,17.1012377769744
"4092","ENSG00000187486.5","female_placenta_early",1,1.04115006717579,0.0563472147104943,18.477400746871
"4093","ENSG00000006071.13","female_placenta_early",1,1.54908177344152,0.248272483669846,6.23944204586722
"4100","ENSG00000110786.17","female_placenta_early",1,1.93139138642191,0.052912566596571,36.5015630624706
"4108","ENSG00000182255.6","female_placenta_early",1,1.95672617169028,0.513340634651089,3.8117500147251
"4114","ENSG00000184937.13","female_placenta_early",1,33.3089705370942,1.81015925842051,18.4011270732933
"4124","ENSG00000135373.12","female_placenta_early",1,26.350346343758,0.834327788104588,31.58272650084
"4148","ENSG00000180210.14","female_placenta_early",1,2.10790530429038,0.526169355426128,4.00613468373363
"4158","ENSG00000086205.17","female_placenta_early",1,3.70654222671332,0.3700864421698,10.0153418346861
"4174","ENSG00000166961.14","female_placenta_early",1,7.33257437114032,0.971692492795409,7.54618814646354
"4193","ENSG00000124939.5","female_placenta_early",1,16.5226264077,0.0961789131532186,171.790529399916
"4194","ENSG00000124935.3","female_placenta_early",1,7.18217895343795,0.0750117456607282,95.7473911608769
"4195","ENSG00000197745.2","female_placenta_early",1,1.67185611970819,0.00208236844024668,802.862782299054
"4196","ENSG00000162174.12","female_placenta_early",1,12.2813490745338,2.31193338321187,5.3121552565982
"4207","ENSG00000177363.4","female_placenta_early",1,6.27539590166057,1.0082911168796,6.22379370065393
"4241","ENSG00000110076.18","female_placenta_early",1,5.93095651149427,1.40718341116929,4.21477148210977
"4242","ENSG00000068831.18","female_placenta_early",1,12.2155527658082,3.76218032705641,3.24693441139911
"4243","ENSG00000068976.13","female_placenta_early",1,5.02675449396871,1.24783737097878,4.02837309642828
"4257","ENSG00000204710.2","female_placenta_early",1,2.2677654532081,0.326513543214855,6.94539476335243
"4270","ENSG00000172543.7","female_placenta_early",1,51.6412972147646,1.57736207074553,32.7390256001
"4291","ENSG00000173621.8","female_placenta_early",1,12.3303688702853,4.03935651313883,3.05255771065967
"4292","ENSG00000173237.4","female_placenta_early",1,1.60276699506167,0.095820463435459,16.7267714807206
"4297","ENSG00000175463.11","female_placenta_early",1,2.78283767811857,0.67318662809594,4.13382791929428
"4306","ENSG00000132744.7","female_placenta_early",1,1.24218168286593,0.112275931525479,11.0636506505763
"4332","ENSG00000187726.8","female_placenta_early",1,1.06861449859594,0.187903502766412,5.6870387345805
"4335","ENSG00000149380.11","female_placenta_early",1,16.7677198983021,1.55810032323052,10.7616432962008
"4344","ENSG00000149260.16","female_placenta_early",1,21.1581551156094,4.40848605987177,4.79941522514984
"4380","ENSG00000082175.14","female_placenta_early",1,51.4837074496437,3.62449414372959,14.2043842279925
"4386","ENSG00000149968.11","female_placenta_early",1,1.59121675573026,0.385913767227777,4.12324433813495
"4387","ENSG00000262406.2","female_placenta_early",1,127.064476234159,11.4885423454853,11.0601042685012
"4390","ENSG00000170962.12","female_placenta_early",1,20.6479110554599,5.55728247952365,3.71546905012282
"4413","ENSG00000149294.16","female_placenta_early",1,21.7573952651274,0.710450132357699,30.6248028878865
"4417","ENSG00000109906.13","female_placenta_early",1,8.26520357364148,2.34262937127345,3.52817380119696
"4418","ENSG00000166741.7","female_placenta_early",1,135.95278048685,30.8894200085024,4.40127333078538
"4423","ENSG00000118137.9","female_placenta_early",1,15.4798147549518,3.86016051524482,4.01014794431937
"4429","ENSG00000137731.13","female_placenta_early",1,1.20989332525475,0.194320803079538,6.22626762590892
"4431","ENSG00000137648.17","female_placenta_early",1,21.8207162351484,0.342648532853743,63.682503040112
"4433","ENSG00000149573.8","female_placenta_early",1,26.260974057664,2.23728929548019,11.737853531377
"4434","ENSG00000198851.9","female_placenta_early",1,6.12325070794284,0.159426999621282,38.4078651827394
"4453","ENSG00000184232.8","female_placenta_early",1,71.611768539738,17.0814742213697,4.19236464087792
"4455","ENSG00000137642.12","female_placenta_early",1,65.0123593704854,17.3589432564898,3.74517955441671
"4456","ENSG00000109943.8","female_placenta_early",1,1.45879957984181,0.288351104141076,5.05910870078753
"4473","ENSG00000151715.7","female_placenta_early",1,13.177195870987,1.39742233799158,9.42964450527225
"4480","ENSG00000149328.14","female_placenta_early",1,32.4952233911452,1.83247576189412,17.7329621852989
"4481","ENSG00000111181.12","female_placenta_early",1,20.7275240188575,1.92831249782893,10.7490482181671
"4483","ENSG00000139044.11","female_placenta_early",1,44.1018222999804,0.853918388741978,51.6464136168243
"4492","ENSG00000130038.9","female_placenta_early",1,5.31798533605341,1.02436080015977,5.19151585576485
"4500","ENSG00000111319.12","female_placenta_early",1,23.9871246610595,1.71379059641747,13.9965318465409
"4518","ENSG00000182326.14","female_placenta_early",1,271.096414081908,33.9006167506275,7.9967988805658
"4519","ENSG00000159403.16","female_placenta_early",1,254.950047938792,51.0854217089685,4.99066151183466
"4525","ENSG00000166523.7","female_placenta_early",1,2.88038981222489,0.231175281560416,12.4597655630934
"4530","ENSG00000111796.3","female_placenta_early",1,4.39132598314395,0.262165955543958,16.7501763302278
"4533","ENSG00000172322.13","female_placenta_early",1,7.20197921561356,1.59943682894753,4.5028219216089
"4535","ENSG00000205809.9","female_placenta_early",1,1.51962685101157,0.0524903400690448,28.9506002249687
"4536","ENSG00000134545.13","female_placenta_early",1,15.5267810013971,0.428051140221724,36.2731915475204
"4548","ENSG00000008394.12","female_placenta_early",1,42.8807993627748,3.79345356750867,11.3038946173095
"4582","ENSG00000173157.16","female_placenta_early",1,40.3660834044606,2.75129371884861,14.6716735941059
"4593","ENSG00000169884.13","female_placenta_early",1,2.66969124065791,0.258775519915097,10.3166298015122
"4604","ENSG00000161798.6","female_placenta_early",1,10.2494594992164,0.0558993310640619,183.355673567369
"4626","ENSG00000167779.8","female_placenta_early",1,43.0734328648253,4.16433000025162,10.3434244793815
"4627","ENSG00000139626.15","female_placenta_early",1,5.0851373937475,0.645852748980007,7.87352442453553
"4640","ENSG00000135424.16","female_placenta_early",1,1.7667511969764,0.435941379302061,4.0527265381528
"4675","ENSG00000111087.9","female_placenta_early",1,1.49076856670536,0.148965233871127,10.0074932114365
"4679","ENSG00000155980.11","female_placenta_early",1,1.53972414871801,0.205856965132719,7.47958247477965
"4683","ENSG00000135454.13","female_placenta_early",1,2.6317829159915,0.806640091381607,3.26264829148747
"4694","ENSG00000198673.10","female_placenta_early",1,4.5306415937558,1.44304698971563,3.13963552541599
"4696","ENSG00000166148.3","female_placenta_early",1,12.1579406232262,0.754071492152188,16.1230609428376
"4706","ENSG00000149948.13","female_placenta_early",1,7.39967997918615,0.521376321391056,14.1925892596032
"4717","ENSG00000153233.12","female_placenta_early",1,43.2668102028281,1.509182892727,28.6690303814985
"4718","ENSG00000127324.8","female_placenta_early",1,31.2480726111341,0.419711496356836,74.4513144919128
"4722","ENSG00000072657.8","female_placenta_early",1,1.40198358565202,0.334525244137663,4.19096498760817
"4728","ENSG00000067798.15","female_placenta_early",1,47.8861698616693,13.1771759592898,3.63402370960296
"4730","ENSG00000165899.11","female_placenta_early",1,47.9868354245738,15.5422655909863,3.0875058171959
"4731","ENSG00000139220.16","female_placenta_early",1,2.59749701012565,0.11743127085292,22.1192957485656
"4733","ENSG00000198774.4","female_placenta_early",1,2.41273086910188,0.304769807575391,7.91656787887377
"4734","ENSG00000182050.13","female_placenta_early",1,5.22795193810501,0.14237083140083,36.720667335195
"4751","ENSG00000084110.10","female_placenta_early",1,4.79917012511848,0.581186179245137,8.25754344563354
"4759","ENSG00000151572.17","female_placenta_early",1,1.21124618160638,0.203532542396385,5.95111802439654
"4808","ENSG00000135144.7","female_placenta_early",1,7.59485926156688,1.19692217685115,6.34532420607942
"4809","ENSG00000111344.11","female_placenta_early",1,4.92808732948448,0.941594938456226,5.23376573961223
"4869","ENSG00000181234.9","female_placenta_early",1,20.6751748173707,3.01057576162103,6.86751520454621
"4871","ENSG00000151948.11","female_placenta_early",1,11.5201695929114,0.200962892304895,57.3248596334558
"4873","ENSG00000198598.6","female_placenta_early",1,2.17412458572745,0.329827912647041,6.59169373592116
"4878","ENSG00000182870.12","female_placenta_early",1,1.84300218362978,0.278629272461666,6.61453180187068
"4879","ENSG00000187848.13","female_placenta_early",1,1.02189169663401,0.0615925510835065,16.5911571879616
"4903","ENSG00000122025.14","female_placenta_early",1,2.13549609603347,0.068576719611123,31.1402485879056
"4910","ENSG00000102802.9","female_placenta_early",1,71.9412221480382,3.46492422447341,20.7627115305737
"4914","ENSG00000133083.14","female_placenta_early",1,2.58599807218108,0.384798465145515,6.72039601614097
"4919","ENSG00000133107.14","female_placenta_early",1,28.9935182409708,1.55704966729434,18.6208050070441
"4921","ENSG00000150907.7","female_placenta_early",1,164.496143309435,20.4836201098859,8.03061872984283
"4923","ENSG00000102743.14","female_placenta_early",1,21.5750965672128,5.93356719293998,3.63610891486723
"4936","ENSG00000102468.10","female_placenta_early",1,3.17521447939176,0.127220397853409,24.9583756454718
"4954","ENSG00000184226.14","female_placenta_early",1,1.24109758841424,0.279117681516212,4.44650292905988
"4967","ENSG00000183098.10","female_placenta_early",1,31.5380877366972,4.68737642837568,6.72830275498614
"4970","ENSG00000134873.9","female_placenta_early",1,42.2512299942531,3.93049053931622,10.7496073509449
"4974","ENSG00000185352.8","female_placenta_early",1,3.190410060737,0.249616972809025,12.7812224659014
"4978","ENSG00000088386.16","female_placenta_early",1,66.0283761876285,4.93602099861826,13.3768426443307
"4982","ENSG00000175198.16","female_placenta_early",1,114.451794640979,21.9634088377855,5.21102145328543
"4990","ENSG00000204442.3","female_placenta_early",1,11.1969231516904,0.62459628362484,17.9266566984823
"5001","ENSG00000153531.13","female_placenta_early",1,8.84657141968549,2.50820188418586,3.52705716212992
"5012","ENSG00000214274.9","female_placenta_early",1,5.2468820969442,1.00278149386885,5.23232840755877
"5039","ENSG00000100918.12","female_placenta_early",1,2.35676164420958,0.751375223586589,3.13659749513684
"5047","ENSG00000100450.12","female_placenta_early",1,2.04040955176041,0.0638148618210907,31.9738928132578
"5048","ENSG00000100453.12","female_placenta_early",1,16.1821369275278,0.517948572277604,31.2427483994583
"5083","ENSG00000198513.11","female_placenta_early",1,3.01629301346157,0.898680052861974,3.35635914456514
"5088","ENSG00000168229.3","female_placenta_early",1,2.32556240924438,0.0458462552400006,50.7252423795639
"5104","ENSG00000100557.9","female_placenta_early",1,1.28424995375682,0.0722998031205521,17.7628416444713
"5117","ENSG00000140009.18","female_placenta_early",1,1.88817449544388,0.420312955150273,4.49230620257424
"5133","ENSG00000139988.9","female_placenta_early",1,1.64384627938544,0.270275072548009,6.08212316396083
"5146","ENSG00000205683.11","female_placenta_early",1,4.85741090510249,1.20810870204929,4.0206737165811
"5148","ENSG00000100767.16","female_placenta_early",1,60.0820192265769,9.34080464952749,6.43221023036984
"5190","ENSG00000133962.7","female_placenta_early",1,25.9981262510527,4.99892502498792,5.20074338404696
"5206","ENSG00000170099.5","female_placenta_early",1,1.20953737057173,0.212494698442069,5.69208257636356
"5208","ENSG00000188488.13","female_placenta_early",1,2.60366972045543,0.375680808220204,6.93053694382306
"5209","ENSG00000250366.2","female_placenta_early",1,1.10541478261978,0.00318781603129694,346.76241406881
"5211","ENSG00000168398.6","female_placenta_early",1,28.253348807685,3.826869107709,7.38288873031228
"5213","ENSG00000140057.8","female_placenta_early",1,1.87676577865405,0.545183336633453,3.44244890213119
"5230","ENSG00000166165.12","female_placenta_early",1,16.3946013822024,3.7843936771492,4.33216065262865
"5241","ENSG00000185567.6","female_placenta_early",1,40.2811342280188,5.77058117452914,6.98042935533362
"5250","ENSG00000206190.11","female_placenta_early",1,6.9417808687403,1.57166290486977,4.41683827189107
"5252","ENSG00000034053.14","female_placenta_early",1,4.7517214089324,0.977910145234061,4.85905727851416
"5267","ENSG00000166073.10","female_placenta_early",1,12.247380900528,2.79063176599859,4.3887484725687
"5323","ENSG00000069966.18","female_placenta_early",1,23.7692951454837,7.25365099601116,3.27687328195892
"5326","ENSG00000166415.14","female_placenta_early",1,29.5699039938507,0.759797113854278,38.9181578274881
"5327","ENSG00000137766.17","female_placenta_early",1,6.69220729345327,2.06400292566406,3.24234389895555
"5335","ENSG00000128918.14","female_placenta_early",1,136.243594933662,7.24577685845482,18.8031728819643
"5336","ENSG00000166035.10","female_placenta_early",1,7.50293350825385,0.665128722405561,11.2804232556942
"5340","ENSG00000140297.12","female_placenta_early",1,8.3046119996618,0.105460817607122,78.7459474342343
"5345","ENSG00000198535.5","female_placenta_early",1,54.1909286408643,0.0998823207875651,542.547752330669
"5346","ENSG00000205502.3","female_placenta_early",1,16.8438046101797,1.15078234807621,14.6368291435282
"5350","ENSG00000074410.13","female_placenta_early",1,84.861312917328,7.2958375777932,11.6314695896775
"5353","ENSG00000035664.11","female_placenta_early",1,3.62587859854676,0.6247988542244,5.80327344397547
"5354","ENSG00000157734.13","female_placenta_early",1,4.79919692444007,1.28696957120703,3.72906790635226
"5362","ENSG00000138615.5","female_placenta_early",1,43.1806492205005,3.55835160353431,12.1350147572858
"5376","ENSG00000103647.12","female_placenta_early",1,11.6837475970325,2.44804515114113,4.77268468336307
"5390","ENSG00000129009.12","female_placenta_early",1,168.528593455504,21.6713297596932,7.77656910416972
"5441","ENSG00000157766.16","female_placenta_early",1,50.6542482387931,11.5870942175668,4.37160924798539
"5443","ENSG00000140545.14","female_placenta_early",1,89.2186596215623,21.4381272929843,4.16168158730727
"5460","ENSG00000176463.13","female_placenta_early",1,3.76991608000867,0.859122147444149,4.38810254307144
"5466","ENSG00000184254.16","female_placenta_early",1,152.065802057345,24.2447842220835,6.27210375082798
"5476","ENSG00000130656.4","female_placenta_early",1,92.0675423520821,0.802892819677443,114.669779198013
"5491","ENSG00000127585.11","female_placenta_early",1,3.11417835368102,0.935642772617121,3.3283839140554
"5492","ENSG00000103260.8","female_placenta_early",1,13.1609843202909,3.0008620036066,4.38573460041592
"5496","ENSG00000102854.15","female_placenta_early",1,2.28372772277155,0.402379627376203,5.67555504154883
"5538","ENSG00000184697.6","female_placenta_early",1,15.7764489584694,2.63869674956299,5.97887914216828
"5548","ENSG00000167984.17","female_placenta_early",1,4.30222446569371,1.40536090892232,3.06129510105188
"5560","ENSG00000267795.5","female_placenta_early",1,2.61989942198848,0.503755290555705,5.20073827730604
"5583","ENSG00000166780.10","female_placenta_early",1,1.55341570126556,0.284861417618836,5.45323306417065
"5597","ENSG00000005187.11","female_placenta_early",1,34.6716436553132,7.47422082063129,4.63883051991294
"5603","ENSG00000103316.10","female_placenta_early",1,1.61545813641353,0.0931908724967111,17.3349394971116
"5629","ENSG00000197471.11","female_placenta_early",1,8.87416678981376,1.5655690043298,5.66833321640312
"5636","ENSG00000174938.14","female_placenta_early",1,18.3665316449332,4.15012697185722,4.42553487386773
"5646","ENSG00000180209.11","female_placenta_early",1,1.73539997873279,0.534966364584819,3.24394222444174
"5667","ENSG00000140678.16","female_placenta_early",1,22.6767059081247,5.6927132630683,3.98346181516654
"5668","ENSG00000156886.11","female_placenta_early",1,25.0244073652259,0.919460570205387,27.2164007638044
"5681","ENSG00000102924.11","female_placenta_early",1,1.0885270082116,0.0261877613483619,41.5662489714757
"5682","ENSG00000103449.11","female_placenta_early",1,7.7792232816316,2.27788678363154,3.41510532372882
"5687","ENSG00000177508.11","female_placenta_early",1,38.1781818244258,1.50504982997829,25.3667227914816
"5688","ENSG00000176842.14","female_placenta_early",1,1.2175194051044,0.126722641568424,9.60774957052169
"5689","ENSG00000159387.7","female_placenta_early",1,5.68030380161867,0.264275348030491,21.4938844805279
"5690","ENSG00000087245.12","female_placenta_early",1,620.069825951991,180.89519370782,3.42778496897779
"5691","ENSG00000087258.14","female_placenta_early",1,9.56082318228237,1.11224648187788,8.59595722536267
"5696","ENSG00000169715.14","female_placenta_early",1,28.906490800427,4.6707764699333,6.18879772699544
"5697","ENSG00000205364.3","female_placenta_early",1,5.13304584572908,0.176758350850913,29.0399057301601
"5698","ENSG00000198417.6","female_placenta_early",1,15.009036179075,1.04990289749504,14.2956422111845
"5699","ENSG00000125144.13","female_placenta_early",1,25.5147407105943,1.02917881037979,24.7913583657817
"5700","ENSG00000205358.3","female_placenta_early",1,9.8748888759538,0.955100017499764,10.3391149565718
"5701","ENSG00000187193.8","female_placenta_early",1,1.62455372899314,0.278352647188085,5.83631499611863
"5707","ENSG00000102934.9","female_placenta_early",1,7.08764495388698,0.939048825186752,7.54768523615099
"5713","ENSG00000182885.16","female_placenta_early",1,3.84140095797431,0.313219908836409,12.2642298576896
"5727","ENSG00000166589.12","female_placenta_early",1,2.01017392797265,0.296960756007624,6.76915682394424
"5787","ENSG00000135697.9","female_placenta_early",1,2.76709601993612,0.116300463542661,23.792648246162
"5795","ENSG00000064270.12","female_placenta_early",1,54.8626530926072,3.31183688340896,16.565626576432
"5822","ENSG00000003249.13","female_placenta_early",1,1.53308906522544,0.223139534980368,6.87053984118199
"5838","ENSG00000167711.13","female_placenta_early",1,1.58021970068161,0.380544673834453,4.15252087162057
"5880","ENSG00000091622.15","female_placenta_early",1,3.58952596751945,0.49544029263343,7.24512321846075
"5884","ENSG00000108839.11","female_placenta_early",1,3.09085146697105,0.410017947322477,7.53833213193497
"5892","ENSG00000072818.11","female_placenta_early",1,5.7643416776792,0.9572227848172,6.02194365732739
"5894","ENSG00000174292.12","female_placenta_early",1,1.12148229631079,0.199042929895075,5.63437393582368
"5895","ENSG00000169992.9","female_placenta_early",1,2.83903563643588,0.869229599946041,3.26615158597006
"5912","ENSG00000170049.9","female_placenta_early",1,1.62055553644183,0.494697527481693,3.27585129582399
"5915","ENSG00000179593.15","female_placenta_early",1,1.85180644232062,0.466858436935355,3.9665266723605
"5931","ENSG00000188803.14","female_placenta_early",1,4.05807855017925,0.0846261522743821,47.9530079191336
"5948","ENSG00000108551.4","female_placenta_early",1,15.1731989564694,0.592135015701773,25.6245595246327
"5949","ENSG00000133027.17","female_placenta_early",1,21.4208904988601,6.19412340248881,3.45826021003281
"5952","ENSG00000171962.17","female_placenta_early",1,1.11333640002733,0.283257568549227,3.93047361710247
"5995","ENSG00000198720.12","female_placenta_early",1,5.93210144584957,1.48349794489767,3.99872575911034
"6010","ENSG00000205045.8","female_placenta_early",1,3.90123018439832,0.239821980019545,16.2671919566354
"6025","ENSG00000275410.4","female_placenta_early",1,4.65767781510491,0.0197244838992847,236.136866185575
"6036","ENSG00000141750.6","female_placenta_early",1,1.46292422957954,0.135509694172753,10.7957164135766
"6041","ENSG00000161405.16","female_placenta_early",1,11.0908751057752,1.0893215189631,10.1814523193596
"6048","ENSG00000141753.6","female_placenta_early",1,505.179270763684,98.2216544423907,5.14325760069521
"6049","ENSG00000126353.3","female_placenta_early",1,83.650580583565,9.39836775902554,8.90054344843367
"6055","ENSG00000184502.3","female_placenta_early",1,12.5357887944949,0.448266783305603,27.9650182912364
"6056","ENSG00000173805.15","female_placenta_early",1,10.6452312185544,2.17851739249047,4.88645684227695
"6078","ENSG00000131482.9","female_placenta_early",1,1.96905642926969,0.247033329309856,7.97081282420756
"6083","ENSG00000108830.9","female_placenta_early",1,2.41880127319292,0.55606837264254,4.34982709356104
"6089","ENSG00000005102.12","female_placenta_early",1,1.3498853562985,0.104989171369244,12.8573769912993
"6096","ENSG00000004939.14","female_placenta_early",1,35.3097632201469,10.7468891528917,3.28557992157628
"6118","ENSG00000141293.15","female_placenta_early",1,2.97427439081435,0.25758323222177,11.546847848596
"6122","ENSG00000120075.5","female_placenta_early",1,1.80060575482911,0.320237577481707,5.62271851101536
"6123","ENSG00000108511.9","female_placenta_early",1,6.17723243824214,1.35097886642276,4.57241233876497
"6125","ENSG00000120068.6","female_placenta_early",1,1.30977738930319,0.0760816104407835,17.2154267202668
"6130","ENSG00000167080.8","female_placenta_early",1,25.3411572665254,0.236712698532687,107.054490205248
"6136","ENSG00000182575.7","female_placenta_early",1,7.22388889538823,2.20683188060544,3.27342058036898
"6141","ENSG00000167105.7","female_placenta_early",1,2.1703130606996,0.0495122989043447,43.8338172277667
"6149","ENSG00000108846.15","female_placenta_early",1,20.0658818318294,5.35509653438375,3.74706257916946
"6193","ENSG00000108932.11","female_placenta_early",1,17.0296238874047,3.22192757859093,5.28553900483772
"6197","ENSG00000153822.13","female_placenta_early",1,3.18544886717811,0.911548883326358,3.49454530134906
"6203","ENSG00000170412.16","female_placenta_early",1,68.5756729778155,13.8517779083077,4.95067661579289
"6220","ENSG00000259120.2","female_placenta_early",1,2.22055662700676,0.632150804442919,3.51270078500275
"6228","ENSG00000129654.7","female_placenta_early",1,6.63284445074094,0.0887232276634804,74.7588272588408
"6235","ENSG00000070526.14","female_placenta_early",1,17.3236782109395,3.76566282594363,4.6004326493566
"6242","ENSG00000187997.11","female_placenta_early",1,1.02735429115287,0.184583688006307,5.56579133426875
"6301","ENSG00000170579.16","female_placenta_early",1,14.9183726786413,4.04105916836117,3.69169865055239
"6303","ENSG00000101680.14","female_placenta_early",1,33.8821266703516,8.33122824960003,4.06688253583476
"6307","ENSG00000154856.12","female_placenta_early",1,207.243631002326,23.780476470306,8.71486453440515
"6309","ENSG00000154864.12","female_placenta_early",1,2.48203713681999,0.404447974283959,6.13685144848167
"6325","ENSG00000168234.12","female_placenta_early",1,18.4013438182843,5.07083297813254,3.62886016905669
"6329","ENSG00000170558.8","female_placenta_early",1,3.99368813164819,0.62207288473294,6.41996818968039
"6368","ENSG00000198796.6","female_placenta_early",1,10.2599606256207,1.79464290921096,5.71699281955296
"6371","ENSG00000183287.14","female_placenta_early",1,1.65678852549316,0.18424163657493,8.99247616495935
"6381","ENSG00000101493.10","female_placenta_early",1,54.9453937128346,14.9524914985247,3.67466476862775
"6427","ENSG00000172000.7","female_placenta_early",1,1.37939552109161,0.233674290490705,5.90306926018667
"6432","ENSG00000125910.5","female_placenta_early",1,1.15959199135445,0.385356646868254,3.00913971713817
"6444","ENSG00000007264.14","female_placenta_early",1,3.82672793816427,0.901664158011835,4.24407236792265
"6450","ENSG00000167664.8","female_placenta_early",1,2.67400324243405,0.427215803091016,6.25913934617341
"6455","ENSG00000167676.4","female_placenta_early",1,2.20949814180979,0.370879224688917,5.95745998893051
"6456","ENSG00000171236.9","female_placenta_early",1,10.313161836281,3.11594690647236,3.30980024558788
"6471","ENSG00000130377.13","female_placenta_early",1,2.49922842679055,0.336076411244338,7.43648867689656
"6478","ENSG00000125735.10","female_placenta_early",1,1.32502183677152,0.254169569233195,5.21314113553791
"6479","ENSG00000125730.16","female_placenta_early",1,322.033211266952,16.8699358221615,19.0891782080111
"6493","ENSG00000167775.10","female_placenta_early",1,254.370674155307,61.8902447242745,4.11002857216911
"6498","ENSG00000181143.15","female_placenta_early",1,125.469939894011,11.0819359054064,11.3220236035474
"6554","ENSG00000105610.5","female_placenta_early",1,3.40474755595814,0.432035219445368,7.88071759596136
"6587","ENSG00000188039.14","female_placenta_early",1,2.43673114809661,0.291483757781637,8.35974932751509
"6608","ENSG00000130513.6","female_placenta_early",1,4740.94611196224,1446.24529429479,3.2781065083942
"6617","ENSG00000105664.10","female_placenta_early",1,21.9649584491218,1.1111971661936,19.7669316637682
"6649","ENSG00000196350.8","female_placenta_early",1,1.7083626966233,0.421249994244017,4.0554604628284
"6681","ENSG00000105707.13","female_placenta_early",1,4.22874736228598,0.524626543036369,8.06049068316551
"6683","ENSG00000161249.20","female_placenta_early",1,20.8545037758285,1.4931157373205,13.9671046621298
"6700","ENSG00000161281.10","female_placenta_early",1,7.80178139703905,2.46147870322853,3.16955063913657
"6766","ENSG00000204936.9","female_placenta_early",1,3.35416532166994,0.240545568853547,13.9439913096553
"6774","ENSG00000105767.2","female_placenta_early",1,4.04828050236801,0.443287568126875,9.13240251576227
"6797","ENSG00000213889.10","female_placenta_early",1,3.15181011972818,0.921661955648361,3.41970296203772
"6826","ENSG00000105523.3","female_placenta_early",1,1.94948649003832,0.435552345280279,4.47589482909068
"6831","ENSG00000176920.11","female_placenta_early",1,1.69854170188379,0.0191413515195703,88.7367697180204
"6836","ENSG00000104826.13","female_placenta_early",1,3.75015938783842,0.340395838401788,11.0170541609616
"6837","ENSG00000268655.2","female_placenta_early",1,7.39872900947013,0.609710008721688,12.1348327953189
"6838","ENSG00000104827.12","female_placenta_early",1,4740.86938182918,441.673578892842,10.7338758947576
"6839","ENSG00000104818.14","female_placenta_early",1,9.29332745440858,0.344028680848933,27.013234569502
"6840","ENSG00000267631.4","female_placenta_early",1,2.24749401375895,0.118441028340881,18.9756374563932
"6841","ENSG00000189052.6","female_placenta_early",1,6129.09062833111,683.121151671997,8.97218687099593
"6842","ENSG00000213030.5","female_placenta_early",1,5721.32875008736,606.390633669307,9.43505462059539
"6843","ENSG00000196337.11","female_placenta_early",1,249.720026436882,8.62242032617062,28.9617087767035
"6865","ENSG00000105357.16","female_placenta_early",1,4.26711372885872,0.611227019371946,6.98122562258996
"6868","ENSG00000131400.7","female_placenta_early",1,11.0861468871974,0.380114810133009,29.1652589998221
"6874","ENSG00000142511.4","female_placenta_early",1,79.6471306295085,6.52447328751331,12.2074422132954
"6876","ENSG00000129451.11","female_placenta_early",1,1.64741343899484,0.0350568933476448,46.9925678427383
"6877","ENSG00000167757.13","female_placenta_early",1,9.38812523982592,0.0918620938338663,102.198032376711
"6880","ENSG00000105374.9","female_placenta_early",1,35.8175772938958,1.0622028820116,33.7200904840933
"6903","ENSG00000167618.9","female_placenta_early",1,55.1263686030295,10.9353465560413,5.04111765644726
"6906","ENSG00000189430.12","female_placenta_early",1,1.00099883067056,0.0648111475030464,15.4448558501994
"6913","ENSG00000179954.15","female_placenta_early",1,9.82517144940745,1.09443547191654,8.97738761354466
"6951","ENSG00000101280.7","female_placenta_early",1,34.905067910084,3.24249965880542,10.7648640194286
"6954","ENSG00000125775.14","female_placenta_early",1,4.27984100449263,1.2183025821244,3.51295406189627
"6957","ENSG00000125780.11","female_placenta_early",1,1.17259895531653,0.123800437326806,9.47168669704394
"6961","ENSG00000088882.7","female_placenta_early",1,222.543118634105,50.2026089083093,4.43289947421977
"6968","ENSG00000101220.17","female_placenta_early",1,30.6054073813524,8.01790636147475,3.81713205437374
"7003","ENSG00000125798.14","female_placenta_early",1,1.88802314347936,0.0227700928125323,82.9167961247932
"7006","ENSG00000077984.5","female_placenta_early",1,4.73367068205887,0.349900458719199,13.528620966621
"7041","ENSG00000125966.9","female_placenta_early",1,7.27772009074564,0.511823955921339,14.2191861216128
"7057","ENSG00000101082.13","female_placenta_early",1,6.35290588084295,0.497071643313384,12.7806644500895
"7066","ENSG00000149633.11","female_placenta_early",1,1.27444361978699,0.102093553463754,12.4830959110406
"7067","ENSG00000129988.5","female_placenta_early",1,10.6359679064773,0.119567972949484,88.9533178836348
"7073","ENSG00000183798.4","female_placenta_early",1,2.62726147496632,0.3210156750358,8.18421553612086
"7086","ENSG00000124107.5","female_placenta_early",1,115.367917243758,1.51053198056153,76.3756866642908
"7090","ENSG00000101443.17","female_placenta_early",1,6.53970706485273,0.121765173565361,53.7075328960325
"7103","ENSG00000196562.14","female_placenta_early",1,176.256537006658,18.7958297742747,9.37742781900989
"7107","ENSG00000158445.9","female_placenta_early",1,7.50956322606908,0.538671984198205,13.9408832208841
"7112","ENSG00000042062.11","female_placenta_early",1,3.36964538863906,0.908346971650559,3.70964564621828
"7118","ENSG00000064787.13","female_placenta_early",1,4.59335748417441,0.551003859223737,8.33634357959962
"7135","ENSG00000101187.15","female_placenta_early",1,32.9676369842053,10.3087798890221,3.1980154139592
"7155","ENSG00000154639.18","female_placenta_early",1,6.83491089386646,0.663008782216625,10.3089296510001
"7170","ENSG00000166979.12","female_placenta_early",1,16.3411131327183,3.54234628213221,4.61307614536269
"7178","ENSG00000159212.12","female_placenta_early",1,1.13877182725613,0.131321338367477,8.67164347708291
"7181","ENSG00000159261.10","female_placenta_early",1,2.28079640344856,0.739890287328422,3.08261433148961
"7191","ENSG00000183778.17","female_placenta_early",1,2.78714752006897,0.658136514370348,4.23490789404914
"7196","ENSG00000184012.11","female_placenta_early",1,16.0120226246834,3.56087538298152,4.49665346369873
"7199","ENSG00000160180.15","female_placenta_early",1,1.42474036077394,0.0387177302905395,36.7981374445926
"7201","ENSG00000160185.14","female_placenta_early",1,1.18745568399878,0.0496542312339124,23.9144913633822
"7217","ENSG00000183570.16","female_placenta_early",1,8.23658598229343,0.70286660949613,11.7185620585933
"7224","ENSG00000093072.16","female_placenta_early",1,48.2645906108142,10.5685553821374,4.56681058722456
"7229","ENSG00000100033.16","female_placenta_early",1,2.92278739075136,0.179260875028049,16.3046587287607
"7252","ENSG00000128228.4","female_placenta_early",1,35.7545520267085,11.8778612593192,3.01018434599545
"7256","ENSG00000185686.17","female_placenta_early",1,1.78785112434296,0.103376068553981,17.2946325909984
"7263","ENSG00000099998.17","female_placenta_early",1,11.795344914204,1.73741539366701,6.78901830684751
"7266","ENSG00000100031.18","female_placenta_early",1,18.7763069326641,2.62930705028287,7.14116174854667
"7278","ENSG00000186998.15","female_placenta_early",1,18.4895283605039,2.8537446785398,6.47904085447637
"7288","ENSG00000128342.4","female_placenta_early",1,12.5101968988249,2.69364038796864,4.64434560556142
"7292","ENSG00000214491.8","female_placenta_early",1,8.46450682102516,0.1400253538515,60.4498156098356
"7331","ENSG00000128298.16","female_placenta_early",1,3.20009081245126,0.32069615038366,9.97857569734741
"7339","ENSG00000221890.3","female_placenta_early",1,2.02268652611688,0.619406680846994,3.26552261811416
"7344","ENSG00000100298.15","female_placenta_early",1,1.20641796902244,0.387387758783727,3.11423874830275
"7349","ENSG00000100351.16","female_placenta_early",1,3.29623110429946,0.794133355979036,4.15072743070432
"7350","ENSG00000133477.16","female_placenta_early",1,8.48380656599945,0.899282755477431,9.43397003259045
"7364","ENSG00000172346.14","female_placenta_early",1,4.01328699227474,0.473290311794131,8.47954604661423
"7386","ENSG00000186976.14","female_placenta_early",1,1.62921888978839,0.453472022436398,3.59276605651432
"7389","ENSG00000138944.7","female_placenta_early",1,30.1949905112581,1.23276820924392,24.4936479419576
"7401","ENSG00000075275.16","female_placenta_early",1,18.7386300126177,4.23937479905105,4.42013997366126
"7403","ENSG00000219438.8","female_placenta_early",1,8.38985858213611,0.199974263558742,41.954691732977
"7407","ENSG00000073146.15","female_placenta_early",1,2.67982917370771,0.53401498804947,5.018265842118
"7430","ENSG00000157399.14","female_placenta_early",1,10.4946147812441,0.622284877407368,16.8646469844614
"7437","ENSG00000101911.12","female_placenta_early",1,61.7421397218585,9.75058509558418,6.332147160053
"7446","ENSG00000147003.6","female_placenta_early",1,2.92833238800535,0.440380317028276,6.6495532946749
"7450","ENSG00000131831.17","female_placenta_early",1,9.24316017743427,2.27461680197183,4.06361202002092
"7459","ENSG00000147027.3","female_placenta_early",1,4.0660955177822,1.1237239763589,3.61841128544502
"7466","ENSG00000171657.5","female_placenta_early",1,2.53753088427366,0.0995619804950234,25.4869466402438
"7468","ENSG00000069535.13","female_placenta_early",1,42.959104373133,5.79135932850097,7.41779294572842
"7469","ENSG00000124479.9","female_placenta_early",1,31.278564461809,1.51392895457801,20.6605233140069
"7484","ENSG00000017483.14","female_placenta_early",1,3.4283105481684,0.651415450220668,5.26286342610857
"7486","ENSG00000102312.21","female_placenta_early",1,76.8555722631288,8.3017617850084,9.25774242305015
"7491","ENSG00000102109.8","female_placenta_early",1,2.53001940883907,0.555067735930441,4.55803723593858
"7503","ENSG00000196368.4","female_placenta_early",1,1.76814131401453,0.131891778343301,13.4060010125289
"7528","ENSG00000089472.16","female_placenta_early",1,25.3338450301981,0.784167147416608,32.306690115314
"7535","ENSG00000130055.13","female_placenta_early",1,2.46619028038322,0.710427700263092,3.47141627426678
"7537","ENSG00000147168.12","female_placenta_early",1,1.03375165198632,0.228836705177981,4.5174206261286
"7538","ENSG00000169562.10","female_placenta_early",1,10.6869547650046,0.092751194010858,115.221748668308
"7541","ENSG00000186810.7","female_placenta_early",1,1.69483101648614,0.0563926747175465,30.0540987810035
"7550","ENSG00000102383.13","female_placenta_early",1,1.24174806023677,0.0979772330679747,12.6738429056806
"7555","ENSG00000147138.2","female_placenta_early",1,3.93337546684071,0.188853823440712,20.8276189233497
"7557","ENSG00000165259.13","female_placenta_early",1,1.67650862437981,0.391764967731614,4.27937350827227
"7559","ENSG00000102271.13","female_placenta_early",1,1.75726690753701,0.187609010423119,9.36664451016401
"7562","ENSG00000165194.15","female_placenta_early",1,4.41439335234498,0.886676491560577,4.97858395295393
"7567","ENSG00000126950.7","female_placenta_early",1,1.90315269901574,0.189417327077203,10.047405527162
"7569","ENSG00000102385.12","female_placenta_early",1,2.43626634843083,0.175812417435755,13.8571915679453
"7581","ENSG00000182916.7","female_placenta_early",1,2.35262671569309,0.345700891017798,6.80538227357929
"7592","ENSG00000197565.15","female_placenta_early",1,27.6849975415814,7.04917023405264,3.92741225170626
"7596","ENSG00000101938.14","female_placenta_early",1,131.79137367913,15.4670062445586,8.52080690957858
"7598","ENSG00000260802.1","female_placenta_early",1,6.07235639564197,1.73746362616541,3.49495454419595
"7601","ENSG00000003096.14","female_placenta_early",1,18.2624936803996,1.48213474634202,12.3217499120592
"7604","ENSG00000250423.2","female_placenta_early",1,2.6440632394329,0.780910153606189,3.38587381304085
"7617","ENSG00000125675.17","female_placenta_early",1,11.8072809494481,0.409092852828948,28.8621051866311
"7619","ENSG00000198889.4","female_placenta_early",1,1.13961409282234,0.0163362078813874,69.7600141413942
"7633","ENSG00000178947.8","female_placenta_early",1,3.27792956984444,0.391194285949157,8.37928795890047
"7638","ENSG00000182195.7","female_placenta_early",1,1.91465197310287,0.35806627497336,5.34719996527268
"7642","ENSG00000013619.13","female_placenta_early",1,4.85158079426111,0.929394520181097,5.2201521408968
"7643","ENSG00000268089.2","female_placenta_early",1,60.1728450397503,0.389892901871093,154.33172738201
"7650","ENSG00000130822.15","female_placenta_early",1,7.54011144578916,2.11121407023105,3.57145755710314
"7678","ENSG00000155962.12","female_placenta_early",1,6.94352369960242,1.46813904498544,4.72947281343593
